2025-08-11 04:51:02,807 - Knowledge - INFO - Redis support added with prefix knowledge:b413910:
2025-08-11 04:51:03,151 - Knowledge - INFO - load persisted knowledge: begin
2025-08-11 04:51:03,252 - Knowledge - INFO - load persisted knowledge: end
2025-08-11 04:51:03,353 - Knowledge - INFO - load persisted docinfo: begin
2025-08-11 04:51:03,446 - Knowledge - INFO - load persisted docinfo: end
2025-08-11 04:51:03,611 - Knowledge - INFO - worker kw1 created with dedicated MongoDB connection (total: 1)
2025-08-11 04:51:03,707 - Knowledge - INFO - knowledge worker kw1 start
2025-08-11 04:51:03,709 - Knowledge - INFO - worker kw2 created with dedicated MongoDB connection (total: 2)
2025-08-11 04:51:03,804 - Knowledge - INFO - worker kw1 pull /app/data/rdk7542/90219/b413910/webui-90219/cmpnt_build_custom_pre_arm.mk from ingest queue
2025-08-11 04:51:03,903 - Knowledge - INFO - knowledge worker kw2 start
2025-08-11 04:51:03,905 - Knowledge - INFO - worker kw3 created with dedicated MongoDB connection (total: 3)
2025-08-11 04:51:04,052 - Knowledge - INFO - process ingested knowledge for /app/data/rdk7542/90219/b413910/webui-90219/cmpnt_build_custom_pre_arm.mk
2025-08-11 04:51:04,119 - Knowledge - INFO - worker kw2 pull /app/data/rdk7542/90219/b413910/webui-90219/debug_scripts/cosalogs.sh from ingest queue
2025-08-11 04:51:04,229 - Knowledge - INFO - knowledge worker kw3 start
2025-08-11 04:51:04,231 - Knowledge - INFO - worker kw4 created with dedicated MongoDB connection (total: 4)
2025-08-11 04:51:04,315 - Knowledge - INFO - Found code-base-name: https://github.com/kavia-common/webui-90219.git:kavia-master
2025-08-11 04:51:04,438 - Knowledge - INFO - process ingested knowledge for /app/data/rdk7542/90219/b413910/webui-90219/debug_scripts/cosalogs.sh
2025-08-11 04:51:04,484 - Knowledge - INFO - worker kw3 pull /app/data/rdk7542/90219/b413910/webui-90219/source/Styles/xb6/code/network_setup.php from ingest queue
2025-08-11 04:51:04,573 - Knowledge - INFO - knowledge worker kw4 start
2025-08-11 04:51:04,575 - Knowledge - INFO - worker kw5 created with dedicated MongoDB connection (total: 5)
2025-08-11 04:51:04,678 - Knowledge - INFO - Found code_base: <app.utils.kg_build.knowledge.KnowledgeCodeBase object at 0x7fac6214f850>
2025-08-11 04:51:04,771 - Knowledge - INFO - Found code-base-name: https://github.com/kavia-common/webui-90219.git:kavia-master
2025-08-11 04:51:04,883 - Knowledge - INFO - process ingested knowledge for /app/data/rdk7542/90219/b413910/webui-90219/source/Styles/xb6/code/network_setup.php
2025-08-11 04:51:04,960 - Knowledge - INFO - worker kw4 pull /app/data/rdk7542/90219/b413910/webui-90219/source/Styles/xb6/code/restore_reboot.php from ingest queue
2025-08-11 04:51:05,047 - Knowledge - INFO - knowledge worker kw5 start
2025-08-11 04:51:05,049 - Knowledge - INFO - worker kw6 created with dedicated MongoDB connection (total: 6)
2025-08-11 04:51:05,156 - Knowledge - INFO - persist ingested knowledge for /app/data/rdk7542/90219/b413910/webui-90219/cmpnt_build_custom_pre_arm.mk
2025-08-11 04:51:05,242 - Knowledge - INFO - Found code_base: <app.utils.kg_build.knowledge.KnowledgeCodeBase object at 0x7fac6214f850>
2025-08-11 04:51:05,368 - Knowledge - INFO - Found code-base-name: https://github.com/kavia-common/webui-90219.git:kavia-master
2025-08-11 04:51:05,486 - Knowledge - INFO - process ingested knowledge for /app/data/rdk7542/90219/b413910/webui-90219/source/Styles/xb6/code/restore_reboot.php
2025-08-11 04:51:05,584 - Knowledge - INFO - worker kw5 pull /app/data/rdk7542/90219/b413910/webui-90219/source/Styles/xb6/code/wizard_step2.php from ingest queue
2025-08-11 04:51:05,709 - Knowledge - INFO - knowledge worker kw6 start
2025-08-11 04:51:05,711 - Knowledge - INFO - worker kw7 created with dedicated MongoDB connection (total: 7)
2025-08-11 04:51:05,883 - Knowledge - INFO - adding /app/data/rdk7542/90219/b413910/webui-90219/cmpnt_build_custom_pre_arm.mk to ingest queue
2025-08-11 04:51:05,922 - Knowledge - INFO - persist ingested knowledge for /app/data/rdk7542/90219/b413910/webui-90219/debug_scripts/cosalogs.sh
2025-08-11 04:51:06,000 - Knowledge - INFO - Found code_base: <app.utils.kg_build.knowledge.KnowledgeCodeBase object at 0x7fac6214f850>
2025-08-11 04:51:06,193 - Knowledge - INFO - process ingested knowledge for /app/data/rdk7542/90219/b413910/webui-90219/source/Styles/xb6/code/wizard_step2.php
2025-08-11 04:51:06,342 - Knowledge - INFO - knowledge worker kw7 start
2025-08-11 04:51:06,345 - Knowledge - INFO - worker kw8 created with dedicated MongoDB connection (total: 8)
2025-08-11 04:51:06,436 - Knowledge - INFO - Found code-base-name: https://github.com/kavia-common/webui-90219.git:kavia-master
2025-08-11 04:51:06,437 - Knowledge - INFO - worker kw6 pull /app/data/rdk7542/90219/b413910/webui-90219/source/Styles/xb6/code/wireless_network_configuration.php from ingest queue
2025-08-11 04:51:06,437 - Knowledge - INFO - worker kw1 pull /app/data/rdk7542/90219/b413910/webui-90219/source/Styles/xb6/code/actionHandler/ajaxSet_wireless_network_configuration_edit.php from ingest queue
2025-08-11 04:51:06,621 - Knowledge - INFO - adding /app/data/rdk7542/90219/b413910/webui-90219/debug_scripts/cosalogs.sh to ingest queue
2025-08-11 04:51:06,629 - Knowledge - INFO - persist ingested knowledge for /app/data/rdk7542/90219/b413910/webui-90219/source/Styles/xb6/code/network_setup.php
2025-08-11 04:51:06,916 - Knowledge - INFO - knowledge worker kw8 start
2025-08-11 04:51:06,917 - Knowledge - INFO - worker kw9 created with dedicated MongoDB connection (total: 9)
2025-08-11 04:51:07,012 - Knowledge - INFO - Found code_base: <app.utils.kg_build.knowledge.KnowledgeCodeBase object at 0x7fac6214f850>
2025-08-11 04:51:07,143 - Knowledge - INFO - process ingested knowledge for /app/data/rdk7542/90219/b413910/webui-90219/source/Styles/xb6/code/wireless_network_configuration.php
2025-08-11 04:51:07,259 - Knowledge - INFO - process ingested knowledge for /app/data/rdk7542/90219/b413910/webui-90219/source/Styles/xb6/code/actionHandler/ajaxSet_wireless_network_configuration_edit.php
2025-08-11 04:51:07,349 - Knowledge - INFO - Found code-base-name: https://github.com/kavia-common/webui-90219.git:kavia-master
2025-08-11 04:51:07,349 - Knowledge - INFO - worker kw7 pull /app/data/rdk7542/90219/b413910/webui-90219/source/Styles/xb6/code/actionHandler/ajaxSet_wireless_network_configuration.php from ingest queue
2025-08-11 04:51:07,349 - Knowledge - INFO - worker kw2 pull /app/data/rdk7542/90219/b413910/webui-90219/source/Styles/xb6/code/lan.php from ingest queue
2025-08-11 04:51:07,490 - Knowledge - INFO - adding /app/data/rdk7542/90219/b413910/webui-90219/source/Styles/xb6/code/network_setup.php to ingest queue
2025-08-11 04:51:07,625 - Knowledge - INFO - knowledge worker kw9 start
2025-08-11 04:51:07,627 - Knowledge - INFO - worker kw10 created with dedicated MongoDB connection (total: 10)
2025-08-11 04:51:07,734 - Knowledge - INFO - persist ingested knowledge for /app/data/rdk7542/90219/b413910/webui-90219/source/Styles/xb6/code/restore_reboot.php
2025-08-11 04:51:08,054 - Knowledge - INFO - Found code_base: <app.utils.kg_build.knowledge.KnowledgeCodeBase object at 0x7fac6214f850>
2025-08-11 04:51:08,178 - Knowledge - INFO - process ingested knowledge for /app/data/rdk7542/90219/b413910/webui-90219/source/Styles/xb6/code/actionHandler/ajaxSet_wireless_network_configuration.php
2025-08-11 04:51:08,241 - Knowledge - INFO - process ingested knowledge for /app/data/rdk7542/90219/b413910/webui-90219/source/Styles/xb6/code/lan.php
2025-08-11 04:51:08,296 - Knowledge - INFO - worker kw8 pull /app/data/rdk7542/90219/b413910/webui-90219/source/Styles/xb6/code/battery.php from ingest queue
2025-08-11 04:51:08,297 - Knowledge - INFO - Found code-base-name: https://github.com/kavia-common/webui-90219.git:kavia-master
2025-08-11 04:51:08,297 - Knowledge - INFO - Found code-base-name: https://github.com/kavia-common/webui-90219.git:kavia-master
2025-08-11 04:51:08,297 - Knowledge - INFO - worker kw3 pull /app/data/rdk7542/90219/b413910/webui-90219/source/Styles/xb6/code/wireless_network_configuration_edit.php from ingest queue
2025-08-11 04:51:08,412 - Knowledge - INFO - worker kw9 pull /app/data/rdk7542/90219/b413910/webui-90219/source/Styles/xb3/config/webgui.sh from ingest queue
2025-08-11 04:51:08,548 - Knowledge - INFO - knowledge worker kw10 start
2025-08-11 04:51:08,550 - Knowledge - INFO - worker kw11 created with dedicated MongoDB connection (total: 11)
2025-08-11 04:51:08,721 - Knowledge - INFO - adding /app/data/rdk7542/90219/b413910/webui-90219/source/Styles/xb6/code/restore_reboot.php to ingest queue
2025-08-11 04:51:08,731 - Knowledge - INFO - persist ingested knowledge for /app/data/rdk7542/90219/b413910/webui-90219/source/Styles/xb6/code/wizard_step2.php
2025-08-11 04:51:09,071 - Knowledge - INFO - process ingested knowledge for /app/data/rdk7542/90219/b413910/webui-90219/source/Styles/xb6/code/battery.php
2025-08-11 04:51:09,118 - Knowledge - INFO - Found code_base: <app.utils.kg_build.knowledge.KnowledgeCodeBase object at 0x7fac6214f850>
2025-08-11 04:51:09,235 - Knowledge - INFO - Found code_base: <app.utils.kg_build.knowledge.KnowledgeCodeBase object at 0x7fac6214f850>
2025-08-11 04:51:09,371 - Knowledge - INFO - process ingested knowledge for /app/data/rdk7542/90219/b413910/webui-90219/source/Styles/xb6/code/wireless_network_configuration_edit.php
2025-08-11 04:51:09,495 - Knowledge - INFO - process ingested knowledge for /app/data/rdk7542/90219/b413910/webui-90219/source/Styles/xb3/config/webgui.sh
2025-08-11 04:51:09,632 - Knowledge - INFO - knowledge worker kw11 start
2025-08-11 04:51:09,635 - Knowledge - INFO - worker kw12 created with dedicated MongoDB connection (total: 12)
2025-08-11 04:51:09,721 - Knowledge - INFO - Found code-base-name: https://github.com/kavia-common/webui-90219.git:kavia-master
2025-08-11 04:51:09,721 - Knowledge - INFO - Found code-base-name: https://github.com/kavia-common/webui-90219.git:kavia-master
2025-08-11 04:51:09,722 - Knowledge - INFO - worker kw10 pull /app/data/rdk7542/90219/b413910/webui-90219/source/Styles/xb3/config/php.ini from ingest queue
2025-08-11 04:51:09,722 - Knowledge - INFO - worker kw4 pull /app/data/rdk7542/90219/b413910/webui-90219/source/Styles/xb3/walled_garden/parcon/siteblk/index.php from ingest queue
2025-08-11 04:51:09,909 - Knowledge - INFO - adding /app/data/rdk7542/90219/b413910/webui-90219/source/Styles/xb6/code/wizard_step2.php to ingest queue
2025-08-11 04:51:10,055 - Knowledge - INFO - persist ingested knowledge for /app/data/rdk7542/90219/b413910/webui-90219/source/Styles/xb6/code/wireless_network_configuration.php
2025-08-11 04:51:10,168 - Knowledge - INFO - persist ingested knowledge for /app/data/rdk7542/90219/b413910/webui-90219/source/Styles/xb6/code/actionHandler/ajaxSet_wireless_network_configuration_edit.php
2025-08-11 04:51:10,531 - Knowledge - INFO - knowledge worker kw12 start
2025-08-11 04:51:10,534 - Knowledge - INFO - worker kw13 created with dedicated MongoDB connection (total: 13)
2025-08-11 04:51:10,641 - Knowledge - INFO - Found code_base: <app.utils.kg_build.knowledge.KnowledgeCodeBase object at 0x7fac6214f850>
2025-08-11 04:51:10,745 - Knowledge - INFO - Found code_base: <app.utils.kg_build.knowledge.KnowledgeCodeBase object at 0x7fac6214f850>
2025-08-11 04:51:11,581 - Knowledge - INFO - persist ingested knowledge for /app/data/rdk7542/90219/b413910/webui-90219/source/Styles/xb6/code/lan.php
2025-08-11 04:51:10,940 - Knowledge - INFO - process ingested knowledge for /app/data/rdk7542/90219/b413910/webui-90219/source/Styles/xb3/walled_garden/parcon/siteblk/index.php
2025-08-11 04:51:11,026 - Knowledge - INFO - Found code-base-name: https://github.com/kavia-common/webui-90219.git:kavia-master
2025-08-11 04:51:11,026 - Knowledge - INFO - Found code-base-name: https://github.com/kavia-common/webui-90219.git:kavia-master
2025-08-11 04:51:11,026 - Knowledge - INFO - Found code-base-name: https://github.com/kavia-common/webui-90219.git:kavia-master
2025-08-11 04:51:11,026 - Knowledge - INFO - worker kw11 pull /app/data/rdk7542/90219/b413910/webui-90219/source/Styles/xb3/code/network_setup.php from ingest queue
2025-08-11 04:51:11,026 - Knowledge - INFO - worker kw5 pull /app/data/rdk7542/90219/b413910/webui-90219/source/Styles/xb3/code/firewall_settings_ipv6.php from ingest queue
2025-08-11 04:51:11,201 - Knowledge - INFO - adding /app/data/rdk7542/90219/b413910/webui-90219/source/Styles/xb6/code/wireless_network_configuration.php to ingest queue
2025-08-11 04:51:11,399 - Knowledge - INFO - knowledge worker kw13 start
2025-08-11 04:51:11,401 - Knowledge - INFO - worker kw14 created with dedicated MongoDB connection (total: 14)
2025-08-11 04:51:11,482 - Knowledge - INFO - persist ingested knowledge for /app/data/rdk7542/90219/b413910/webui-90219/source/Styles/xb6/code/actionHandler/ajaxSet_wireless_network_configuration.php
2025-08-11 04:51:10,865 - Knowledge - INFO - process ingested knowledge for /app/data/rdk7542/90219/b413910/webui-90219/source/Styles/xb3/config/php.ini
2025-08-11 04:51:11,876 - Knowledge - INFO - Found code_base: <app.utils.kg_build.knowledge.KnowledgeCodeBase object at 0x7fac6214f850>
2025-08-11 04:51:11,987 - Knowledge - INFO - Found code_base: <app.utils.kg_build.knowledge.KnowledgeCodeBase object at 0x7fac6214f850>
2025-08-11 04:51:12,085 - Knowledge - INFO - Found code_base: <app.utils.kg_build.knowledge.KnowledgeCodeBase object at 0x7fac6214f850>
2025-08-11 04:51:12,213 - Knowledge - INFO - process ingested knowledge for /app/data/rdk7542/90219/b413910/webui-90219/source/Styles/xb3/code/network_setup.php
2025-08-11 04:51:12,334 - Knowledge - INFO - process ingested knowledge for /app/data/rdk7542/90219/b413910/webui-90219/source/Styles/xb3/code/firewall_settings_ipv6.php
2025-08-11 04:51:12,493 - Knowledge - INFO - worker kw12 pull /app/data/rdk7542/90219/b413910/webui-90219/source/Styles/xb3/code/local_ip_configuration.php from ingest queue
2025-08-11 04:51:12,550 - Knowledge - INFO - Found code-base-name: https://github.com/kavia-common/webui-90219.git:kavia-master
2025-08-11 04:51:13,569 - Knowledge - INFO - Found code_base: <app.utils.kg_build.knowledge.KnowledgeCodeBase object at 0x7fac6214f850>
2025-08-11 04:51:12,550 - Knowledge - INFO - adding /app/data/rdk7542/90219/b413910/webui-90219/source/Styles/xb6/code/actionHandler/ajaxSet_wireless_network_configuration_edit.php to ingest queue
2025-08-11 04:51:12,627 - Knowledge - INFO - knowledge worker kw14 start
2025-08-11 04:51:12,629 - Knowledge - INFO - worker kw15 created with dedicated MongoDB connection (total: 15)
2025-08-11 04:51:12,929 - Knowledge - INFO - persist ingested knowledge for /app/data/rdk7542/90219/b413910/webui-90219/source/Styles/xb6/code/battery.php
2025-08-11 04:51:13,089 - Knowledge - INFO - persist ingested knowledge for /app/data/rdk7542/90219/b413910/webui-90219/source/Styles/xb6/code/wireless_network_configuration_edit.php
2025-08-11 04:51:13,179 - Knowledge - INFO - persist ingested knowledge for /app/data/rdk7542/90219/b413910/webui-90219/source/Styles/xb3/config/webgui.sh
2025-08-11 04:51:13,476 - Knowledge - INFO - process ingested knowledge for /app/data/rdk7542/90219/b413910/webui-90219/source/Styles/xb3/code/local_ip_configuration.php
2025-08-11 04:51:12,550 - Knowledge - INFO - worker kw6 pull /app/data/rdk7542/90219/b413910/webui-90219/source/Styles/xb3/code/test/video_analytics.php from ingest queue
2025-08-11 04:51:13,648 - Knowledge - INFO - persist ingested knowledge for /app/data/rdk7542/90219/b413910/webui-90219/source/Styles/xb3/walled_garden/parcon/siteblk/index.php
2025-08-11 04:51:13,724 - Knowledge - INFO - adding /app/data/rdk7542/90219/b413910/webui-90219/source/Styles/xb6/code/lan.php to ingest queue
2025-08-11 04:51:13,876 - Knowledge - INFO - knowledge worker kw15 start
2025-08-11 04:51:13,878 - Knowledge - INFO - worker kw16 created with dedicated MongoDB connection (total: 16)
2025-08-11 04:51:14,469 - Knowledge - INFO - process ingested knowledge for /app/data/rdk7542/90219/b413910/webui-90219/source/Styles/xb3/code/test/video_analytics.php
2025-08-11 04:51:14,629 - Knowledge - INFO - worker kw13 pull /app/data/rdk7542/90219/b413910/webui-90219/source/Styles/xb3/code/home_loggedout.php from ingest queue
2025-08-11 04:51:14,688 - Knowledge - INFO - Found code-base-name: https://github.com/kavia-common/webui-90219.git:kavia-master
2025-08-11 04:51:14,688 - Knowledge - INFO - Found code-base-name: https://github.com/kavia-common/webui-90219.git:kavia-master
2025-08-11 04:51:14,688 - Knowledge - INFO - Found code-base-name: https://github.com/kavia-common/webui-90219.git:kavia-master
2025-08-11 04:51:14,688 - Knowledge - INFO - worker kw1 pull /app/data/rdk7542/90219/b413910/webui-90219/source/Styles/xb3/code/network_diagnostic_tools.php from ingest queue
2025-08-11 04:51:14,852 - Knowledge - INFO - Found code-base-name: https://github.com/kavia-common/webui-90219.git:kavia-master
2025-08-11 04:51:14,863 - Knowledge - INFO - knowledge worker kw16 start
2025-08-11 04:51:14,864 - Knowledge - INFO - worker kw17 created with dedicated MongoDB connection (total: 17)
2025-08-11 04:51:14,913 - Knowledge - INFO - worker kw2 pull /app/data/rdk7542/90219/b413910/webui-90219/source/Styles/xb3/code/restore_reboot.php from ingest queue
2025-08-11 04:51:14,913 - Knowledge - INFO - adding /app/data/rdk7542/90219/b413910/webui-90219/source/Styles/xb6/code/actionHandler/ajaxSet_wireless_network_configuration.php to ingest queue
2025-08-11 04:51:15,112 - Knowledge - INFO - process ingested knowledge for /app/data/rdk7542/90219/b413910/webui-90219/source/Styles/xb3/code/home_loggedout.php
2025-08-11 04:51:15,162 - Knowledge - INFO - Found code_base: <app.utils.kg_build.knowledge.KnowledgeCodeBase object at 0x7fac6214f850>
2025-08-11 04:51:15,248 - Knowledge - INFO - Found code_base: <app.utils.kg_build.knowledge.KnowledgeCodeBase object at 0x7fac6214f850>
2025-08-11 04:51:15,370 - Knowledge - INFO - Found code_base: <app.utils.kg_build.knowledge.KnowledgeCodeBase object at 0x7fac6214f850>
2025-08-11 04:51:15,487 - Knowledge - INFO - process ingested knowledge for /app/data/rdk7542/90219/b413910/webui-90219/source/Styles/xb3/code/network_diagnostic_tools.php
2025-08-11 04:51:15,567 - Knowledge - INFO - Found code_base: <app.utils.kg_build.knowledge.KnowledgeCodeBase object at 0x7fac6214f850>
2025-08-11 04:51:15,781 - Knowledge - INFO - knowledge worker kw17 start
2025-08-11 04:51:15,783 - Knowledge - INFO - worker kw18 created with dedicated MongoDB connection (total: 18)
2025-08-11 04:51:15,907 - Knowledge - INFO - process ingested knowledge for /app/data/rdk7542/90219/b413910/webui-90219/source/Styles/xb3/code/restore_reboot.php
2025-08-11 04:51:16,002 - Knowledge - INFO - adding /app/data/rdk7542/90219/b413910/webui-90219/source/Styles/xb6/code/battery.php to ingest queue
2025-08-11 04:51:16,215 - Knowledge - INFO - persist ingested knowledge for /app/data/rdk7542/90219/b413910/webui-90219/source/Styles/xb3/config/php.ini
2025-08-11 04:51:16,305 - Knowledge - INFO - persist ingested knowledge for /app/data/rdk7542/90219/b413910/webui-90219/source/Styles/xb3/code/network_setup.php
2025-08-11 04:51:16,409 - Knowledge - INFO - persist ingested knowledge for /app/data/rdk7542/90219/b413910/webui-90219/source/Styles/xb3/code/firewall_settings_ipv6.php
2025-08-11 04:51:16,633 - Knowledge - INFO - persist ingested knowledge for /app/data/rdk7542/90219/b413910/webui-90219/source/Styles/xb3/code/local_ip_configuration.php
2025-08-11 04:51:16,830 - Knowledge - INFO - knowledge worker kw18 start
2025-08-11 04:51:16,832 - Knowledge - INFO - worker kw19 created with dedicated MongoDB connection (total: 19)
2025-08-11 04:51:17,047 - Knowledge - INFO - worker kw15 pull /app/data/rdk7542/90219/b413910/webui-90219/source/Styles/xb3/code/check.php from ingest queue
2025-08-11 04:51:17,048 - Knowledge - INFO - adding /app/data/rdk7542/90219/b413910/webui-90219/source/Styles/xb6/code/wireless_network_configuration_edit.php to ingest queue
2025-08-11 04:51:17,666 - Knowledge - INFO - knowledge worker kw19 start
2025-08-11 04:51:17,668 - Knowledge - INFO - worker kw20 created with dedicated MongoDB connection (total: 20)
2025-08-11 04:51:17,780 - Knowledge - INFO - process ingested knowledge for /app/data/rdk7542/90219/b413910/webui-90219/source/Styles/xb3/code/check.php
2025-08-11 04:51:17,835 - Knowledge - INFO - adding /app/data/rdk7542/90219/b413910/webui-90219/source/Styles/xb3/config/webgui.sh to ingest queue
2025-08-11 04:51:18,015 - Knowledge - INFO - knowledge worker kw20 start
2025-08-11 04:51:18,018 - Knowledge - WARNING - High connection count: 21 connections active
2025-08-11 04:51:18,226 - Knowledge - INFO - adding /app/data/rdk7542/90219/b413910/webui-90219/source/Styles/xb3/walled_garden/parcon/siteblk/index.php to ingest queue
2025-08-11 04:51:18,445 - Knowledge - INFO - worker kw21 created with dedicated MongoDB connection (total: 21)
2025-08-11 04:51:18,533 - Knowledge - INFO - worker kw14 pull /app/data/rdk7542/90219/b413910/webui-90219/source/Styles/xb3/code/port_triggering_add.php from ingest queue
2025-08-11 04:51:18,534 - Knowledge - INFO - Found code-base-name: https://github.com/kavia-common/webui-90219.git:kavia-master
2025-08-11 04:51:18,534 - Knowledge - INFO - worker kw16 pull /app/data/rdk7542/90219/b413910/webui-90219/source/Styles/xb3/code/connected_devices_computers_add.php from ingest queue
2025-08-11 04:51:18,534 - Knowledge - INFO - Found code-base-name: https://github.com/kavia-common/webui-90219.git:kavia-master
2025-08-11 04:51:18,534 - Knowledge - INFO - Found code-base-name: https://github.com/kavia-common/webui-90219.git:kavia-master
2025-08-11 04:51:19,133 - Knowledge - INFO - Found code_base: <app.utils.kg_build.knowledge.KnowledgeCodeBase object at 0x7fac6214f850>
2025-08-11 04:51:18,534 - Knowledge - INFO - Found code-base-name: https://github.com/kavia-common/webui-90219.git:kavia-master
2025-08-11 04:51:18,534 - Knowledge - INFO - worker kw8 pull /app/data/rdk7542/90219/b413910/webui-90219/source/Styles/xb3/code/network_storage.php from ingest queue
2025-08-11 04:51:18,652 - Knowledge - INFO - knowledge worker kw21 start
2025-08-11 04:51:18,656 - Knowledge - WARNING - High connection count: 22 connections active
2025-08-11 04:51:18,719 - Knowledge - INFO - worker kw18 pull /app/data/rdk7542/90219/b413910/webui-90219/source/Styles/xb3/code/at_a_glance.php from ingest queue
2025-08-11 04:51:18,719 - Knowledge - INFO - worker kw3 pull /app/data/rdk7542/90219/b413910/webui-90219/source/Styles/xb3/code/wizard_step2.php from ingest queue
2025-08-11 04:51:18,719 - Knowledge - INFO - worker kw19 pull /app/data/rdk7542/90219/b413910/webui-90219/source/Styles/xb3/code/hardware.php from ingest queue
2025-08-11 04:51:18,720 - Knowledge - INFO - worker kw9 pull /app/data/rdk7542/90219/b413910/webui-90219/source/Styles/xb3/code/captiveportal.php from ingest queue
2025-08-11 04:51:18,720 - Knowledge - INFO - worker kw20 pull /app/data/rdk7542/90219/b413910/webui-90219/source/Styles/xb3/code/wireless_network_configuration.php from ingest queue
2025-08-11 04:51:18,720 - Knowledge - INFO - worker kw7 pull /app/data/rdk7542/90219/b413910/webui-90219/source/Styles/xb3/code/hs_port_forwarding_edit.php from ingest queue
2025-08-11 04:51:18,795 - Knowledge - INFO - adding /app/data/rdk7542/90219/b413910/webui-90219/source/Styles/xb3/config/php.ini to ingest queue
2025-08-11 04:51:18,798 - Knowledge - INFO - process ingested knowledge for /app/data/rdk7542/90219/b413910/webui-90219/source/Styles/xb3/code/port_triggering_add.php
2025-08-11 04:51:18,848 - Knowledge - INFO - Found code_base: <app.utils.kg_build.knowledge.KnowledgeCodeBase object at 0x7fac6214f850>
2025-08-11 04:51:18,998 - Knowledge - INFO - process ingested knowledge for /app/data/rdk7542/90219/b413910/webui-90219/source/Styles/xb3/code/connected_devices_computers_add.php
2025-08-11 04:51:19,045 - Knowledge - INFO - Found code_base: <app.utils.kg_build.knowledge.KnowledgeCodeBase object at 0x7fac6214f850>
2025-08-11 04:51:18,534 - Knowledge - INFO - worker kw17 pull /app/data/rdk7542/90219/b413910/webui-90219/source/Styles/xb3/code/dynamic_dns_edit.php from ingest queue
2025-08-11 04:51:19,244 - Knowledge - INFO - persist ingested knowledge for /app/data/rdk7542/90219/b413910/webui-90219/source/Styles/xb3/code/network_diagnostic_tools.php
2025-08-11 04:51:19,345 - Knowledge - INFO - Found code_base: <app.utils.kg_build.knowledge.KnowledgeCodeBase object at 0x7fac6214f850>
2025-08-11 04:51:19,474 - Knowledge - INFO - process ingested knowledge for /app/data/rdk7542/90219/b413910/webui-90219/source/Styles/xb3/code/network_storage.php
2025-08-11 04:51:19,642 - Knowledge - INFO - worker kw22 created with dedicated MongoDB connection (total: 22)
2025-08-11 04:51:19,764 - Knowledge - INFO - process ingested knowledge for /app/data/rdk7542/90219/b413910/webui-90219/source/Styles/xb3/code/at_a_glance.php
2025-08-11 04:51:19,867 - Knowledge - INFO - process ingested knowledge for /app/data/rdk7542/90219/b413910/webui-90219/source/Styles/xb3/code/wizard_step2.php
2025-08-11 04:51:19,947 - Knowledge - INFO - process ingested knowledge for /app/data/rdk7542/90219/b413910/webui-90219/source/Styles/xb3/code/hardware.php
2025-08-11 04:51:20,058 - Knowledge - INFO - process ingested knowledge for /app/data/rdk7542/90219/b413910/webui-90219/source/Styles/xb3/code/captiveportal.php
2025-08-11 04:51:20,131 - Knowledge - INFO - process ingested knowledge for /app/data/rdk7542/90219/b413910/webui-90219/source/Styles/xb3/code/wireless_network_configuration.php
2025-08-11 04:51:20,241 - Knowledge - INFO - process ingested knowledge for /app/data/rdk7542/90219/b413910/webui-90219/source/Styles/xb3/code/hs_port_forwarding_edit.php
2025-08-11 04:51:20,308 - Knowledge - INFO - adding /app/data/rdk7542/90219/b413910/webui-90219/source/Styles/xb3/code/firewall_settings_ipv6.php to ingest queue
2025-08-11 04:51:20,508 - Knowledge - INFO - persist ingested knowledge for /app/data/rdk7542/90219/b413910/webui-90219/source/Styles/xb3/code/test/video_analytics.php
2025-08-11 04:51:20,724 - Knowledge - INFO - persist ingested knowledge for /app/data/rdk7542/90219/b413910/webui-90219/source/Styles/xb3/code/home_loggedout.php
2025-08-11 04:51:20,857 - Knowledge - INFO - process ingested knowledge for /app/data/rdk7542/90219/b413910/webui-90219/source/Styles/xb3/code/dynamic_dns_edit.php
2025-08-11 04:51:21,026 - Knowledge - INFO - persist ingested knowledge for /app/data/rdk7542/90219/b413910/webui-90219/source/Styles/xb3/code/restore_reboot.php
2025-08-11 04:51:21,239 - Knowledge - INFO - knowledge worker kw22 start
2025-08-11 04:51:21,241 - Knowledge - WARNING - High connection count: 23 connections active
2025-08-11 04:51:21,920 - Knowledge - INFO - adding /app/data/rdk7542/90219/b413910/webui-90219/source/Styles/xb3/code/local_ip_configuration.php to ingest queue
2025-08-11 04:51:22,507 - Knowledge - INFO - worker kw23 created with dedicated MongoDB connection (total: 23)
2025-08-11 04:51:22,598 - Knowledge - INFO - Found code-base-name: https://github.com/kavia-common/webui-90219.git:kavia-master
2025-08-11 04:51:22,599 - Knowledge - INFO - worker kw4 pull /app/data/rdk7542/90219/b413910/webui-90219/source/Styles/xb3/code/status-404.html from ingest queue
2025-08-11 04:51:22,599 - Knowledge - INFO - worker kw21 pull /app/data/rdk7542/90219/b413910/webui-90219/source/Styles/xb3/code/actionHandler/ajax_port_forwarding.php from ingest queue
2025-08-11 04:51:22,599 - Knowledge - INFO - worker kw10 pull /app/data/rdk7542/90219/b413910/webui-90219/source/Styles/xb3/code/actionHandler/ajax_moca_diagnostics.php from ingest queue
2025-08-11 04:51:22,600 - Knowledge - INFO - Found code-base-name: https://github.com/kavia-common/webui-90219.git:kavia-master
2025-08-11 04:51:22,659 - Knowledge - INFO - Found code-base-name: https://github.com/kavia-common/webui-90219.git:kavia-master
2025-08-11 04:51:22,659 - Knowledge - INFO - Found code-base-name: https://github.com/kavia-common/webui-90219.git:kavia-master
2025-08-11 04:51:22,659 - Knowledge - INFO - Found code-base-name: https://github.com/kavia-common/webui-90219.git:kavia-master
2025-08-11 04:51:22,659 - Knowledge - INFO - Found code-base-name: https://github.com/kavia-common/webui-90219.git:kavia-master
2025-08-11 04:51:22,659 - Knowledge - INFO - Found code-base-name: https://github.com/kavia-common/webui-90219.git:kavia-master
2025-08-11 04:51:22,659 - Knowledge - INFO - Found code-base-name: https://github.com/kavia-common/webui-90219.git:kavia-master
2025-08-11 04:51:22,659 - Knowledge - INFO - Found code-base-name: https://github.com/kavia-common/webui-90219.git:kavia-master
2025-08-11 04:51:22,660 - Knowledge - INFO - worker kw5 pull /app/data/rdk7542/90219/b413910/webui-90219/source/Styles/xb3/code/actionHandler/ajaxSet_firewall_config.php from ingest queue
2025-08-11 04:51:22,674 - Knowledge - INFO - knowledge worker kw23 start
2025-08-11 04:51:22,677 - Knowledge - WARNING - High connection count: 24 connections active
2025-08-11 04:51:22,719 - Knowledge - INFO - Found code-base-name: https://github.com/kavia-common/webui-90219.git:kavia-master
2025-08-11 04:51:22,778 - Knowledge - INFO - worker kw22 pull /app/data/rdk7542/90219/b413910/webui-90219/source/Styles/xb3/code/actionHandler/ajaxSet_index_userbar.php from ingest queue
2025-08-11 04:51:22,779 - Knowledge - INFO - worker kw12 pull /app/data/rdk7542/90219/b413910/webui-90219/source/Styles/xb3/code/actionHandler/ajaxSet_Battery.php from ingest queue
2025-08-11 04:51:22,779 - Knowledge - INFO - adding /app/data/rdk7542/90219/b413910/webui-90219/source/Styles/xb3/code/network_setup.php to ingest queue
2025-08-11 04:51:22,785 - Knowledge - INFO - Found code_base: <app.utils.kg_build.knowledge.KnowledgeCodeBase object at 0x7fac6214f850>
2025-08-11 04:51:22,934 - Knowledge - INFO - process ingested knowledge for /app/data/rdk7542/90219/b413910/webui-90219/source/Styles/xb3/code/status-404.html
2025-08-11 04:51:23,008 - Knowledge - INFO - process ingested knowledge for /app/data/rdk7542/90219/b413910/webui-90219/source/Styles/xb3/code/actionHandler/ajax_port_forwarding.php
2025-08-11 04:51:23,125 - Knowledge - INFO - process ingested knowledge for /app/data/rdk7542/90219/b413910/webui-90219/source/Styles/xb3/code/actionHandler/ajax_moca_diagnostics.php
2025-08-11 04:51:23,164 - Knowledge - INFO - Found code_base: <app.utils.kg_build.knowledge.KnowledgeCodeBase object at 0x7fac6214f850>
2025-08-11 04:51:23,250 - Knowledge - INFO - Found code_base: <app.utils.kg_build.knowledge.KnowledgeCodeBase object at 0x7fac6214f850>
2025-08-11 04:51:23,348 - Knowledge - INFO - Found code_base: <app.utils.kg_build.knowledge.KnowledgeCodeBase object at 0x7fac6214f850>
2025-08-11 04:51:23,427 - Knowledge - INFO - Found code_base: <app.utils.kg_build.knowledge.KnowledgeCodeBase object at 0x7fac6214f850>
2025-08-11 04:51:23,552 - Knowledge - INFO - Found code_base: <app.utils.kg_build.knowledge.KnowledgeCodeBase object at 0x7fac6214f850>
2025-08-11 04:51:23,644 - Knowledge - INFO - Found code_base: <app.utils.kg_build.knowledge.KnowledgeCodeBase object at 0x7fac6214f850>
2025-08-11 04:51:23,744 - Knowledge - INFO - Found code_base: <app.utils.kg_build.knowledge.KnowledgeCodeBase object at 0x7fac6214f850>
2025-08-11 04:51:23,838 - Knowledge - INFO - Found code_base: <app.utils.kg_build.knowledge.KnowledgeCodeBase object at 0x7fac6214f850>
2025-08-11 04:51:24,004 - Knowledge - INFO - process ingested knowledge for /app/data/rdk7542/90219/b413910/webui-90219/source/Styles/xb3/code/actionHandler/ajaxSet_firewall_config.php
2025-08-11 04:51:24,173 - Knowledge - INFO - worker kw24 created with dedicated MongoDB connection (total: 24)
2025-08-11 04:51:24,253 - Knowledge - INFO - Found code_base: <app.utils.kg_build.knowledge.KnowledgeCodeBase object at 0x7fac6214f850>
2025-08-11 04:51:24,380 - Knowledge - INFO - process ingested knowledge for /app/data/rdk7542/90219/b413910/webui-90219/source/Styles/xb3/code/actionHandler/ajaxSet_index_userbar.php
2025-08-11 04:51:24,475 - Knowledge - INFO - process ingested knowledge for /app/data/rdk7542/90219/b413910/webui-90219/source/Styles/xb3/code/actionHandler/ajaxSet_Battery.php
2025-08-11 04:51:24,567 - Knowledge - INFO - adding /app/data/rdk7542/90219/b413910/webui-90219/source/Styles/xb3/code/network_diagnostic_tools.php to ingest queue
2025-08-11 04:51:24,691 - Knowledge - INFO - persist ingested knowledge for /app/data/rdk7542/90219/b413910/webui-90219/source/Styles/xb3/code/check.php
2025-08-11 04:51:25,111 - Knowledge - INFO - persist ingested knowledge for /app/data/rdk7542/90219/b413910/webui-90219/source/Styles/xb3/code/port_triggering_add.php
2025-08-11 04:51:25,198 - Knowledge - INFO - persist ingested knowledge for /app/data/rdk7542/90219/b413910/webui-90219/source/Styles/xb3/code/network_storage.php
2025-08-11 04:51:25,321 - Knowledge - INFO - persist ingested knowledge for /app/data/rdk7542/90219/b413910/webui-90219/source/Styles/xb3/code/at_a_glance.php
2025-08-11 04:51:25,436 - Knowledge - INFO - persist ingested knowledge for /app/data/rdk7542/90219/b413910/webui-90219/source/Styles/xb3/code/wizard_step2.php
2025-08-11 04:51:25,516 - Knowledge - INFO - persist ingested knowledge for /app/data/rdk7542/90219/b413910/webui-90219/source/Styles/xb3/code/hardware.php
2025-08-11 04:51:25,618 - Knowledge - INFO - persist ingested knowledge for /app/data/rdk7542/90219/b413910/webui-90219/source/Styles/xb3/code/captiveportal.php
2025-08-11 04:51:25,736 - Knowledge - INFO - persist ingested knowledge for /app/data/rdk7542/90219/b413910/webui-90219/source/Styles/xb3/code/wireless_network_configuration.php
2025-08-11 04:51:25,837 - Knowledge - INFO - persist ingested knowledge for /app/data/rdk7542/90219/b413910/webui-90219/source/Styles/xb3/code/hs_port_forwarding_edit.php
2025-08-11 04:51:26,041 - Knowledge - INFO - knowledge worker kw24 start
2025-08-11 04:51:26,043 - Knowledge - WARNING - High connection count: 25 connections active
2025-08-11 04:51:26,122 - Knowledge - INFO - persist ingested knowledge for /app/data/rdk7542/90219/b413910/webui-90219/source/Styles/xb3/code/dynamic_dns_edit.php
2025-08-11 04:51:26,474 - Knowledge - INFO - adding /app/data/rdk7542/90219/b413910/webui-90219/source/Styles/xb3/code/test/video_analytics.php to ingest queue
2025-08-11 04:51:27,627 - Knowledge - INFO - worker kw25 created with dedicated MongoDB connection (total: 25)
2025-08-11 04:51:27,852 - Knowledge - INFO - adding /app/data/rdk7542/90219/b413910/webui-90219/source/Styles/xb3/code/restore_reboot.php to ingest queue
2025-08-11 04:51:27,936 - Knowledge - INFO - knowledge worker kw25 start
2025-08-11 04:51:28,044 - Knowledge - INFO - Found code-base-name: https://github.com/kavia-common/webui-90219.git:kavia-master
2025-08-11 04:51:28,045 - Knowledge - INFO - worker kw23 pull /app/data/rdk7542/90219/b413910/webui-90219/source/Styles/xb3/code/actionHandler/ajaxSet_wireless_network_configuration_edit.php from ingest queue
2025-08-11 04:51:28,045 - Knowledge - INFO - worker kw11 pull /app/data/rdk7542/90219/b413910/webui-90219/source/Styles/xb3/code/actionHandler/ajax_managed_devices.php from ingest queue
2025-08-11 04:51:28,045 - Knowledge - INFO - Found code-base-name: https://github.com/kavia-common/webui-90219.git:kavia-master
2025-08-11 04:51:28,046 - Knowledge - INFO - Found code-base-name: https://github.com/kavia-common/webui-90219.git:kavia-master
2025-08-11 04:51:28,046 - Knowledge - INFO - Found code-base-name: https://github.com/kavia-common/webui-90219.git:kavia-master
2025-08-11 04:51:28,046 - Knowledge - INFO - Found code-base-name: https://github.com/kavia-common/webui-90219.git:kavia-master
2025-08-11 04:51:28,046 - Knowledge - INFO - Found code-base-name: https://github.com/kavia-common/webui-90219.git:kavia-master
2025-08-11 04:51:28,046 - Knowledge - INFO - worker kw1 pull /app/data/rdk7542/90219/b413910/webui-90219/source/Styles/xb3/code/actionHandler/ajaxSet_qos.php from ingest queue
2025-08-11 04:51:28,046 - Knowledge - INFO - adding /app/data/rdk7542/90219/b413910/webui-90219/source/Styles/xb3/code/home_loggedout.php to ingest queue
2025-08-11 04:51:28,265 - Knowledge - INFO - Found code_base: <app.utils.kg_build.knowledge.KnowledgeCodeBase object at 0x7fac6214f850>
2025-08-11 04:51:28,404 - Knowledge - INFO - process ingested knowledge for /app/data/rdk7542/90219/b413910/webui-90219/source/Styles/xb3/code/actionHandler/ajaxSet_wireless_network_configuration_edit.php
2025-08-11 04:51:28,525 - Knowledge - INFO - process ingested knowledge for /app/data/rdk7542/90219/b413910/webui-90219/source/Styles/xb3/code/actionHandler/ajax_managed_devices.php
2025-08-11 04:51:28,577 - Knowledge - INFO - Found code_base: <app.utils.kg_build.knowledge.KnowledgeCodeBase object at 0x7fac6214f850>
2025-08-11 04:51:28,693 - Knowledge - INFO - Found code_base: <app.utils.kg_build.knowledge.KnowledgeCodeBase object at 0x7fac6214f850>
2025-08-11 04:51:28,781 - Knowledge - INFO - Found code_base: <app.utils.kg_build.knowledge.KnowledgeCodeBase object at 0x7fac6214f850>
2025-08-11 04:51:28,900 - Knowledge - INFO - Found code_base: <app.utils.kg_build.knowledge.KnowledgeCodeBase object at 0x7fac6214f850>
2025-08-11 04:51:29,007 - Knowledge - INFO - Found code_base: <app.utils.kg_build.knowledge.KnowledgeCodeBase object at 0x7fac6214f850>
2025-08-11 04:51:29,125 - Knowledge - INFO - process ingested knowledge for /app/data/rdk7542/90219/b413910/webui-90219/source/Styles/xb3/code/actionHandler/ajaxSet_qos.php
2025-08-11 04:51:29,287 - Knowledge - INFO - persist ingested knowledge for /app/data/rdk7542/90219/b413910/webui-90219/source/Styles/xb3/code/connected_devices_computers_add.php
2025-08-11 04:51:29,592 - Knowledge - INFO - persist ingested knowledge for /app/data/rdk7542/90219/b413910/webui-90219/source/Styles/xb3/code/status-404.html
2025-08-11 04:51:29,665 - Knowledge - INFO - adding /app/data/rdk7542/90219/b413910/webui-90219/source/Styles/xb3/code/hs_port_forwarding_edit.php to ingest queue
2025-08-11 04:51:29,720 - Knowledge - INFO - persist ingested knowledge for /app/data/rdk7542/90219/b413910/webui-90219/source/Styles/xb3/code/actionHandler/ajax_moca_diagnostics.php
2025-08-11 04:51:29,804 - Knowledge - INFO - persist ingested knowledge for /app/data/rdk7542/90219/b413910/webui-90219/source/Styles/xb3/code/actionHandler/ajaxSet_firewall_config.php
2025-08-11 04:51:29,918 - Knowledge - INFO - persist ingested knowledge for /app/data/rdk7542/90219/b413910/webui-90219/source/Styles/xb3/code/actionHandler/ajaxSet_index_userbar.php
2025-08-11 04:51:29,995 - Knowledge - INFO - persist ingested knowledge for /app/data/rdk7542/90219/b413910/webui-90219/source/Styles/xb3/code/actionHandler/ajaxSet_Battery.php
2025-08-11 04:51:30,502 - Knowledge - INFO - worker kw6 pull /app/data/rdk7542/90219/b413910/webui-90219/source/Styles/xb3/code/actionHandler/ajax_wifi_spectrum_analyser.php from ingest queue
2025-08-11 04:51:30,502 - Knowledge - INFO - worker kw2 pull /app/data/rdk7542/90219/b413910/webui-90219/source/Styles/xb3/code/actionHandler/ajaxSet_wps_config.php from ingest queue
2025-08-11 04:51:30,502 - Knowledge - INFO - worker kw25 pull /app/data/rdk7542/90219/b413910/webui-90219/source/Styles/xb3/code/actionHandler/ajaxSet_wan_network.php from ingest queue
2025-08-11 04:51:30,502 - Knowledge - INFO - worker kw13 pull /app/data/rdk7542/90219/b413910/webui-90219/source/Styles/xb3/code/actionHandler/ajax_ddns.php from ingest queue
2025-08-11 04:51:30,502 - Knowledge - INFO - adding /app/data/rdk7542/90219/b413910/webui-90219/source/Styles/xb3/code/port_triggering_add.php to ingest queue
2025-08-11 04:51:31,013 - Knowledge - INFO - process ingested knowledge for /app/data/rdk7542/90219/b413910/webui-90219/source/Styles/xb3/code/actionHandler/ajax_wifi_spectrum_analyser.php
2025-08-11 04:51:31,100 - Knowledge - INFO - process ingested knowledge for /app/data/rdk7542/90219/b413910/webui-90219/source/Styles/xb3/code/actionHandler/ajaxSet_wps_config.php
2025-08-11 04:51:31,186 - Knowledge - INFO - process ingested knowledge for /app/data/rdk7542/90219/b413910/webui-90219/source/Styles/xb3/code/actionHandler/ajaxSet_wan_network.php
2025-08-11 04:51:31,297 - Knowledge - INFO - process ingested knowledge for /app/data/rdk7542/90219/b413910/webui-90219/source/Styles/xb3/code/actionHandler/ajax_ddns.php
2025-08-11 04:51:31,384 - Knowledge - INFO - adding /app/data/rdk7542/90219/b413910/webui-90219/source/Styles/xb3/code/at_a_glance.php to ingest queue
2025-08-11 04:51:31,895 - Knowledge - INFO - Found code-base-name: https://github.com/kavia-common/webui-90219.git:kavia-master
2025-08-11 04:51:31,895 - Knowledge - INFO - adding /app/data/rdk7542/90219/b413910/webui-90219/source/Styles/xb3/code/wizard_step2.php to ingest queue
2025-08-11 04:51:32,012 - Knowledge - INFO - Found code_base: <app.utils.kg_build.knowledge.KnowledgeCodeBase object at 0x7fac6214f850>
2025-08-11 04:51:32,134 - Knowledge - INFO - adding /app/data/rdk7542/90219/b413910/webui-90219/source/Styles/xb3/code/hardware.php to ingest queue
2025-08-11 04:51:32,213 - Knowledge - INFO - persist ingested knowledge for /app/data/rdk7542/90219/b413910/webui-90219/source/Styles/xb3/code/actionHandler/ajaxSet_wireless_network_configuration_edit.php
2025-08-11 04:51:32,354 - Knowledge - INFO - Found code-base-name: https://github.com/kavia-common/webui-90219.git:kavia-master
2025-08-11 04:51:32,354 - Knowledge - INFO - adding /app/data/rdk7542/90219/b413910/webui-90219/source/Styles/xb3/code/captiveportal.php to ingest queue
2025-08-11 04:51:32,553 - Knowledge - INFO - Found code_base: <app.utils.kg_build.knowledge.KnowledgeCodeBase object at 0x7fac6214f850>
2025-08-11 04:51:32,659 - Knowledge - INFO - adding /app/data/rdk7542/90219/b413910/webui-90219/source/Styles/xb3/code/wireless_network_configuration.php to ingest queue
2025-08-11 04:51:32,779 - Knowledge - INFO - persist ingested knowledge for /app/data/rdk7542/90219/b413910/webui-90219/source/Styles/xb3/code/actionHandler/ajax_managed_devices.php
2025-08-11 04:51:32,908 - Knowledge - INFO - worker kw24 pull /app/data/rdk7542/90219/b413910/webui-90219/source/Styles/xb3/code/actionHandler/ajaxSet_wizard_step1.php from ingest queue
2025-08-11 04:51:32,908 - Knowledge - INFO - Found code-base-name: https://github.com/kavia-common/webui-90219.git:kavia-master
2025-08-11 04:51:33,029 - Knowledge - INFO - worker kw7 pull /app/data/rdk7542/90219/b413910/webui-90219/source/Styles/xb3/code/actionHandler/ajaxSet_mta_sip_packet_log.php from ingest queue
2025-08-11 04:51:33,029 - Knowledge - INFO - Found code-base-name: https://github.com/kavia-common/webui-90219.git:kavia-master
2025-08-11 04:51:33,090 - Knowledge - INFO - adding /app/data/rdk7542/90219/b413910/webui-90219/source/Styles/xb3/code/network_storage.php to ingest queue
2025-08-11 04:51:33,144 - Knowledge - INFO - process ingested knowledge for /app/data/rdk7542/90219/b413910/webui-90219/source/Styles/xb3/code/actionHandler/ajaxSet_wizard_step1.php
2025-08-11 04:51:33,201 - Knowledge - INFO - Found code_base: <app.utils.kg_build.knowledge.KnowledgeCodeBase object at 0x7fac6214f850>
2025-08-11 04:51:33,342 - Knowledge - INFO - process ingested knowledge for /app/data/rdk7542/90219/b413910/webui-90219/source/Styles/xb3/code/actionHandler/ajaxSet_mta_sip_packet_log.php
2025-08-11 04:51:33,422 - Knowledge - INFO - Found code_base: <app.utils.kg_build.knowledge.KnowledgeCodeBase object at 0x7fac6214f850>
2025-08-11 04:51:33,730 - Knowledge - INFO - persist ingested knowledge for /app/data/rdk7542/90219/b413910/webui-90219/source/Styles/xb3/code/actionHandler/ajaxSet_qos.php
2025-08-11 04:51:33,743 - Knowledge - INFO - worker kw14 pull /app/data/rdk7542/90219/b413910/webui-90219/source/Styles/xb3/code/actionHandler/ajax_hs_port_forwarding.php from ingest queue
2025-08-11 04:51:33,743 - Knowledge - INFO - Found code-base-name: https://github.com/kavia-common/webui-90219.git:kavia-master
2025-08-11 04:51:33,744 - Knowledge - INFO - Found code-base-name: https://github.com/kavia-common/webui-90219.git:kavia-master
2025-08-11 04:51:33,744 - Knowledge - INFO - Found code-base-name: https://github.com/kavia-common/webui-90219.git:kavia-master
2025-08-11 04:51:33,744 - Knowledge - INFO - worker kw18 pull /app/data/rdk7542/90219/b413910/webui-90219/source/Styles/xb3/code/actionHandler/ajaxSet_wireless_network_configuration_redirection.php from ingest queue
2025-08-11 04:51:33,744 - Knowledge - INFO - worker kw3 pull /app/data/rdk7542/90219/b413910/webui-90219/source/Styles/xb3/code/actionHandler/ajaxSet_moca_config.php from ingest queue
2025-08-11 04:51:33,801 - Knowledge - INFO - worker kw20 pull /app/data/rdk7542/90219/b413910/webui-90219/source/Styles/xb3/code/actionHandler/ajaxSet_add_blockedSite.php from ingest queue
2025-08-11 04:51:33,801 - Knowledge - INFO - adding /app/data/rdk7542/90219/b413910/webui-90219/source/Styles/xb3/code/connected_devices_computers_add.php to ingest queue
2025-08-11 04:51:33,937 - Knowledge - INFO - persist ingested knowledge for /app/data/rdk7542/90219/b413910/webui-90219/source/Styles/xb3/code/actionHandler/ajax_port_forwarding.php
2025-08-11 04:51:34,188 - Knowledge - INFO - process ingested knowledge for /app/data/rdk7542/90219/b413910/webui-90219/source/Styles/xb3/code/actionHandler/ajax_hs_port_forwarding.php
2025-08-11 04:51:34,239 - Knowledge - INFO - Found code_base: <app.utils.kg_build.knowledge.KnowledgeCodeBase object at 0x7fac6214f850>
2025-08-11 04:51:34,334 - Knowledge - INFO - Found code_base: <app.utils.kg_build.knowledge.KnowledgeCodeBase object at 0x7fac6214f850>
2025-08-11 04:51:34,445 - Knowledge - INFO - Found code_base: <app.utils.kg_build.knowledge.KnowledgeCodeBase object at 0x7fac6214f850>
2025-08-11 04:51:34,595 - Knowledge - INFO - process ingested knowledge for /app/data/rdk7542/90219/b413910/webui-90219/source/Styles/xb3/code/actionHandler/ajaxSet_wireless_network_configuration_redirection.php
2025-08-11 04:51:34,700 - Knowledge - INFO - process ingested knowledge for /app/data/rdk7542/90219/b413910/webui-90219/source/Styles/xb3/code/actionHandler/ajaxSet_moca_config.php
2025-08-11 04:51:34,800 - Knowledge - INFO - process ingested knowledge for /app/data/rdk7542/90219/b413910/webui-90219/source/Styles/xb3/code/actionHandler/ajaxSet_add_blockedSite.php
2025-08-11 04:51:34,883 - Knowledge - INFO - adding /app/data/rdk7542/90219/b413910/webui-90219/source/Styles/xb3/code/dynamic_dns_edit.php to ingest queue
2025-08-11 04:51:35,199 - Knowledge - INFO - persist ingested knowledge for /app/data/rdk7542/90219/b413910/webui-90219/source/Styles/xb3/code/actionHandler/ajaxSet_wps_config.php
2025-08-11 04:51:35,302 - Knowledge - INFO - persist ingested knowledge for /app/data/rdk7542/90219/b413910/webui-90219/source/Styles/xb3/code/actionHandler/ajaxSet_wan_network.php
2025-08-11 04:51:35,392 - Knowledge - INFO - persist ingested knowledge for /app/data/rdk7542/90219/b413910/webui-90219/source/Styles/xb3/code/actionHandler/ajax_ddns.php
2025-08-11 04:51:35,820 - Knowledge - INFO - adding /app/data/rdk7542/90219/b413910/webui-90219/source/Styles/xb3/code/status-404.html to ingest queue
2025-08-11 04:51:36,216 - Knowledge - INFO - adding /app/data/rdk7542/90219/b413910/webui-90219/source/Styles/xb3/code/check.php to ingest queue
2025-08-11 04:51:36,311 - Knowledge - INFO - worker kw8 pull /app/data/rdk7542/90219/b413910/webui-90219/source/Styles/xb3/code/actionHandler/ajaxSet_DSXlog.php from ingest queue
2025-08-11 04:51:36,312 - Knowledge - INFO - adding /app/data/rdk7542/90219/b413910/webui-90219/source/Styles/xb3/code/actionHandler/ajax_moca_diagnostics.php to ingest queue
2025-08-11 04:51:36,428 - Knowledge - INFO - process ingested knowledge for /app/data/rdk7542/90219/b413910/webui-90219/source/Styles/xb3/code/actionHandler/ajaxSet_DSXlog.php
2025-08-11 04:51:36,492 - Knowledge - INFO - Found code-base-name: https://github.com/kavia-common/webui-90219.git:kavia-master
2025-08-11 04:51:36,492 - Knowledge - INFO - adding /app/data/rdk7542/90219/b413910/webui-90219/source/Styles/xb3/code/actionHandler/ajaxSet_index_userbar.php to ingest queue
2025-08-11 04:51:36,700 - Knowledge - INFO - Found code_base: <app.utils.kg_build.knowledge.KnowledgeCodeBase object at 0x7fac6214f850>
2025-08-11 04:51:36,785 - Knowledge - INFO - Found code-base-name: https://github.com/kavia-common/webui-90219.git:kavia-master
2025-08-11 04:51:36,785 - Knowledge - INFO - adding /app/data/rdk7542/90219/b413910/webui-90219/source/Styles/xb3/code/actionHandler/ajaxSet_Battery.php to ingest queue
2025-08-11 04:51:36,903 - Knowledge - INFO - persist ingested knowledge for /app/data/rdk7542/90219/b413910/webui-90219/source/Styles/xb3/code/actionHandler/ajaxSet_wizard_step1.php
2025-08-11 04:51:37,051 - Knowledge - INFO - Found code_base: <app.utils.kg_build.knowledge.KnowledgeCodeBase object at 0x7fac6214f850>
2025-08-11 04:51:37,172 - Knowledge - INFO - worker kw19 pull /app/data/rdk7542/90219/b413910/webui-90219/source/Styles/xb3/code/actionHandler/ajax_parental_reports.php from ingest queue
2025-08-11 04:51:37,172 - Knowledge - INFO - worker kw9 pull /app/data/rdk7542/90219/b413910/webui-90219/source/Styles/xb3/code/actionHandler/ajaxSet_local_users.php from ingest queue
2025-08-11 04:51:37,173 - Knowledge - INFO - adding /app/data/rdk7542/90219/b413910/webui-90219/source/Styles/xb3/code/actionHandler/ajaxSet_wireless_network_configuration_edit.php to ingest queue
2025-08-11 04:51:37,338 - Knowledge - INFO - persist ingested knowledge for /app/data/rdk7542/90219/b413910/webui-90219/source/Styles/xb3/code/actionHandler/ajax_wifi_spectrum_analyser.php
2025-08-11 04:51:37,488 - Knowledge - INFO - process ingested knowledge for /app/data/rdk7542/90219/b413910/webui-90219/source/Styles/xb3/code/actionHandler/ajax_parental_reports.php
2025-08-11 04:51:37,574 - Knowledge - INFO - process ingested knowledge for /app/data/rdk7542/90219/b413910/webui-90219/source/Styles/xb3/code/actionHandler/ajaxSet_local_users.php
2025-08-11 04:51:37,719 - Knowledge - INFO - worker kw16 pull /app/data/rdk7542/90219/b413910/webui-90219/source/Styles/xb3/code/actionHandler/ajax_remote_management.php from ingest queue
2025-08-11 04:51:37,719 - Knowledge - INFO - Found code-base-name: https://github.com/kavia-common/webui-90219.git:kavia-master
2025-08-11 04:51:37,719 - Knowledge - INFO - Found code-base-name: https://github.com/kavia-common/webui-90219.git:kavia-master
2025-08-11 04:51:38,291 - Knowledge - INFO - Found code_base: <app.utils.kg_build.knowledge.KnowledgeCodeBase object at 0x7fac6214f850>
2025-08-11 04:51:37,720 - Knowledge - INFO - Found code-base-name: https://github.com/kavia-common/webui-90219.git:kavia-master
2025-08-11 04:51:37,720 - Knowledge - INFO - worker kw17 pull /app/data/rdk7542/90219/b413910/webui-90219/source/Styles/xb3/code/actionHandler/ajaxSet_callsignallog.php from ingest queue
2025-08-11 04:51:37,825 - Knowledge - INFO - worker kw4 pull /app/data/rdk7542/90219/b413910/webui-90219/source/Styles/xb3/code/actionHandler/ajaxSet_dlna_setting.php from ingest queue
2025-08-11 04:51:37,825 - Knowledge - INFO - adding /app/data/rdk7542/90219/b413910/webui-90219/source/Styles/xb3/code/actionHandler/ajaxSet_firewall_config.php to ingest queue
2025-08-11 04:51:38,132 - Knowledge - INFO - process ingested knowledge for /app/data/rdk7542/90219/b413910/webui-90219/source/Styles/xb3/code/actionHandler/ajax_remote_management.php
2025-08-11 04:51:38,189 - Knowledge - INFO - Found code_base: <app.utils.kg_build.knowledge.KnowledgeCodeBase object at 0x7fac6214f850>
2025-08-11 04:51:38,994 - Knowledge - INFO - persist ingested knowledge for /app/data/rdk7542/90219/b413910/webui-90219/source/Styles/xb3/code/actionHandler/ajax_hs_port_forwarding.php
2025-08-11 04:51:38,390 - Knowledge - INFO - persist ingested knowledge for /app/data/rdk7542/90219/b413910/webui-90219/source/Styles/xb3/code/actionHandler/ajaxSet_wireless_network_configuration_redirection.php
2025-08-11 04:51:38,464 - Knowledge - INFO - Found code_base: <app.utils.kg_build.knowledge.KnowledgeCodeBase object at 0x7fac6214f850>
2025-08-11 04:51:38,569 - Knowledge - INFO - process ingested knowledge for /app/data/rdk7542/90219/b413910/webui-90219/source/Styles/xb3/code/actionHandler/ajaxSet_callsignallog.php
2025-08-11 04:51:38,687 - Knowledge - INFO - process ingested knowledge for /app/data/rdk7542/90219/b413910/webui-90219/source/Styles/xb3/code/actionHandler/ajaxSet_dlna_setting.php
2025-08-11 04:51:38,775 - Knowledge - INFO - worker kw10 pull /app/data/rdk7542/90219/b413910/webui-90219/source/Styles/xb3/code/actionHandler/ajaxSet_enable_manageSite.php from ingest queue
2025-08-11 04:51:38,775 - Knowledge - INFO - Found code-base-name: https://github.com/kavia-common/webui-90219.git:kavia-master
2025-08-11 04:51:38,835 - Knowledge - INFO - Found code-base-name: https://github.com/kavia-common/webui-90219.git:kavia-master
2025-08-11 04:51:38,835 - Knowledge - INFO - worker kw12 pull /app/data/rdk7542/90219/b413910/webui-90219/source/Styles/xb3/code/actionHandler/ajaxSet_voice_quality_metrics.php from ingest queue
2025-08-11 04:51:38,835 - Knowledge - INFO - worker kw23 pull /app/data/rdk7542/90219/b413910/webui-90219/source/Styles/xb3/code/actionHandler/ajax_managed_services.php from ingest queue
2025-08-11 04:51:38,950 - Knowledge - INFO - adding /app/data/rdk7542/90219/b413910/webui-90219/source/Styles/xb3/code/actionHandler/ajaxSet_wps_config.php to ingest queue
2025-08-11 04:51:37,720 - Knowledge - INFO - Found code-base-name: https://github.com/kavia-common/webui-90219.git:kavia-master
2025-08-11 04:51:39,269 - Knowledge - INFO - persist ingested knowledge for /app/data/rdk7542/90219/b413910/webui-90219/source/Styles/xb3/code/actionHandler/ajaxSet_add_blockedSite.php
2025-08-11 04:51:39,612 - Knowledge - INFO - process ingested knowledge for /app/data/rdk7542/90219/b413910/webui-90219/source/Styles/xb3/code/actionHandler/ajaxSet_enable_manageSite.php
2025-08-11 04:51:39,682 - Knowledge - INFO - Found code_base: <app.utils.kg_build.knowledge.KnowledgeCodeBase object at 0x7fac6214f850>
2025-08-11 04:51:39,793 - Knowledge - INFO - Found code_base: <app.utils.kg_build.knowledge.KnowledgeCodeBase object at 0x7fac6214f850>
2025-08-11 04:51:39,918 - Knowledge - INFO - process ingested knowledge for /app/data/rdk7542/90219/b413910/webui-90219/source/Styles/xb3/code/actionHandler/ajaxSet_voice_quality_metrics.php
2025-08-11 04:51:40,044 - Knowledge - INFO - process ingested knowledge for /app/data/rdk7542/90219/b413910/webui-90219/source/Styles/xb3/code/actionHandler/ajax_managed_services.php
2025-08-11 04:51:40,178 - Knowledge - INFO - adding /app/data/rdk7542/90219/b413910/webui-90219/source/Styles/xb3/code/actionHandler/ajax_wifi_spectrum_analyser.php to ingest queue
2025-08-11 04:51:40,192 - Knowledge - INFO - Found code_base: <app.utils.kg_build.knowledge.KnowledgeCodeBase object at 0x7fac6214f850>
2025-08-11 04:51:40,544 - Knowledge - INFO - persist ingested knowledge for /app/data/rdk7542/90219/b413910/webui-90219/source/Styles/xb3/code/actionHandler/ajaxSet_DSXlog.php
2025-08-11 04:51:40,625 - Knowledge - INFO - persist ingested knowledge for /app/data/rdk7542/90219/b413910/webui-90219/source/Styles/xb3/code/actionHandler/ajaxSet_mta_sip_packet_log.php
2025-08-11 04:51:40,877 - Knowledge - INFO - adding /app/data/rdk7542/90219/b413910/webui-90219/source/Styles/xb3/code/actionHandler/ajax_ddns.php to ingest queue
2025-08-11 04:51:41,008 - Knowledge - INFO - persist ingested knowledge for /app/data/rdk7542/90219/b413910/webui-90219/source/Styles/xb3/code/actionHandler/ajaxSet_moca_config.php
2025-08-11 04:51:41,376 - Knowledge - INFO - Found code-base-name: https://github.com/kavia-common/webui-90219.git:kavia-master
2025-08-11 04:51:41,378 - Knowledge - INFO - Found code-base-name: https://github.com/kavia-common/webui-90219.git:kavia-master
2025-08-11 04:51:41,379 - Knowledge - INFO - worker kw22 pull /app/data/rdk7542/90219/b413910/webui-90219/source/Styles/xb3/code/actionHandler/ajaxSet_userbar.php from ingest queue
2025-08-11 04:51:41,379 - Knowledge - INFO - worker kw5 pull /app/data/rdk7542/90219/b413910/webui-90219/source/Styles/xb3/code/actionHandler/ajaxSet_mta_Line_Diagnostics.php from ingest queue
2025-08-11 04:51:41,379 - Knowledge - INFO - adding /app/data/rdk7542/90219/b413910/webui-90219/source/Styles/xb3/code/actionHandler/ajaxSet_qos.php to ingest queue
2025-08-11 04:51:41,578 - Knowledge - INFO - Found code_base: <app.utils.kg_build.knowledge.KnowledgeCodeBase object at 0x7fac6214f850>
2025-08-11 04:51:41,680 - Knowledge - INFO - Found code_base: <app.utils.kg_build.knowledge.KnowledgeCodeBase object at 0x7fac6214f850>
2025-08-11 04:51:41,823 - Knowledge - INFO - process ingested knowledge for /app/data/rdk7542/90219/b413910/webui-90219/source/Styles/xb3/code/actionHandler/ajaxSet_userbar.php
2025-08-11 04:51:41,929 - Knowledge - INFO - process ingested knowledge for /app/data/rdk7542/90219/b413910/webui-90219/source/Styles/xb3/code/actionHandler/ajaxSet_mta_Line_Diagnostics.php
2025-08-11 04:51:41,999 - Knowledge - INFO - Found code-base-name: https://github.com/kavia-common/webui-90219.git:kavia-master
2025-08-11 04:51:42,000 - Knowledge - INFO - adding /app/data/rdk7542/90219/b413910/webui-90219/source/Styles/xb3/code/actionHandler/ajax_port_forwarding.php to ingest queue
2025-08-11 04:51:42,106 - Knowledge - INFO - persist ingested knowledge for /app/data/rdk7542/90219/b413910/webui-90219/source/Styles/xb3/code/actionHandler/ajax_parental_reports.php
2025-08-11 04:51:42,195 - Knowledge - INFO - persist ingested knowledge for /app/data/rdk7542/90219/b413910/webui-90219/source/Styles/xb3/code/actionHandler/ajaxSet_local_users.php
2025-08-11 04:51:42,463 - Knowledge - INFO - Found code_base: <app.utils.kg_build.knowledge.KnowledgeCodeBase object at 0x7fac6214f850>
2025-08-11 04:51:42,563 - Knowledge - INFO - adding /app/data/rdk7542/90219/b413910/webui-90219/source/Styles/xb3/code/actionHandler/ajaxSet_wan_network.php to ingest queue
2025-08-11 04:51:42,865 - Knowledge - INFO - persist ingested knowledge for /app/data/rdk7542/90219/b413910/webui-90219/source/Styles/xb3/code/actionHandler/ajax_remote_management.php
2025-08-11 04:51:43,082 - Knowledge - INFO - Found code-base-name: https://github.com/kavia-common/webui-90219.git:kavia-master
2025-08-11 04:51:43,083 - Knowledge - INFO - Found code-base-name: https://github.com/kavia-common/webui-90219.git:kavia-master
2025-08-11 04:51:43,084 - Knowledge - INFO - worker kw2 pull /app/data/rdk7542/90219/b413910/webui-90219/source/Styles/xb3/code/actionHandler/ajaxSet_IP_configuration.php from ingest queue
2025-08-11 04:51:43,138 - Knowledge - INFO - Found code-base-name: https://github.com/kavia-common/webui-90219.git:kavia-master
2025-08-11 04:51:43,138 - Knowledge - INFO - Found code-base-name: https://github.com/kavia-common/webui-90219.git:kavia-master
2025-08-11 04:51:43,139 - Knowledge - INFO - Found code-base-name: https://github.com/kavia-common/webui-90219.git:kavia-master
2025-08-11 04:51:43,139 - Knowledge - INFO - worker kw6 pull /app/data/rdk7542/90219/b413910/webui-90219/source/Styles/xb3/code/actionHandler/ajaxSet_DDNS_configuration.php from ingest queue
2025-08-11 04:51:43,183 - Knowledge - INFO - Found code_base: <app.utils.kg_build.knowledge.KnowledgeCodeBase object at 0x7fac6214f850>
2025-08-11 04:51:43,190 - Knowledge - INFO - adding /app/data/rdk7542/90219/b413910/webui-90219/source/Styles/xb3/code/actionHandler/ajaxSet_DSXlog.php to ingest queue
2025-08-11 04:51:43,301 - Knowledge - INFO - Found code_base: <app.utils.kg_build.knowledge.KnowledgeCodeBase object at 0x7fac6214f850>
2025-08-11 04:51:43,451 - Knowledge - INFO - process ingested knowledge for /app/data/rdk7542/90219/b413910/webui-90219/source/Styles/xb3/code/actionHandler/ajaxSet_IP_configuration.php
2025-08-11 04:51:43,536 - Knowledge - INFO - Found code_base: <app.utils.kg_build.knowledge.KnowledgeCodeBase object at 0x7fac6214f850>
2025-08-11 04:51:43,645 - Knowledge - INFO - Found code_base: <app.utils.kg_build.knowledge.KnowledgeCodeBase object at 0x7fac6214f850>
2025-08-11 04:51:43,725 - Knowledge - INFO - Found code_base: <app.utils.kg_build.knowledge.KnowledgeCodeBase object at 0x7fac6214f850>
2025-08-11 04:51:43,844 - Knowledge - INFO - process ingested knowledge for /app/data/rdk7542/90219/b413910/webui-90219/source/Styles/xb3/code/actionHandler/ajaxSet_DDNS_configuration.php
2025-08-11 04:51:43,912 - Knowledge - INFO - persist ingested knowledge for /app/data/rdk7542/90219/b413910/webui-90219/source/Styles/xb3/code/actionHandler/ajaxSet_callsignallog.php
2025-08-11 04:51:44,023 - Knowledge - INFO - adding /app/data/rdk7542/90219/b413910/webui-90219/source/Styles/xb3/code/actionHandler/ajax_managed_devices.php to ingest queue
2025-08-11 04:51:44,124 - Knowledge - INFO - persist ingested knowledge for /app/data/rdk7542/90219/b413910/webui-90219/source/Styles/xb3/code/actionHandler/ajaxSet_dlna_setting.php
2025-08-11 04:51:44,290 - Knowledge - INFO - persist ingested knowledge for /app/data/rdk7542/90219/b413910/webui-90219/source/Styles/xb3/code/actionHandler/ajaxSet_enable_manageSite.php
2025-08-11 04:51:44,395 - Knowledge - INFO - persist ingested knowledge for /app/data/rdk7542/90219/b413910/webui-90219/source/Styles/xb3/code/actionHandler/ajaxSet_voice_quality_metrics.php
2025-08-11 04:51:44,508 - Knowledge - INFO - persist ingested knowledge for /app/data/rdk7542/90219/b413910/webui-90219/source/Styles/xb3/code/actionHandler/ajax_managed_services.php
2025-08-11 04:51:44,923 - Knowledge - INFO - worker kw1 pull /app/data/rdk7542/90219/b413910/webui-90219/source/Styles/xb3/code/actionHandler/ajaxSet_trust_computer_service.php from ingest queue
2025-08-11 04:51:44,923 - Knowledge - INFO - Found code-base-name: https://github.com/kavia-common/webui-90219.git:kavia-master
2025-08-11 04:51:44,923 - Knowledge - INFO - worker kw21 pull /app/data/rdk7542/90219/b413910/webui-90219/source/Styles/xb3/code/actionHandler/ajaxSet_trust_computer.php from ingest queue
2025-08-11 04:51:44,979 - Knowledge - INFO - worker kw25 pull /app/data/rdk7542/90219/b413910/webui-90219/source/Styles/xb3/code/actionHandler/ajax_at_saving.php from ingest queue
2025-08-11 04:51:44,980 - Knowledge - INFO - adding /app/data/rdk7542/90219/b413910/webui-90219/source/Styles/xb3/code/actionHandler/ajax_hs_port_forwarding.php to ingest queue
2025-08-11 04:51:45,376 - Knowledge - INFO - process ingested knowledge for /app/data/rdk7542/90219/b413910/webui-90219/source/Styles/xb3/code/actionHandler/ajaxSet_trust_computer_service.php
2025-08-11 04:51:45,412 - Knowledge - INFO - Found code_base: <app.utils.kg_build.knowledge.KnowledgeCodeBase object at 0x7fac6214f850>
2025-08-11 04:51:45,547 - Knowledge - INFO - process ingested knowledge for /app/data/rdk7542/90219/b413910/webui-90219/source/Styles/xb3/code/actionHandler/ajaxSet_trust_computer.php
2025-08-11 04:51:45,640 - Knowledge - INFO - process ingested knowledge for /app/data/rdk7542/90219/b413910/webui-90219/source/Styles/xb3/code/actionHandler/ajax_at_saving.php
2025-08-11 04:51:45,710 - Knowledge - INFO - adding /app/data/rdk7542/90219/b413910/webui-90219/source/Styles/xb3/code/actionHandler/ajaxSet_wireless_network_configuration_redirection.php to ingest queue
2025-08-11 04:51:45,912 - Knowledge - INFO - persist ingested knowledge for /app/data/rdk7542/90219/b413910/webui-90219/source/Styles/xb3/code/actionHandler/ajaxSet_mta_Line_Diagnostics.php
2025-08-11 04:51:46,260 - Knowledge - INFO - worker kw15 pull /app/data/rdk7542/90219/b413910/webui-90219/source/Styles/xb3/code/actionHandler/ajax_troubleshooting_logs.php from ingest queue
2025-08-11 04:51:46,260 - Knowledge - INFO - adding /app/data/rdk7542/90219/b413910/webui-90219/source/Styles/xb3/code/actionHandler/ajaxSet_add_blockedSite.php to ingest queue
2025-08-11 04:51:46,504 - Knowledge - INFO - process ingested knowledge for /app/data/rdk7542/90219/b413910/webui-90219/source/Styles/xb3/code/actionHandler/ajax_troubleshooting_logs.php
2025-08-11 04:51:46,568 - Knowledge - INFO - worker kw13 pull /app/data/rdk7542/90219/b413910/webui-90219/source/Styles/xb3/code/actionHandler/ajaxSet_hardware_lan.php from ingest queue
2025-08-11 04:51:46,568 - Knowledge - INFO - Found code-base-name: https://github.com/kavia-common/webui-90219.git:kavia-master
2025-08-11 04:51:46,569 - Knowledge - INFO - Found code-base-name: https://github.com/kavia-common/webui-90219.git:kavia-master
2025-08-11 04:51:46,627 - Knowledge - INFO - worker kw11 pull /app/data/rdk7542/90219/b413910/webui-90219/source/Styles/xb3/code/actionHandler/ajaxSet_add_device.php from ingest queue
2025-08-11 04:51:46,627 - Knowledge - INFO - adding /app/data/rdk7542/90219/b413910/webui-90219/source/Styles/xb3/code/actionHandler/ajaxSet_wizard_step1.php to ingest queue
2025-08-11 04:51:46,821 - Knowledge - INFO - process ingested knowledge for /app/data/rdk7542/90219/b413910/webui-90219/source/Styles/xb3/code/actionHandler/ajaxSet_hardware_lan.php
2025-08-11 04:51:46,889 - Knowledge - INFO - Found code_base: <app.utils.kg_build.knowledge.KnowledgeCodeBase object at 0x7fac6214f850>
2025-08-11 04:51:46,972 - Knowledge - INFO - Found code_base: <app.utils.kg_build.knowledge.KnowledgeCodeBase object at 0x7fac6214f850>
2025-08-11 04:51:47,091 - Knowledge - INFO - process ingested knowledge for /app/data/rdk7542/90219/b413910/webui-90219/source/Styles/xb3/code/actionHandler/ajaxSet_add_device.php
2025-08-11 04:51:47,134 - Knowledge - INFO - Found code-base-name: https://github.com/kavia-common/webui-90219.git:kavia-master
2025-08-11 04:51:47,134 - Knowledge - INFO - adding /app/data/rdk7542/90219/b413910/webui-90219/source/Styles/xb3/code/actionHandler/ajaxSet_moca_config.php to ingest queue
2025-08-11 04:51:47,336 - Knowledge - INFO - persist ingested knowledge for /app/data/rdk7542/90219/b413910/webui-90219/source/Styles/xb3/code/actionHandler/ajaxSet_IP_configuration.php
2025-08-11 04:51:47,467 - Knowledge - INFO - persist ingested knowledge for /app/data/rdk7542/90219/b413910/webui-90219/source/Styles/xb3/code/actionHandler/ajaxSet_DDNS_configuration.php
2025-08-11 04:51:47,684 - Knowledge - INFO - Found code_base: <app.utils.kg_build.knowledge.KnowledgeCodeBase object at 0x7fac6214f850>
2025-08-11 04:51:47,904 - Knowledge - INFO - adding /app/data/rdk7542/90219/b413910/webui-90219/source/Styles/xb3/code/actionHandler/ajax_parental_reports.php to ingest queue
2025-08-11 04:51:48,070 - Knowledge - INFO - persist ingested knowledge for /app/data/rdk7542/90219/b413910/webui-90219/source/Styles/xb3/code/actionHandler/ajaxSet_userbar.php
2025-08-11 04:51:48,329 - Knowledge - INFO - worker kw14 pull /app/data/rdk7542/90219/b413910/webui-90219/source/Styles/xb3/code/actionHandler/ajaxSet_addDevice_blockedList.php from ingest queue
2025-08-11 04:51:48,330 - Knowledge - INFO - Found code-base-name: https://github.com/kavia-common/webui-90219.git:kavia-master
2025-08-11 04:51:48,331 - Knowledge - INFO - Found code-base-name: https://github.com/kavia-common/webui-90219.git:kavia-master
2025-08-11 04:51:48,391 - Knowledge - INFO - worker kw18 pull /app/data/rdk7542/90219/b413910/webui-90219/source/Styles/xb3/code/actionHandler/ajaxSet_cordless_handsets.php from ingest queue
2025-08-11 04:51:48,391 - Knowledge - INFO - worker kw8 pull /app/data/rdk7542/90219/b413910/webui-90219/source/Styles/xb3/code/actionHandler/ajaxSet_password_config.php from ingest queue
2025-08-11 04:51:48,444 - Knowledge - INFO - adding /app/data/rdk7542/90219/b413910/webui-90219/source/Styles/xb3/code/actionHandler/ajaxSet_callsignallog.php to ingest queue
2025-08-11 04:51:48,478 - Knowledge - INFO - process ingested knowledge for /app/data/rdk7542/90219/b413910/webui-90219/source/Styles/xb3/code/actionHandler/ajaxSet_addDevice_blockedList.php
2025-08-11 04:51:48,529 - Knowledge - INFO - Found code_base: <app.utils.kg_build.knowledge.KnowledgeCodeBase object at 0x7fac6214f850>
2025-08-11 04:51:48,634 - Knowledge - INFO - Found code_base: <app.utils.kg_build.knowledge.KnowledgeCodeBase object at 0x7fac6214f850>
2025-08-11 04:51:48,758 - Knowledge - INFO - process ingested knowledge for /app/data/rdk7542/90219/b413910/webui-90219/source/Styles/xb3/code/actionHandler/ajaxSet_cordless_handsets.php
2025-08-11 04:51:48,861 - Knowledge - INFO - process ingested knowledge for /app/data/rdk7542/90219/b413910/webui-90219/source/Styles/xb3/code/actionHandler/ajaxSet_password_config.php
2025-08-11 04:51:48,914 - Knowledge - INFO - Found code-base-name: https://github.com/kavia-common/webui-90219.git:kavia-master
2025-08-11 04:51:48,914 - Knowledge - INFO - worker kw24 pull /app/data/rdk7542/90219/b413910/webui-90219/source/Styles/xb3/code/actionHandler/ajaxSet_edit_blockedSite.php from ingest queue
2025-08-11 04:51:48,914 - Knowledge - INFO - Found code-base-name: https://github.com/kavia-common/webui-90219.git:kavia-master
2025-08-11 04:51:48,915 - Knowledge - INFO - Found code-base-name: https://github.com/kavia-common/webui-90219.git:kavia-master
2025-08-11 04:51:48,915 - Knowledge - INFO - adding /app/data/rdk7542/90219/b413910/webui-90219/source/Styles/xb3/code/actionHandler/ajaxSet_local_users.php to ingest queue
2025-08-11 04:51:49,133 - Knowledge - INFO - persist ingested knowledge for /app/data/rdk7542/90219/b413910/webui-90219/source/Styles/xb3/code/actionHandler/ajaxSet_trust_computer_service.php
2025-08-11 04:51:49,227 - Knowledge - INFO - persist ingested knowledge for /app/data/rdk7542/90219/b413910/webui-90219/source/Styles/xb3/code/actionHandler/ajax_at_saving.php
2025-08-11 04:51:49,520 - Knowledge - INFO - Found code_base: <app.utils.kg_build.knowledge.KnowledgeCodeBase object at 0x7fac6214f850>
2025-08-11 04:51:49,652 - Knowledge - INFO - process ingested knowledge for /app/data/rdk7542/90219/b413910/webui-90219/source/Styles/xb3/code/actionHandler/ajaxSet_edit_blockedSite.php
2025-08-11 04:51:49,716 - Knowledge - INFO - Found code_base: <app.utils.kg_build.knowledge.KnowledgeCodeBase object at 0x7fac6214f850>
2025-08-11 04:51:49,810 - Knowledge - INFO - Found code_base: <app.utils.kg_build.knowledge.KnowledgeCodeBase object at 0x7fac6214f850>
2025-08-11 04:51:49,998 - Knowledge - INFO - adding /app/data/rdk7542/90219/b413910/webui-90219/source/Styles/xb3/code/actionHandler/ajax_remote_management.php to ingest queue
2025-08-11 04:51:50,266 - Knowledge - INFO - persist ingested knowledge for /app/data/rdk7542/90219/b413910/webui-90219/source/Styles/xb3/code/actionHandler/ajax_troubleshooting_logs.php
2025-08-11 04:51:50,475 - Knowledge - INFO - persist ingested knowledge for /app/data/rdk7542/90219/b413910/webui-90219/source/Styles/xb3/code/actionHandler/ajaxSet_add_device.php
2025-08-11 04:51:50,560 - Knowledge - INFO - persist ingested knowledge for /app/data/rdk7542/90219/b413910/webui-90219/source/Styles/xb3/code/actionHandler/ajaxSet_hardware_lan.php
2025-08-11 04:51:50,716 - Knowledge - INFO - worker kw19 pull /app/data/rdk7542/90219/b413910/webui-90219/source/Styles/xb3/code/actionHandler/ajaxSet_wizard_step2.php from ingest queue
2025-08-11 04:51:50,776 - Knowledge - INFO - adding /app/data/rdk7542/90219/b413910/webui-90219/source/Styles/xb3/code/actionHandler/ajaxSet_voice_quality_metrics.php to ingest queue
2025-08-11 04:51:51,072 - Knowledge - INFO - process ingested knowledge for /app/data/rdk7542/90219/b413910/webui-90219/source/Styles/xb3/code/actionHandler/ajaxSet_wizard_step2.php
2025-08-11 04:51:51,157 - Knowledge - INFO - Found code-base-name: https://github.com/kavia-common/webui-90219.git:kavia-master
2025-08-11 04:51:51,159 - Knowledge - INFO - adding /app/data/rdk7542/90219/b413910/webui-90219/source/Styles/xb3/code/actionHandler/ajax_managed_services.php to ingest queue
2025-08-11 04:51:51,350 - Knowledge - INFO - Found code_base: <app.utils.kg_build.knowledge.KnowledgeCodeBase object at 0x7fac6214f850>
2025-08-11 04:51:51,529 - Knowledge - INFO - worker kw20 pull /app/data/rdk7542/90219/b413910/webui-90219/source/Styles/xb3/code/actionHandler/ajaxSet_wireless_network_configuration.php from ingest queue
2025-08-11 04:51:51,529 - Knowledge - INFO - adding /app/data/rdk7542/90219/b413910/webui-90219/source/Styles/xb3/code/actionHandler/ajaxSet_dlna_setting.php to ingest queue
2025-08-11 04:51:51,592 - Knowledge - INFO - persist ingested knowledge for /app/data/rdk7542/90219/b413910/webui-90219/source/Styles/xb3/code/actionHandler/ajaxSet_trust_computer.php
2025-08-11 04:51:51,709 - Knowledge - INFO - process ingested knowledge for /app/data/rdk7542/90219/b413910/webui-90219/source/Styles/xb3/code/actionHandler/ajaxSet_wireless_network_configuration.php
2025-08-11 04:51:51,761 - Knowledge - INFO - worker kw17 pull /app/data/rdk7542/90219/b413910/webui-90219/source/Styles/xb3/code/actionHandler/ajaxSet_firewall_config_v6.php from ingest queue
2025-08-11 04:51:51,761 - Knowledge - INFO - worker kw3 pull /app/data/rdk7542/90219/b413910/webui-90219/source/Styles/xb3/code/actionHandler/ajaxSet_Reset_Restore.php from ingest queue
2025-08-11 04:51:51,762 - Knowledge - INFO - Found code-base-name: https://github.com/kavia-common/webui-90219.git:kavia-master
2025-08-11 04:51:51,764 - Knowledge - INFO - worker kw9 pull /app/data/rdk7542/90219/b413910/webui-90219/source/Styles/xb3/code/actionHandler/ajaxSet_remove_blockedSite.php from ingest queue
2025-08-11 04:51:51,764 - Knowledge - INFO - adding /app/data/rdk7542/90219/b413910/webui-90219/source/Styles/xb3/code/actionHandler/ajaxSet_IP_configuration.php to ingest queue
2025-08-11 04:51:52,107 - Knowledge - INFO - process ingested knowledge for /app/data/rdk7542/90219/b413910/webui-90219/source/Styles/xb3/code/actionHandler/ajaxSet_firewall_config_v6.php
2025-08-11 04:51:52,218 - Knowledge - INFO - process ingested knowledge for /app/data/rdk7542/90219/b413910/webui-90219/source/Styles/xb3/code/actionHandler/ajaxSet_Reset_Restore.php
2025-08-11 04:51:52,265 - Knowledge - INFO - Found code_base: <app.utils.kg_build.knowledge.KnowledgeCodeBase object at 0x7fac6214f850>
2025-08-11 04:51:52,390 - Knowledge - INFO - process ingested knowledge for /app/data/rdk7542/90219/b413910/webui-90219/source/Styles/xb3/code/actionHandler/ajaxSet_remove_blockedSite.php
2025-08-11 04:51:52,503 - Knowledge - INFO - Found code-base-name: https://github.com/kavia-common/webui-90219.git:kavia-master
2025-08-11 04:51:52,503 - Knowledge - INFO - worker kw16 pull /app/data/rdk7542/90219/b413910/webui-90219/source/Styles/xb3/code/actionHandler/ajax_network_diagnostic_tools.php from ingest queue
2025-08-11 04:51:52,503 - Knowledge - INFO - adding /app/data/rdk7542/90219/b413910/webui-90219/source/Styles/xb3/code/actionHandler/ajaxSet_enable_manageSite.php to ingest queue
2025-08-11 04:51:52,764 - Knowledge - INFO - persist ingested knowledge for /app/data/rdk7542/90219/b413910/webui-90219/source/Styles/xb3/code/actionHandler/ajaxSet_cordless_handsets.php
2025-08-11 04:51:52,938 - Knowledge - INFO - Found code_base: <app.utils.kg_build.knowledge.KnowledgeCodeBase object at 0x7fac6214f850>
2025-08-11 04:51:53,091 - Knowledge - INFO - process ingested knowledge for /app/data/rdk7542/90219/b413910/webui-90219/source/Styles/xb3/code/actionHandler/ajax_network_diagnostic_tools.php
2025-08-11 04:51:53,200 - Knowledge - INFO - adding /app/data/rdk7542/90219/b413910/webui-90219/source/Styles/xb3/code/actionHandler/ajaxSet_userbar.php to ingest queue
2025-08-11 04:51:53,350 - Knowledge - INFO - persist ingested knowledge for /app/data/rdk7542/90219/b413910/webui-90219/source/Styles/xb3/code/actionHandler/ajaxSet_edit_blockedSite.php
2025-08-11 04:51:53,667 - Knowledge - INFO - worker kw12 pull /app/data/rdk7542/90219/b413910/webui-90219/source/Styles/xb3/code/actionHandler/ajax_at_a_glance.php from ingest queue
2025-08-11 04:51:53,667 - Knowledge - INFO - Found code-base-name: https://github.com/kavia-common/webui-90219.git:kavia-master
2025-08-11 04:51:53,668 - Knowledge - INFO - adding /app/data/rdk7542/90219/b413910/webui-90219/source/Styles/xb3/code/actionHandler/ajaxSet_mta_sip_packet_log.php to ingest queue
2025-08-11 04:51:53,836 - Knowledge - INFO - process ingested knowledge for /app/data/rdk7542/90219/b413910/webui-90219/source/Styles/xb3/code/actionHandler/ajax_at_a_glance.php
2025-08-11 04:51:53,900 - Knowledge - INFO - Found code_base: <app.utils.kg_build.knowledge.KnowledgeCodeBase object at 0x7fac6214f850>
2025-08-11 04:51:54,023 - Knowledge - INFO - adding /app/data/rdk7542/90219/b413910/webui-90219/source/Styles/xb3/code/actionHandler/ajaxSet_mta_Line_Diagnostics.php to ingest queue
2025-08-11 04:51:54,241 - Knowledge - INFO - persist ingested knowledge for /app/data/rdk7542/90219/b413910/webui-90219/source/Styles/xb3/code/actionHandler/ajaxSet_wizard_step2.php
2025-08-11 04:51:54,346 - Knowledge - INFO - Found code-base-name: https://github.com/kavia-common/webui-90219.git:kavia-master
2025-08-11 04:51:54,346 - Knowledge - INFO - Found code-base-name: https://github.com/kavia-common/webui-90219.git:kavia-master
2025-08-11 04:51:54,347 - Knowledge - INFO - worker kw4 pull /app/data/rdk7542/90219/b413910/webui-90219/source/Styles/xb3/code/actionHandler/ajaxSet_RIP_configuration.php from ingest queue
2025-08-11 04:51:54,406 - Knowledge - INFO - Found code-base-name: https://github.com/kavia-common/webui-90219.git:kavia-master
2025-08-11 04:51:54,407 - Knowledge - INFO - worker kw2 pull /app/data/rdk7542/90219/b413910/webui-90219/source/Styles/xb3/code/actionHandler/ajaxSet_DMZ_configuration.php from ingest queue
2025-08-11 04:51:54,407 - Knowledge - INFO - adding /app/data/rdk7542/90219/b413910/webui-90219/source/Styles/xb3/code/actionHandler/ajaxSet_DDNS_configuration.php to ingest queue
2025-08-11 04:51:54,563 - Knowledge - INFO - Found code_base: <app.utils.kg_build.knowledge.KnowledgeCodeBase object at 0x7fac6214f850>
2025-08-11 04:51:54,661 - Knowledge - INFO - Found code_base: <app.utils.kg_build.knowledge.KnowledgeCodeBase object at 0x7fac6214f850>
2025-08-11 04:51:54,806 - Knowledge - INFO - process ingested knowledge for /app/data/rdk7542/90219/b413910/webui-90219/source/Styles/xb3/code/actionHandler/ajaxSet_RIP_configuration.php
2025-08-11 04:51:54,857 - Knowledge - INFO - Found code_base: <app.utils.kg_build.knowledge.KnowledgeCodeBase object at 0x7fac6214f850>
2025-08-11 04:51:55,004 - Knowledge - INFO - process ingested knowledge for /app/data/rdk7542/90219/b413910/webui-90219/source/Styles/xb3/code/actionHandler/ajaxSet_DMZ_configuration.php
2025-08-11 04:51:55,051 - Knowledge - INFO - Found code-base-name: https://github.com/kavia-common/webui-90219.git:kavia-master
2025-08-11 04:51:55,051 - Knowledge - INFO - Found code-base-name: https://github.com/kavia-common/webui-90219.git:kavia-master
2025-08-11 04:51:55,052 - Knowledge - INFO - Found code-base-name: https://github.com/kavia-common/webui-90219.git:kavia-master
2025-08-11 04:51:55,053 - Knowledge - INFO - worker kw10 pull /app/data/rdk7542/90219/b413910/webui-90219/source/Styles/xb3/code/actionHandler/ajax_port_triggering.php from ingest queue
2025-08-11 04:51:55,128 - Knowledge - INFO - persist ingested knowledge for /app/data/rdk7542/90219/b413910/webui-90219/source/Styles/xb3/code/actionHandler/ajaxSet_addDevice_blockedList.php
2025-08-11 04:51:55,129 - Knowledge - INFO - Found code-base-name: https://github.com/kavia-common/webui-90219.git:kavia-master
2025-08-11 04:51:55,130 - Knowledge - INFO - worker kw22 pull /app/data/rdk7542/90219/b413910/webui-90219/source/Styles/xb3/code/actionHandler/ajaxSet_UPnP_configuration.php from ingest queue
2025-08-11 04:51:55,200 - Knowledge - INFO - worker kw23 pull /app/data/rdk7542/90219/b413910/webui-90219/source/Styles/xb3/code/wifi_spectrum_analyzer.php from ingest queue
2025-08-11 04:51:55,200 - Knowledge - INFO - worker kw7 pull /app/data/rdk7542/90219/b413910/webui-90219/source/Styles/xb3/code/port_triggering.php from ingest queue
2025-08-11 04:51:55,200 - Knowledge - INFO - worker kw5 pull /app/data/rdk7542/90219/b413910/webui-90219/source/Styles/xb3/code/connected_devices_computers.php from ingest queue
2025-08-11 04:51:55,247 - Knowledge - INFO - persist ingested knowledge for /app/data/rdk7542/90219/b413910/webui-90219/source/Styles/xb3/code/actionHandler/ajaxSet_password_config.php
2025-08-11 04:51:55,257 - Knowledge - INFO - adding /app/data/rdk7542/90219/b413910/webui-90219/source/Styles/xb3/code/actionHandler/ajax_at_saving.php to ingest queue
2025-08-11 04:51:55,403 - Knowledge - INFO - persist ingested knowledge for /app/data/rdk7542/90219/b413910/webui-90219/source/Styles/xb3/code/actionHandler/ajaxSet_wireless_network_configuration.php
2025-08-11 04:51:55,647 - Knowledge - INFO - Found code_base: <app.utils.kg_build.knowledge.KnowledgeCodeBase object at 0x7fac6214f850>
2025-08-11 04:51:55,731 - Knowledge - INFO - Found code_base: <app.utils.kg_build.knowledge.KnowledgeCodeBase object at 0x7fac6214f850>
2025-08-11 04:51:55,804 - Knowledge - INFO - Found code_base: <app.utils.kg_build.knowledge.KnowledgeCodeBase object at 0x7fac6214f850>
2025-08-11 04:51:55,931 - Knowledge - INFO - process ingested knowledge for /app/data/rdk7542/90219/b413910/webui-90219/source/Styles/xb3/code/actionHandler/ajax_port_triggering.php
2025-08-11 04:51:56,055 - Knowledge - INFO - Found code_base: <app.utils.kg_build.knowledge.KnowledgeCodeBase object at 0x7fac6214f850>
2025-08-11 04:51:56,183 - Knowledge - INFO - process ingested knowledge for /app/data/rdk7542/90219/b413910/webui-90219/source/Styles/xb3/code/actionHandler/ajaxSet_UPnP_configuration.php
2025-08-11 04:51:56,285 - Knowledge - INFO - process ingested knowledge for /app/data/rdk7542/90219/b413910/webui-90219/source/Styles/xb3/code/wifi_spectrum_analyzer.php
2025-08-11 04:51:56,383 - Knowledge - INFO - process ingested knowledge for /app/data/rdk7542/90219/b413910/webui-90219/source/Styles/xb3/code/port_triggering.php
2025-08-11 04:51:56,462 - Knowledge - INFO - process ingested knowledge for /app/data/rdk7542/90219/b413910/webui-90219/source/Styles/xb3/code/connected_devices_computers.php
2025-08-11 04:51:56,712 - Knowledge - INFO - worker kw6 pull /app/data/rdk7542/90219/b413910/webui-90219/source/Styles/xb3/code/callsignallog.php from ingest queue
2025-08-11 04:51:56,712 - Knowledge - INFO - adding /app/data/rdk7542/90219/b413910/webui-90219/source/Styles/xb3/code/actionHandler/ajaxSet_cordless_handsets.php to ingest queue
2025-08-11 04:51:56,856 - Knowledge - INFO - persist ingested knowledge for /app/data/rdk7542/90219/b413910/webui-90219/source/Styles/xb3/code/actionHandler/ajaxSet_firewall_config_v6.php
2025-08-11 04:51:56,953 - Knowledge - INFO - persist ingested knowledge for /app/data/rdk7542/90219/b413910/webui-90219/source/Styles/xb3/code/actionHandler/ajaxSet_Reset_Restore.php
2025-08-11 04:51:57,061 - Knowledge - INFO - persist ingested knowledge for /app/data/rdk7542/90219/b413910/webui-90219/source/Styles/xb3/code/actionHandler/ajaxSet_remove_blockedSite.php
2025-08-11 04:51:57,256 - Knowledge - INFO - persist ingested knowledge for /app/data/rdk7542/90219/b413910/webui-90219/source/Styles/xb3/code/actionHandler/ajax_network_diagnostic_tools.php
2025-08-11 04:51:57,762 - Knowledge - INFO - process ingested knowledge for /app/data/rdk7542/90219/b413910/webui-90219/source/Styles/xb3/code/callsignallog.php
2025-08-11 04:51:57,829 - Knowledge - INFO - adding /app/data/rdk7542/90219/b413910/webui-90219/source/Styles/xb3/code/actionHandler/ajaxSet_add_device.php to ingest queue
2025-08-11 04:51:58,414 - Knowledge - INFO - adding /app/data/rdk7542/90219/b413910/webui-90219/source/Styles/xb3/code/actionHandler/ajaxSet_hardware_lan.php to ingest queue
2025-08-11 04:51:58,544 - Knowledge - INFO - adding /app/data/rdk7542/90219/b413910/webui-90219/source/Styles/xb3/code/actionHandler/ajaxSet_edit_blockedSite.php to ingest queue
2025-08-11 04:51:58,663 - Knowledge - INFO - Found code-base-name: https://github.com/kavia-common/webui-90219.git:kavia-master
2025-08-11 04:51:58,663 - Knowledge - INFO - adding /app/data/rdk7542/90219/b413910/webui-90219/source/Styles/xb3/code/actionHandler/ajaxSet_trust_computer_service.php to ingest queue
2025-08-11 04:51:58,772 - Knowledge - INFO - Found code_base: <app.utils.kg_build.knowledge.KnowledgeCodeBase object at 0x7fac6214f850>
2025-08-11 04:51:58,884 - Knowledge - INFO - adding /app/data/rdk7542/90219/b413910/webui-90219/source/Styles/xb3/code/actionHandler/ajaxSet_trust_computer.php to ingest queue
2025-08-11 04:51:59,011 - Knowledge - INFO - persist ingested knowledge for /app/data/rdk7542/90219/b413910/webui-90219/source/Styles/xb3/code/actionHandler/ajax_at_a_glance.php
2025-08-11 04:51:59,108 - Knowledge - INFO - Found code-base-name: https://github.com/kavia-common/webui-90219.git:kavia-master
2025-08-11 04:51:59,108 - Knowledge - INFO - Found code-base-name: https://github.com/kavia-common/webui-90219.git:kavia-master
2025-08-11 04:51:59,222 - Knowledge - INFO - worker kw25 pull /app/data/rdk7542/90219/b413910/webui-90219/source/Styles/xb3/code/at_saving.php from ingest queue
2025-08-11 04:51:59,222 - Knowledge - INFO - adding /app/data/rdk7542/90219/b413910/webui-90219/source/Styles/xb3/code/actionHandler/ajaxSet_wizard_step2.php to ingest queue
2025-08-11 04:51:59,289 - Knowledge - INFO - Found code_base: <app.utils.kg_build.knowledge.KnowledgeCodeBase object at 0x7fac6214f850>
2025-08-11 04:51:59,408 - Knowledge - INFO - Found code_base: <app.utils.kg_build.knowledge.KnowledgeCodeBase object at 0x7fac6214f850>
2025-08-11 04:51:59,530 - Knowledge - INFO - process ingested knowledge for /app/data/rdk7542/90219/b413910/webui-90219/source/Styles/xb3/code/at_saving.php
2025-08-11 04:51:59,676 - Knowledge - INFO - Found code-base-name: https://github.com/kavia-common/webui-90219.git:kavia-master
2025-08-11 04:51:59,677 - Knowledge - INFO - Found code-base-name: https://github.com/kavia-common/webui-90219.git:kavia-master
2025-08-11 04:51:59,677 - Knowledge - INFO - Found code-base-name: https://github.com/kavia-common/webui-90219.git:kavia-master
2025-08-11 04:51:59,677 - Knowledge - INFO - Found code-base-name: https://github.com/kavia-common/webui-90219.git:kavia-master
2025-08-11 04:51:59,677 - Knowledge - INFO - Found code-base-name: https://github.com/kavia-common/webui-90219.git:kavia-master
2025-08-11 04:51:59,677 - Knowledge - INFO - worker kw18 pull /app/data/rdk7542/90219/b413910/webui-90219/source/Styles/xb3/code/CSRF-Protector-PHP/libs/config.php from ingest queue
2025-08-11 04:51:59,712 - Knowledge - INFO - persist ingested knowledge for /app/data/rdk7542/90219/b413910/webui-90219/source/Styles/xb3/code/actionHandler/ajaxSet_RIP_configuration.php
2025-08-11 04:51:59,809 - Knowledge - INFO - persist ingested knowledge for /app/data/rdk7542/90219/b413910/webui-90219/source/Styles/xb3/code/actionHandler/ajaxSet_DMZ_configuration.php
2025-08-11 04:51:59,860 - Knowledge - INFO - Found code-base-name: https://github.com/kavia-common/webui-90219.git:kavia-master
2025-08-11 04:51:59,860 - Knowledge - INFO - worker kw11 pull /app/data/rdk7542/90219/b413910/webui-90219/source/Styles/xb3/code/CSRF-Protector-PHP/libs/csrf/csrfprotector_rdkb.php from ingest queue
2025-08-11 04:51:59,860 - Knowledge - INFO - worker kw13 pull /app/data/rdk7542/90219/b413910/webui-90219/source/Styles/xb3/code/parental_reports_download.php from ingest queue
2025-08-11 04:51:59,860 - Knowledge - INFO - adding /app/data/rdk7542/90219/b413910/webui-90219/source/Styles/xb3/code/actionHandler/ajaxSet_addDevice_blockedList.php to ingest queue
2025-08-11 04:51:59,987 - Knowledge - INFO - Found code_base: <app.utils.kg_build.knowledge.KnowledgeCodeBase object at 0x7fac6214f850>
2025-08-11 04:52:00,080 - Knowledge - INFO - Found code_base: <app.utils.kg_build.knowledge.KnowledgeCodeBase object at 0x7fac6214f850>
2025-08-11 04:52:00,154 - Knowledge - INFO - Found code_base: <app.utils.kg_build.knowledge.KnowledgeCodeBase object at 0x7fac6214f850>
2025-08-11 04:52:00,240 - Knowledge - INFO - Found code_base: <app.utils.kg_build.knowledge.KnowledgeCodeBase object at 0x7fac6214f850>
2025-08-11 04:52:01,480 - Knowledge - INFO - persist ingested knowledge for /app/data/rdk7542/90219/b413910/webui-90219/source/Styles/xb3/code/port_triggering.php
2025-08-11 04:52:00,452 - Knowledge - INFO - process ingested knowledge for /app/data/rdk7542/90219/b413910/webui-90219/source/Styles/xb3/code/CSRF-Protector-PHP/libs/config.php
2025-08-11 04:52:00,715 - Knowledge - INFO - Found code_base: <app.utils.kg_build.knowledge.KnowledgeCodeBase object at 0x7fac6214f850>
2025-08-11 04:52:00,874 - Knowledge - INFO - process ingested knowledge for /app/data/rdk7542/90219/b413910/webui-90219/source/Styles/xb3/code/CSRF-Protector-PHP/libs/csrf/csrfprotector_rdkb.php
2025-08-11 04:52:00,986 - Knowledge - INFO - process ingested knowledge for /app/data/rdk7542/90219/b413910/webui-90219/source/Styles/xb3/code/parental_reports_download.php
2025-08-11 04:52:01,107 - Knowledge - INFO - adding /app/data/rdk7542/90219/b413910/webui-90219/source/Styles/xb3/code/actionHandler/ajaxSet_password_config.php to ingest queue
2025-08-11 04:52:01,175 - Knowledge - INFO - persist ingested knowledge for /app/data/rdk7542/90219/b413910/webui-90219/source/Styles/xb3/code/actionHandler/ajax_port_triggering.php
2025-08-11 04:52:01,278 - Knowledge - INFO - persist ingested knowledge for /app/data/rdk7542/90219/b413910/webui-90219/source/Styles/xb3/code/actionHandler/ajaxSet_UPnP_configuration.php
2025-08-11 04:52:01,357 - Knowledge - INFO - persist ingested knowledge for /app/data/rdk7542/90219/b413910/webui-90219/source/Styles/xb3/code/wifi_spectrum_analyzer.php
2025-08-11 04:52:00,334 - Knowledge - INFO - Found code_base: <app.utils.kg_build.knowledge.KnowledgeCodeBase object at 0x7fac6214f850>
2025-08-11 04:52:01,744 - Knowledge - INFO - persist ingested knowledge for /app/data/rdk7542/90219/b413910/webui-90219/source/Styles/xb3/code/callsignallog.php
2025-08-11 04:52:02,050 - Knowledge - INFO - adding /app/data/rdk7542/90219/b413910/webui-90219/source/Styles/xb3/code/actionHandler/ajax_troubleshooting_logs.php to ingest queue
2025-08-11 04:52:02,463 - Knowledge - INFO - persist ingested knowledge for /app/data/rdk7542/90219/b413910/webui-90219/source/Styles/xb3/code/connected_devices_computers.php
2025-08-11 04:52:02,655 - Knowledge - INFO - worker kw19 pull /app/data/rdk7542/90219/b413910/webui-90219/source/Styles/xb3/code/port_forwarding_edit.php from ingest queue
2025-08-11 04:52:02,656 - Knowledge - INFO - adding /app/data/rdk7542/90219/b413910/webui-90219/source/Styles/xb3/code/actionHandler/ajaxSet_wireless_network_configuration.php to ingest queue
2025-08-11 04:52:02,867 - Knowledge - INFO - process ingested knowledge for /app/data/rdk7542/90219/b413910/webui-90219/source/Styles/xb3/code/port_forwarding_edit.php
2025-08-11 04:52:02,948 - Knowledge - INFO - adding /app/data/rdk7542/90219/b413910/webui-90219/source/Styles/xb3/code/actionHandler/ajaxSet_firewall_config_v6.php to ingest queue
2025-08-11 04:52:03,145 - Knowledge - INFO - adding /app/data/rdk7542/90219/b413910/webui-90219/source/Styles/xb3/code/actionHandler/ajaxSet_remove_blockedSite.php to ingest queue
2025-08-11 04:52:03,236 - Knowledge - INFO - adding /app/data/rdk7542/90219/b413910/webui-90219/source/Styles/xb3/code/actionHandler/ajax_network_diagnostic_tools.php to ingest queue
2025-08-11 04:52:03,320 - Knowledge - INFO - worker kw24 pull /app/data/rdk7542/90219/b413910/webui-90219/source/Styles/xb3/code/mta_Line_Status.php from ingest queue
2025-08-11 04:52:03,320 - Knowledge - INFO - worker kw1 pull /app/data/rdk7542/90219/b413910/webui-90219/source/Styles/xb3/code/managed_devices_add_computer_allowed.php from ingest queue
2025-08-11 04:52:03,321 - Knowledge - INFO - Found code-base-name: https://github.com/kavia-common/webui-90219.git:kavia-master
2025-08-11 04:52:03,434 - Knowledge - INFO - worker kw14 pull /app/data/rdk7542/90219/b413910/webui-90219/source/Styles/xb3/code/troubleshooting_logs.php from ingest queue
2025-08-11 04:52:03,435 - Knowledge - INFO - adding /app/data/rdk7542/90219/b413910/webui-90219/source/Styles/xb3/code/actionHandler/ajax_at_a_glance.php to ingest queue
2025-08-11 04:52:03,478 - Knowledge - INFO - process ingested knowledge for /app/data/rdk7542/90219/b413910/webui-90219/source/Styles/xb3/code/mta_Line_Status.php
2025-08-11 04:52:03,572 - Knowledge - INFO - process ingested knowledge for /app/data/rdk7542/90219/b413910/webui-90219/source/Styles/xb3/code/managed_devices_add_computer_allowed.php
2025-08-11 04:52:03,680 - Knowledge - INFO - Found code_base: <app.utils.kg_build.knowledge.KnowledgeCodeBase object at 0x7fac6214f850>
2025-08-11 04:52:03,839 - Knowledge - INFO - process ingested knowledge for /app/data/rdk7542/90219/b413910/webui-90219/source/Styles/xb3/code/troubleshooting_logs.php
2025-08-11 04:52:03,888 - Knowledge - INFO - Found code-base-name: https://github.com/kavia-common/webui-90219.git:kavia-master
2025-08-11 04:52:03,888 - Knowledge - INFO - Found code-base-name: https://github.com/kavia-common/webui-90219.git:kavia-master
2025-08-11 04:52:03,889 - Knowledge - INFO - Found code-base-name: https://github.com/kavia-common/webui-90219.git:kavia-master
2025-08-11 04:52:03,890 - Knowledge - INFO - worker kw8 pull /app/data/rdk7542/90219/b413910/webui-90219/source/Styles/xb3/code/managed_sites.php from ingest queue
2025-08-11 04:52:04,121 - Knowledge - INFO - worker kw15 pull /app/data/rdk7542/90219/b413910/webui-90219/source/Styles/xb3/code/voice_quality_metrics.php from ingest queue
2025-08-11 04:52:04,121 - Knowledge - INFO - worker kw20 pull /app/data/rdk7542/90219/b413910/webui-90219/source/Styles/xb3/code/mta_Line_Diagnostics.php from ingest queue
2025-08-11 04:52:04,121 - Knowledge - INFO - worker kw17 pull /app/data/rdk7542/90219/b413910/webui-90219/source/Styles/xb3/code/managed_sites_add_site.php from ingest queue
2025-08-11 04:52:04,121 - Knowledge - INFO - worker kw21 pull /app/data/rdk7542/90219/b413910/webui-90219/source/Styles/xb3/code/cordless_handsets_add.php from ingest queue
2025-08-11 04:52:04,122 - Knowledge - INFO - worker kw16 pull /app/data/rdk7542/90219/b413910/webui-90219/source/Styles/xb3/code/admin_password_change.php from ingest queue
2025-08-11 04:52:04,174 - Knowledge - INFO - worker kw12 pull /app/data/rdk7542/90219/b413910/webui-90219/source/Styles/xb3/code/moca.php from ingest queue
2025-08-11 04:52:04,195 - Knowledge - INFO - persist ingested knowledge for /app/data/rdk7542/90219/b413910/webui-90219/source/Styles/xb3/code/at_saving.php
2025-08-11 04:52:04,236 - Knowledge - INFO - Found code-base-name: https://github.com/kavia-common/webui-90219.git:kavia-master
2025-08-11 04:52:04,237 - Knowledge - INFO - adding /app/data/rdk7542/90219/b413910/webui-90219/source/Styles/xb3/code/wifi_spectrum_analyzer.php to ingest queue
2025-08-11 04:52:04,408 - Knowledge - INFO - Found code_base: <app.utils.kg_build.knowledge.KnowledgeCodeBase object at 0x7fac6214f850>
2025-08-11 04:52:04,522 - Knowledge - INFO - Found code_base: <app.utils.kg_build.knowledge.KnowledgeCodeBase object at 0x7fac6214f850>
2025-08-11 04:52:04,643 - Knowledge - INFO - Found code_base: <app.utils.kg_build.knowledge.KnowledgeCodeBase object at 0x7fac6214f850>
2025-08-11 04:52:04,809 - Knowledge - INFO - process ingested knowledge for /app/data/rdk7542/90219/b413910/webui-90219/source/Styles/xb3/code/managed_sites.php
2025-08-11 04:52:04,905 - Knowledge - INFO - process ingested knowledge for /app/data/rdk7542/90219/b413910/webui-90219/source/Styles/xb3/code/voice_quality_metrics.php
2025-08-11 04:52:04,995 - Knowledge - INFO - process ingested knowledge for /app/data/rdk7542/90219/b413910/webui-90219/source/Styles/xb3/code/mta_Line_Diagnostics.php
2025-08-11 04:52:05,127 - Knowledge - INFO - process ingested knowledge for /app/data/rdk7542/90219/b413910/webui-90219/source/Styles/xb3/code/managed_sites_add_site.php
2025-08-11 04:52:05,237 - Knowledge - INFO - process ingested knowledge for /app/data/rdk7542/90219/b413910/webui-90219/source/Styles/xb3/code/cordless_handsets_add.php
2025-08-11 04:52:05,349 - Knowledge - INFO - process ingested knowledge for /app/data/rdk7542/90219/b413910/webui-90219/source/Styles/xb3/code/admin_password_change.php
2025-08-11 04:52:05,462 - Knowledge - INFO - process ingested knowledge for /app/data/rdk7542/90219/b413910/webui-90219/source/Styles/xb3/code/moca.php
2025-08-11 04:52:05,608 - Knowledge - INFO - Found code_base: <app.utils.kg_build.knowledge.KnowledgeCodeBase object at 0x7fac6214f850>
2025-08-11 04:52:05,707 - Knowledge - INFO - adding /app/data/rdk7542/90219/b413910/webui-90219/source/Styles/xb3/code/callsignallog.php to ingest queue
2025-08-11 04:52:05,810 - Knowledge - INFO - persist ingested knowledge for /app/data/rdk7542/90219/b413910/webui-90219/source/Styles/xb3/code/CSRF-Protector-PHP/libs/config.php
2025-08-11 04:52:05,908 - Knowledge - INFO - persist ingested knowledge for /app/data/rdk7542/90219/b413910/webui-90219/source/Styles/xb3/code/CSRF-Protector-PHP/libs/csrf/csrfprotector_rdkb.php
2025-08-11 04:52:06,012 - Knowledge - INFO - persist ingested knowledge for /app/data/rdk7542/90219/b413910/webui-90219/source/Styles/xb3/code/parental_reports_download.php
2025-08-11 04:52:06,842 - Knowledge - INFO - persist ingested knowledge for /app/data/rdk7542/90219/b413910/webui-90219/source/Styles/xb3/code/mta_Line_Status.php
2025-08-11 04:52:06,953 - Knowledge - INFO - Found code-base-name: https://github.com/kavia-common/webui-90219.git:kavia-master
2025-08-11 04:52:07,013 - Knowledge - INFO - adding /app/data/rdk7542/90219/b413910/webui-90219/source/Styles/xb3/code/actionHandler/ajaxSet_Reset_Restore.php to ingest queue
2025-08-11 04:52:07,465 - Knowledge - INFO - Found code_base: <app.utils.kg_build.knowledge.KnowledgeCodeBase object at 0x7fac6214f850>
2025-08-11 04:52:07,555 - Knowledge - INFO - Found code-base-name: https://github.com/kavia-common/webui-90219.git:kavia-master
2025-08-11 04:52:07,556 - Knowledge - INFO - worker kw9 pull /app/data/rdk7542/90219/b413910/webui-90219/source/Styles/xb3/code/managed_sites_add_keyword.php from ingest queue
2025-08-11 04:52:07,557 - Knowledge - INFO - adding /app/data/rdk7542/90219/b413910/webui-90219/source/Styles/xb3/code/actionHandler/ajaxSet_RIP_configuration.php to ingest queue
2025-08-11 04:52:07,677 - Knowledge - INFO - persist ingested knowledge for /app/data/rdk7542/90219/b413910/webui-90219/source/Styles/xb3/code/managed_devices_add_computer_allowed.php
2025-08-11 04:52:07,763 - Knowledge - INFO - Found code_base: <app.utils.kg_build.knowledge.KnowledgeCodeBase object at 0x7fac6214f850>
2025-08-11 04:52:08,144 - Knowledge - INFO - persist ingested knowledge for /app/data/rdk7542/90219/b413910/webui-90219/source/Styles/xb3/code/port_forwarding_edit.php
2025-08-11 04:52:07,968 - Knowledge - INFO - adding /app/data/rdk7542/90219/b413910/webui-90219/source/Styles/xb3/code/actionHandler/ajax_port_triggering.php to ingest queue
2025-08-11 04:52:07,897 - Knowledge - INFO - process ingested knowledge for /app/data/rdk7542/90219/b413910/webui-90219/source/Styles/xb3/code/managed_sites_add_keyword.php
2025-08-11 04:52:08,316 - Knowledge - INFO - adding /app/data/rdk7542/90219/b413910/webui-90219/source/Styles/xb3/code/port_triggering.php to ingest queue
2025-08-11 04:52:08,540 - Knowledge - INFO - adding /app/data/rdk7542/90219/b413910/webui-90219/source/Styles/xb3/code/actionHandler/ajaxSet_UPnP_configuration.php to ingest queue
2025-08-11 04:52:08,634 - Knowledge - INFO - Found code-base-name: https://github.com/kavia-common/webui-90219.git:kavia-master
2025-08-11 04:52:08,696 - Knowledge - INFO - worker kw23 pull /app/data/rdk7542/90219/b413910/webui-90219/source/Styles/xb3/code/managed_services.php from ingest queue
2025-08-11 04:52:08,696 - Knowledge - INFO - Found code-base-name: https://github.com/kavia-common/webui-90219.git:kavia-master
2025-08-11 04:52:08,696 - Knowledge - INFO - Found code-base-name: https://github.com/kavia-common/webui-90219.git:kavia-master
2025-08-11 04:52:08,696 - Knowledge - INFO - Found code-base-name: https://github.com/kavia-common/webui-90219.git:kavia-master
2025-08-11 04:52:08,696 - Knowledge - INFO - Found code-base-name: https://github.com/kavia-common/webui-90219.git:kavia-master
2025-08-11 04:52:08,697 - Knowledge - INFO - Found code-base-name: https://github.com/kavia-common/webui-90219.git:kavia-master
2025-08-11 04:52:08,697 - Knowledge - INFO - Found code-base-name: https://github.com/kavia-common/webui-90219.git:kavia-master
2025-08-11 04:52:08,697 - Knowledge - INFO - worker kw6 pull /app/data/rdk7542/90219/b413910/webui-90219/source/Styles/xb3/code/routing.php from ingest queue
2025-08-11 04:52:08,697 - Knowledge - INFO - adding /app/data/rdk7542/90219/b413910/webui-90219/source/Styles/xb3/code/connected_devices_computers.php to ingest queue
2025-08-11 04:52:08,729 - Knowledge - INFO - Found code_base: <app.utils.kg_build.knowledge.KnowledgeCodeBase object at 0x7fac6214f850>
2025-08-11 04:52:09,780 - Knowledge - INFO - persist ingested knowledge for /app/data/rdk7542/90219/b413910/webui-90219/source/Styles/xb3/code/troubleshooting_logs.php
2025-08-11 04:52:08,936 - Knowledge - INFO - Found code_base: <app.utils.kg_build.knowledge.KnowledgeCodeBase object at 0x7fac6214f850>
2025-08-11 04:52:09,030 - Knowledge - INFO - Found code_base: <app.utils.kg_build.knowledge.KnowledgeCodeBase object at 0x7fac6214f850>
2025-08-11 04:52:09,138 - Knowledge - INFO - Found code_base: <app.utils.kg_build.knowledge.KnowledgeCodeBase object at 0x7fac6214f850>
2025-08-11 04:52:09,261 - Knowledge - INFO - Found code_base: <app.utils.kg_build.knowledge.KnowledgeCodeBase object at 0x7fac6214f850>
2025-08-11 04:52:09,380 - Knowledge - INFO - Found code_base: <app.utils.kg_build.knowledge.KnowledgeCodeBase object at 0x7fac6214f850>
2025-08-11 04:52:09,471 - Knowledge - INFO - Found code_base: <app.utils.kg_build.knowledge.KnowledgeCodeBase object at 0x7fac6214f850>
2025-08-11 04:52:09,609 - Knowledge - INFO - process ingested knowledge for /app/data/rdk7542/90219/b413910/webui-90219/source/Styles/xb3/code/routing.php
2025-08-11 04:52:08,858 - Knowledge - INFO - process ingested knowledge for /app/data/rdk7542/90219/b413910/webui-90219/source/Styles/xb3/code/managed_services.php
2025-08-11 04:52:09,885 - Knowledge - INFO - worker kw3 pull /app/data/rdk7542/90219/b413910/webui-90219/source/Styles/xb3/code/DPoE.php from ingest queue
2025-08-11 04:52:09,885 - Knowledge - INFO - worker kw4 pull /app/data/rdk7542/90219/b413910/webui-90219/source/Styles/xb3/code/firewall_settings_ipv4.php from ingest queue
2025-08-11 04:52:09,948 - Knowledge - INFO - adding /app/data/rdk7542/90219/b413910/webui-90219/source/Styles/xb3/code/port_forwarding_edit.php to ingest queue
2025-08-11 04:52:09,974 - Knowledge - INFO - persist ingested knowledge for /app/data/rdk7542/90219/b413910/webui-90219/source/Styles/xb3/code/voice_quality_metrics.php
2025-08-11 04:52:10,059 - Knowledge - INFO - persist ingested knowledge for /app/data/rdk7542/90219/b413910/webui-90219/source/Styles/xb3/code/mta_Line_Diagnostics.php
2025-08-11 04:52:10,159 - Knowledge - INFO - persist ingested knowledge for /app/data/rdk7542/90219/b413910/webui-90219/source/Styles/xb3/code/managed_sites_add_site.php
2025-08-11 04:52:10,239 - Knowledge - INFO - persist ingested knowledge for /app/data/rdk7542/90219/b413910/webui-90219/source/Styles/xb3/code/cordless_handsets_add.php
2025-08-11 04:52:10,353 - Knowledge - INFO - persist ingested knowledge for /app/data/rdk7542/90219/b413910/webui-90219/source/Styles/xb3/code/admin_password_change.php
2025-08-11 04:52:10,438 - Knowledge - INFO - persist ingested knowledge for /app/data/rdk7542/90219/b413910/webui-90219/source/Styles/xb3/code/moca.php
2025-08-11 04:52:10,740 - Knowledge - INFO - process ingested knowledge for /app/data/rdk7542/90219/b413910/webui-90219/source/Styles/xb3/code/DPoE.php
2025-08-11 04:52:10,807 - Knowledge - INFO - process ingested knowledge for /app/data/rdk7542/90219/b413910/webui-90219/source/Styles/xb3/code/firewall_settings_ipv4.php
2025-08-11 04:52:10,884 - Knowledge - INFO - Found code-base-name: https://github.com/kavia-common/webui-90219.git:kavia-master
2025-08-11 04:52:10,884 - Knowledge - INFO - worker kw7 pull /app/data/rdk7542/90219/b413910/webui-90219/source/Styles/xb3/code/index_pcontrol.php from ingest queue
2025-08-11 04:52:10,885 - Knowledge - INFO - worker kw22 pull /app/data/rdk7542/90219/b413910/webui-90219/source/Styles/xb3/code/password_change.php from ingest queue
2025-08-11 04:52:10,885 - Knowledge - INFO - adding /app/data/rdk7542/90219/b413910/webui-90219/source/Styles/xb3/code/at_saving.php to ingest queue
2025-08-11 04:52:11,835 - Knowledge - INFO - Found code_base: <app.utils.kg_build.knowledge.KnowledgeCodeBase object at 0x7fac6214f850>
2025-08-11 04:52:11,953 - Knowledge - INFO - process ingested knowledge for /app/data/rdk7542/90219/b413910/webui-90219/source/Styles/xb3/code/index_pcontrol.php
2025-08-11 04:52:12,049 - Knowledge - INFO - process ingested knowledge for /app/data/rdk7542/90219/b413910/webui-90219/source/Styles/xb3/code/password_change.php
2025-08-11 04:52:12,128 - Knowledge - INFO - worker kw5 pull /app/data/rdk7542/90219/b413910/webui-90219/source/Styles/xb3/code/managed_services_add.php from ingest queue
2025-08-11 04:52:12,129 - Knowledge - INFO - adding /app/data/rdk7542/90219/b413910/webui-90219/source/Styles/xb3/code/parental_reports_download.php to ingest queue
2025-08-11 04:52:12,232 - Knowledge - INFO - persist ingested knowledge for /app/data/rdk7542/90219/b413910/webui-90219/source/Styles/xb3/code/managed_sites_add_keyword.php
2025-08-11 04:52:12,562 - Knowledge - INFO - process ingested knowledge for /app/data/rdk7542/90219/b413910/webui-90219/source/Styles/xb3/code/managed_services_add.php
2025-08-11 04:52:12,609 - Knowledge - INFO - adding /app/data/rdk7542/90219/b413910/webui-90219/source/Styles/xb3/code/actionHandler/ajaxSet_DMZ_configuration.php to ingest queue
2025-08-11 04:52:12,938 - Knowledge - INFO - adding /app/data/rdk7542/90219/b413910/webui-90219/source/Styles/xb3/code/mta_Line_Status.php to ingest queue
2025-08-11 04:52:13,138 - Knowledge - INFO - worker kw10 pull /app/data/rdk7542/90219/b413910/webui-90219/source/Styles/xb3/code/cmn/css/common.css from ingest queue
2025-08-11 04:52:13,139 - Knowledge - INFO - Found code-base-name: https://github.com/kavia-common/webui-90219.git:kavia-master
2025-08-11 04:52:13,140 - Knowledge - INFO - worker kw19 pull /app/data/rdk7542/90219/b413910/webui-90219/source/Styles/xb3/code/cmn/css/global.css from ingest queue
2025-08-11 04:52:13,333 - Knowledge - INFO - process ingested knowledge for /app/data/rdk7542/90219/b413910/webui-90219/source/Styles/xb3/code/cmn/css/common.css
2025-08-11 04:52:13,367 - Knowledge - INFO - Found code_base: <app.utils.kg_build.knowledge.KnowledgeCodeBase object at 0x7fac6214f850>
2025-08-11 04:52:13,496 - Knowledge - INFO - process ingested knowledge for /app/data/rdk7542/90219/b413910/webui-90219/source/Styles/xb3/code/cmn/css/global.css
2025-08-11 04:52:13,551 - Knowledge - INFO - Found code-base-name: https://github.com/kavia-common/webui-90219.git:kavia-master
2025-08-11 04:52:13,551 - Knowledge - INFO - Found code-base-name: https://github.com/kavia-common/webui-90219.git:kavia-master
2025-08-11 04:52:13,551 - Knowledge - INFO - adding /app/data/rdk7542/90219/b413910/webui-90219/source/Styles/xb3/code/CSRF-Protector-PHP/libs/csrf/csrfprotector_rdkb.php to ingest queue
2025-08-11 04:52:13,625 - Knowledge - INFO - persist ingested knowledge for /app/data/rdk7542/90219/b413910/webui-90219/source/Styles/xb3/code/managed_services.php
2025-08-11 04:52:13,828 - Knowledge - INFO - Found code_base: <app.utils.kg_build.knowledge.KnowledgeCodeBase object at 0x7fac6214f850>
2025-08-11 04:52:13,927 - Knowledge - INFO - Found code_base: <app.utils.kg_build.knowledge.KnowledgeCodeBase object at 0x7fac6214f850>
2025-08-11 04:52:14,003 - Knowledge - INFO - worker kw25 pull /app/data/rdk7542/90219/b413910/webui-90219/source/Styles/xb3/code/cmn/css/print.css from ingest queue
2025-08-11 04:52:14,004 - Knowledge - INFO - Found code-base-name: https://github.com/kavia-common/webui-90219.git:kavia-master
2025-08-11 04:52:14,005 - Knowledge - INFO - worker kw13 pull /app/data/rdk7542/90219/b413910/webui-90219/source/Styles/xb3/code/cmn/css/ie6-min.css from ingest queue
2025-08-11 04:52:14,005 - Knowledge - INFO - Found code-base-name: https://github.com/kavia-common/webui-90219.git:kavia-master
2025-08-11 04:52:14,005 - Knowledge - INFO - worker kw2 pull /app/data/rdk7542/90219/b413910/webui-90219/source/Styles/xb3/code/cmn/css/ie7.css from ingest queue
2025-08-11 04:52:14,005 - Knowledge - INFO - adding /app/data/rdk7542/90219/b413910/webui-90219/source/Styles/xb3/code/managed_devices_add_computer_allowed.php to ingest queue
2025-08-11 04:52:14,175 - Knowledge - INFO - persist ingested knowledge for /app/data/rdk7542/90219/b413910/webui-90219/source/Styles/xb3/code/DPoE.php
2025-08-11 04:52:14,252 - Knowledge - INFO - persist ingested knowledge for /app/data/rdk7542/90219/b413910/webui-90219/source/Styles/xb3/code/firewall_settings_ipv4.php
2025-08-11 04:52:14,399 - Knowledge - INFO - process ingested knowledge for /app/data/rdk7542/90219/b413910/webui-90219/source/Styles/xb3/code/cmn/css/print.css
2025-08-11 04:52:14,443 - Knowledge - INFO - Found code_base: <app.utils.kg_build.knowledge.KnowledgeCodeBase object at 0x7fac6214f850>
2025-08-11 04:52:14,576 - Knowledge - INFO - process ingested knowledge for /app/data/rdk7542/90219/b413910/webui-90219/source/Styles/xb3/code/cmn/css/ie6-min.css
2025-08-11 04:52:14,615 - Knowledge - INFO - Found code_base: <app.utils.kg_build.knowledge.KnowledgeCodeBase object at 0x7fac6214f850>
2025-08-11 04:52:14,736 - Knowledge - INFO - process ingested knowledge for /app/data/rdk7542/90219/b413910/webui-90219/source/Styles/xb3/code/cmn/css/ie7.css
2025-08-11 04:52:14,789 - Knowledge - INFO - adding /app/data/rdk7542/90219/b413910/webui-90219/source/Styles/xb3/code/troubleshooting_logs.php to ingest queue
2025-08-11 04:52:15,595 - Knowledge - INFO - Found code-base-name: https://github.com/kavia-common/webui-90219.git:kavia-master
2025-08-11 04:52:15,371 - Knowledge - INFO - persist ingested knowledge for /app/data/rdk7542/90219/b413910/webui-90219/source/Styles/xb3/code/managed_services_add.php
2025-08-11 04:52:15,187 - Knowledge - INFO - persist ingested knowledge for /app/data/rdk7542/90219/b413910/webui-90219/source/Styles/xb3/code/password_change.php
2025-08-11 04:52:15,595 - Knowledge - INFO - Found code-base-name: https://github.com/kavia-common/webui-90219.git:kavia-master
2025-08-11 04:52:15,595 - Knowledge - INFO - worker kw14 pull /app/data/rdk7542/90219/b413910/webui-90219/source/Styles/xb3/code/cmn/css/comcastPaginator.css from ingest queue
2025-08-11 04:52:15,596 - Knowledge - INFO - adding /app/data/rdk7542/90219/b413910/webui-90219/source/Styles/xb3/code/mta_Line_Diagnostics.php to ingest queue
2025-08-11 04:52:15,692 - Knowledge - INFO - Found code_base: <app.utils.kg_build.knowledge.KnowledgeCodeBase object at 0x7fac6214f850>
2025-08-11 04:52:16,015 - Knowledge - INFO - Found code_base: <app.utils.kg_build.knowledge.KnowledgeCodeBase object at 0x7fac6214f850>
2025-08-11 04:52:16,160 - Knowledge - INFO - process ingested knowledge for /app/data/rdk7542/90219/b413910/webui-90219/source/Styles/xb3/code/cmn/css/comcastPaginator.css
2025-08-11 04:52:16,236 - Knowledge - INFO - adding /app/data/rdk7542/90219/b413910/webui-90219/source/Styles/xb3/code/managed_sites_add_site.php to ingest queue
2025-08-11 04:52:16,313 - Knowledge - INFO - persist ingested knowledge for /app/data/rdk7542/90219/b413910/webui-90219/source/Styles/xb3/code/routing.php
2025-08-11 04:52:16,415 - Knowledge - INFO - persist ingested knowledge for /app/data/rdk7542/90219/b413910/webui-90219/source/Styles/xb3/code/managed_sites.php
2025-08-11 04:52:16,621 - Knowledge - INFO - adding /app/data/rdk7542/90219/b413910/webui-90219/source/Styles/xb3/code/cordless_handsets_add.php to ingest queue
2025-08-11 04:52:16,892 - Knowledge - INFO - adding /app/data/rdk7542/90219/b413910/webui-90219/source/Styles/xb3/code/admin_password_change.php to ingest queue
2025-08-11 04:52:17,002 - Knowledge - INFO - Found code-base-name: https://github.com/kavia-common/webui-90219.git:kavia-master
2025-08-11 04:52:17,002 - Knowledge - INFO - adding /app/data/rdk7542/90219/b413910/webui-90219/source/Styles/xb3/code/moca.php to ingest queue
2025-08-11 04:52:17,107 - Knowledge - INFO - Found code_base: <app.utils.kg_build.knowledge.KnowledgeCodeBase object at 0x7fac6214f850>
2025-08-11 04:52:17,227 - Knowledge - INFO - Found code-base-name: https://github.com/kavia-common/webui-90219.git:kavia-master
2025-08-11 04:52:17,228 - Knowledge - INFO - worker kw11 pull /app/data/rdk7542/90219/b413910/webui-90219/source/Styles/xb3/code/cmn/css/common-min.css from ingest queue
2025-08-11 04:52:17,229 - Knowledge - INFO - Found code-base-name: https://github.com/kavia-common/webui-90219.git:kavia-master
2025-08-11 04:52:17,229 - Knowledge - INFO - worker kw24 pull /app/data/rdk7542/90219/b413910/webui-90219/source/Styles/xb3/code/cmn/css/highContrast.css from ingest queue
2025-08-11 04:52:17,336 - Knowledge - INFO - persist ingested knowledge for /app/data/rdk7542/90219/b413910/webui-90219/source/Styles/xb3/code/cmn/css/common.css
2025-08-11 04:52:17,414 - Knowledge - INFO - Found code-base-name: https://github.com/kavia-common/webui-90219.git:kavia-master
2025-08-11 04:52:17,414 - Knowledge - INFO - Found code-base-name: https://github.com/kavia-common/webui-90219.git:kavia-master
2025-08-11 04:52:17,415 - Knowledge - INFO - Found code-base-name: https://github.com/kavia-common/webui-90219.git:kavia-master
2025-08-11 04:52:17,415 - Knowledge - INFO - adding /app/data/rdk7542/90219/b413910/webui-90219/source/Styles/xb3/code/CSRF-Protector-PHP/libs/config.php to ingest queue
2025-08-11 04:52:17,431 - Knowledge - INFO - Found code_base: <app.utils.kg_build.knowledge.KnowledgeCodeBase object at 0x7fac6214f850>
2025-08-11 04:52:17,585 - Knowledge - INFO - process ingested knowledge for /app/data/rdk7542/90219/b413910/webui-90219/source/Styles/xb3/code/cmn/css/common-min.css
2025-08-11 04:52:17,647 - Knowledge - INFO - Found code_base: <app.utils.kg_build.knowledge.KnowledgeCodeBase object at 0x7fac6214f850>
2025-08-11 04:52:17,815 - Knowledge - INFO - process ingested knowledge for /app/data/rdk7542/90219/b413910/webui-90219/source/Styles/xb3/code/cmn/css/highContrast.css
2025-08-11 04:52:17,970 - Knowledge - INFO - Found code_base: <app.utils.kg_build.knowledge.KnowledgeCodeBase object at 0x7fac6214f850>
2025-08-11 04:52:18,085 - Knowledge - INFO - Found code_base: <app.utils.kg_build.knowledge.KnowledgeCodeBase object at 0x7fac6214f850>
2025-08-11 04:52:18,180 - Knowledge - INFO - Found code_base: <app.utils.kg_build.knowledge.KnowledgeCodeBase object at 0x7fac6214f850>
2025-08-11 04:52:18,300 - Knowledge - INFO - adding /app/data/rdk7542/90219/b413910/webui-90219/source/Styles/xb3/code/voice_quality_metrics.php to ingest queue
2025-08-11 04:52:18,394 - Knowledge - INFO - persist ingested knowledge for /app/data/rdk7542/90219/b413910/webui-90219/source/Styles/xb3/code/cmn/css/global.css
2025-08-11 04:52:18,597 - Knowledge - INFO - persist ingested knowledge for /app/data/rdk7542/90219/b413910/webui-90219/source/Styles/xb3/code/index_pcontrol.php
2025-08-11 04:52:18,786 - Knowledge - INFO - persist ingested knowledge for /app/data/rdk7542/90219/b413910/webui-90219/source/Styles/xb3/code/cmn/css/print.css
2025-08-11 04:52:18,870 - Knowledge - INFO - persist ingested knowledge for /app/data/rdk7542/90219/b413910/webui-90219/source/Styles/xb3/code/cmn/css/ie6-min.css
2025-08-11 04:52:18,948 - Knowledge - INFO - persist ingested knowledge for /app/data/rdk7542/90219/b413910/webui-90219/source/Styles/xb3/code/cmn/css/ie7.css
2025-08-11 04:52:19,068 - Knowledge - INFO - worker kw15 pull /app/data/rdk7542/90219/b413910/webui-90219/source/Styles/xb3/code/cmn/css/ie7-min.css from ingest queue
2025-08-11 04:52:19,068 - Knowledge - INFO - worker kw20 pull /app/data/rdk7542/90219/b413910/webui-90219/source/Styles/xb3/code/cmn/css/ie6.css from ingest queue
2025-08-11 04:52:19,069 - Knowledge - INFO - Found code-base-name: https://github.com/kavia-common/webui-90219.git:kavia-master
2025-08-11 04:52:19,202 - Knowledge - INFO - worker kw21 pull /app/data/rdk7542/90219/b413910/webui-90219/source/Styles/xb3/code/cmn/css/styles.css from ingest queue
2025-08-11 04:52:19,203 - Knowledge - INFO - worker kw16 pull /app/data/rdk7542/90219/b413910/webui-90219/source/Styles/xb3/code/cmn/css/lib/vis-network.min.css from ingest queue
2025-08-11 04:52:19,269 - Knowledge - INFO - adding /app/data/rdk7542/90219/b413910/webui-90219/source/Styles/xb3/code/managed_services.php to ingest queue
2025-08-11 04:52:19,700 - Knowledge - INFO - process ingested knowledge for /app/data/rdk7542/90219/b413910/webui-90219/source/Styles/xb3/code/cmn/css/ie7-min.css
2025-08-11 04:52:19,801 - Knowledge - INFO - process ingested knowledge for /app/data/rdk7542/90219/b413910/webui-90219/source/Styles/xb3/code/cmn/css/ie6.css
2025-08-11 04:52:19,864 - Knowledge - INFO - Found code_base: <app.utils.kg_build.knowledge.KnowledgeCodeBase object at 0x7fac6214f850>
2025-08-11 04:52:20,008 - Knowledge - INFO - process ingested knowledge for /app/data/rdk7542/90219/b413910/webui-90219/source/Styles/xb3/code/cmn/css/styles.css
2025-08-11 04:52:20,128 - Knowledge - INFO - process ingested knowledge for /app/data/rdk7542/90219/b413910/webui-90219/source/Styles/xb3/code/cmn/css/lib/vis-network.min.css
2025-08-11 04:52:20,195 - Knowledge - INFO - adding /app/data/rdk7542/90219/b413910/webui-90219/source/Styles/xb3/code/DPoE.php to ingest queue
2025-08-11 04:52:20,568 - Knowledge - INFO - persist ingested knowledge for /app/data/rdk7542/90219/b413910/webui-90219/source/Styles/xb3/code/cmn/css/comcastPaginator.css
2025-08-11 04:52:20,882 - Knowledge - INFO - adding /app/data/rdk7542/90219/b413910/webui-90219/source/Styles/xb3/code/firewall_settings_ipv4.php to ingest queue
2025-08-11 04:52:21,179 - Knowledge - INFO - worker kw18 pull /app/data/rdk7542/90219/b413910/webui-90219/source/Styles/xb3/code/cmn/css/lib/jquery.radioswitch.css from ingest queue
2025-08-11 04:52:21,179 - Knowledge - INFO - Found code-base-name: https://github.com/kavia-common/webui-90219.git:kavia-master
2025-08-11 04:52:21,181 - Knowledge - INFO - worker kw17 pull /app/data/rdk7542/90219/b413910/webui-90219/source/Styles/xb3/code/cmn/css/lib/reset-2.7.0.min.css from ingest queue
2025-08-11 04:52:21,240 - Knowledge - INFO - adding /app/data/rdk7542/90219/b413910/webui-90219/source/Styles/xb3/code/routing.php to ingest queue
2025-08-11 04:52:21,309 - Knowledge - INFO - process ingested knowledge for /app/data/rdk7542/90219/b413910/webui-90219/source/Styles/xb3/code/cmn/css/lib/jquery.radioswitch.css
2025-08-11 04:52:21,353 - Knowledge - INFO - Found code_base: <app.utils.kg_build.knowledge.KnowledgeCodeBase object at 0x7fac6214f850>
2025-08-11 04:52:21,523 - Knowledge - INFO - process ingested knowledge for /app/data/rdk7542/90219/b413910/webui-90219/source/Styles/xb3/code/cmn/css/lib/reset-2.7.0.min.css
2025-08-11 04:52:21,636 - Knowledge - INFO - worker kw12 pull /app/data/rdk7542/90219/b413910/webui-90219/source/Styles/xb3/code/cmn/css/lib/jquery.foldertree.css from ingest queue
2025-08-11 04:52:21,636 - Knowledge - INFO - worker kw1 pull /app/data/rdk7542/90219/b413910/webui-90219/source/Styles/xb3/code/cmn/css/lib/reset-meyer-1.0.min.css from ingest queue
2025-08-11 04:52:21,636 - Knowledge - INFO - adding /app/data/rdk7542/90219/b413910/webui-90219/source/Styles/xb3/code/managed_sites_add_keyword.php to ingest queue
2025-08-11 04:52:21,764 - Knowledge - INFO - persist ingested knowledge for /app/data/rdk7542/90219/b413910/webui-90219/source/Styles/xb3/code/cmn/css/highContrast.css
2025-08-11 04:52:22,042 - Knowledge - INFO - process ingested knowledge for /app/data/rdk7542/90219/b413910/webui-90219/source/Styles/xb3/code/cmn/css/lib/jquery.foldertree.css
2025-08-11 04:52:22,119 - Knowledge - INFO - process ingested knowledge for /app/data/rdk7542/90219/b413910/webui-90219/source/Styles/xb3/code/cmn/css/lib/reset-meyer-1.0.min.css
2025-08-11 04:52:22,350 - Knowledge - INFO - worker kw23 pull /app/data/rdk7542/90219/b413910/webui-90219/source/Styles/xb3/code/cmn/syndication/device_pause_screen/device_pause_screen_default.php from ingest queue
2025-08-11 04:52:22,350 - Knowledge - INFO - Found code-base-name: https://github.com/kavia-common/webui-90219.git:kavia-master
2025-08-11 04:52:22,350 - Knowledge - INFO - Found code-base-name: https://github.com/kavia-common/webui-90219.git:kavia-master
2025-08-11 04:52:22,350 - Knowledge - INFO - Found code-base-name: https://github.com/kavia-common/webui-90219.git:kavia-master
2025-08-11 04:52:22,350 - Knowledge - INFO - worker kw3 pull /app/data/rdk7542/90219/b413910/webui-90219/source/Styles/xb3/code/cmn/syndication/device_pause_screen/device_pause_screen_comcast.php from ingest queue
2025-08-11 04:52:22,405 - Knowledge - INFO - Found code-base-name: https://github.com/kavia-common/webui-90219.git:kavia-master
2025-08-11 04:52:22,406 - Knowledge - INFO - adding /app/data/rdk7542/90219/b413910/webui-90219/source/Styles/xb3/code/cmn/css/common.css to ingest queue
2025-08-11 04:52:22,646 - Knowledge - INFO - process ingested knowledge for /app/data/rdk7542/90219/b413910/webui-90219/source/Styles/xb3/code/cmn/syndication/device_pause_screen/device_pause_screen_default.php
2025-08-11 04:52:22,732 - Knowledge - INFO - Found code_base: <app.utils.kg_build.knowledge.KnowledgeCodeBase object at 0x7fac6214f850>
2025-08-11 04:52:22,834 - Knowledge - INFO - Found code_base: <app.utils.kg_build.knowledge.KnowledgeCodeBase object at 0x7fac6214f850>
2025-08-11 04:52:22,954 - Knowledge - INFO - Found code_base: <app.utils.kg_build.knowledge.KnowledgeCodeBase object at 0x7fac6214f850>
2025-08-11 04:52:23,123 - Knowledge - INFO - process ingested knowledge for /app/data/rdk7542/90219/b413910/webui-90219/source/Styles/xb3/code/cmn/syndication/device_pause_screen/device_pause_screen_comcast.php
2025-08-11 04:52:23,188 - Knowledge - INFO - Found code_base: <app.utils.kg_build.knowledge.KnowledgeCodeBase object at 0x7fac6214f850>
2025-08-11 04:52:23,346 - Knowledge - INFO - adding /app/data/rdk7542/90219/b413910/webui-90219/source/Styles/xb3/code/managed_services_add.php to ingest queue
2025-08-11 04:52:23,511 - Knowledge - INFO - persist ingested knowledge for /app/data/rdk7542/90219/b413910/webui-90219/source/Styles/xb3/code/cmn/css/ie6.css
2025-08-11 04:52:23,592 - Knowledge - INFO - persist ingested knowledge for /app/data/rdk7542/90219/b413910/webui-90219/source/Styles/xb3/code/cmn/css/styles.css
2025-08-11 04:52:23,672 - Knowledge - INFO - persist ingested knowledge for /app/data/rdk7542/90219/b413910/webui-90219/source/Styles/xb3/code/cmn/css/lib/vis-network.min.css
2025-08-11 04:52:23,856 - Knowledge - INFO - persist ingested knowledge for /app/data/rdk7542/90219/b413910/webui-90219/source/Styles/xb3/code/cmn/css/common-min.css
2025-08-11 04:52:23,945 - Knowledge - INFO - worker kw6 pull /app/data/rdk7542/90219/b413910/webui-90219/source/Styles/xb3/code/cmn/syndication/img/captiveportal_xfinity_logo_svg.php from ingest queue
2025-08-11 04:52:23,945 - Knowledge - INFO - adding /app/data/rdk7542/90219/b413910/webui-90219/source/Styles/xb3/code/managed_sites.php to ingest queue
2025-08-11 04:52:24,570 - Knowledge - INFO - process ingested knowledge for /app/data/rdk7542/90219/b413910/webui-90219/source/Styles/xb3/code/cmn/syndication/img/captiveportal_xfinity_logo_svg.php
2025-08-11 04:52:24,624 - Knowledge - INFO - worker kw8 pull /app/data/rdk7542/90219/b413910/webui-90219/source/Styles/xb3/code/cmn/js/utilityFunctions.js from ingest queue
2025-08-11 04:52:24,688 - Knowledge - INFO - worker kw9 pull /app/data/rdk7542/90219/b413910/webui-90219/source/Styles/xb3/code/cmn/js/gateway.js from ingest queue
2025-08-11 04:52:24,688 - Knowledge - INFO - adding /app/data/rdk7542/90219/b413910/webui-90219/source/Styles/xb3/code/cmn/css/print.css to ingest queue
2025-08-11 04:52:24,891 - Knowledge - INFO - process ingested knowledge for /app/data/rdk7542/90219/b413910/webui-90219/source/Styles/xb3/code/cmn/js/utilityFunctions.js
2025-08-11 04:52:24,948 - Knowledge - INFO - process ingested knowledge for /app/data/rdk7542/90219/b413910/webui-90219/source/Styles/xb3/code/cmn/js/gateway.js
2025-08-11 04:52:25,046 - Knowledge - INFO - Found code-base-name: https://github.com/kavia-common/webui-90219.git:kavia-master
2025-08-11 04:52:25,046 - Knowledge - INFO - adding /app/data/rdk7542/90219/b413910/webui-90219/source/Styles/xb3/code/cmn/css/ie7.css to ingest queue
2025-08-11 04:52:25,375 - Knowledge - INFO - worker kw4 pull /app/data/rdk7542/90219/b413910/webui-90219/source/Styles/xb3/code/cmn/js/lib/jquery.highContrastDetect.js from ingest queue
2025-08-11 04:52:25,254 - Knowledge - INFO - Found code_base: <app.utils.kg_build.knowledge.KnowledgeCodeBase object at 0x7fac6214f850>
2025-08-11 04:52:25,377 - Knowledge - INFO - Found code-base-name: https://github.com/kavia-common/webui-90219.git:kavia-master
2025-08-11 04:52:25,378 - Knowledge - INFO - Found code-base-name: https://github.com/kavia-common/webui-90219.git:kavia-master
2025-08-11 04:52:25,378 - Knowledge - INFO - worker kw10 pull /app/data/rdk7542/90219/b413910/webui-90219/source/Styles/xb3/code/cmn/js/lib/jquery.virtualDialog.js from ingest queue
2025-08-11 04:52:25,379 - Knowledge - INFO - Found code-base-name: https://github.com/kavia-common/webui-90219.git:kavia-master
2025-08-11 04:52:25,379 - Knowledge - INFO - Found code-base-name: https://github.com/kavia-common/webui-90219.git:kavia-master
2025-08-11 04:52:25,379 - Knowledge - INFO - worker kw5 pull /app/data/rdk7542/90219/b413910/webui-90219/source/Styles/xb3/code/cmn/js/lib/jquery.alerts.js from ingest queue
2025-08-11 04:52:25,380 - Knowledge - INFO - adding /app/data/rdk7542/90219/b413910/webui-90219/source/Styles/xb3/code/cmn/css/global.css to ingest queue
2025-08-11 04:52:25,508 - Knowledge - INFO - process ingested knowledge for /app/data/rdk7542/90219/b413910/webui-90219/source/Styles/xb3/code/cmn/js/lib/jquery.highContrastDetect.js
2025-08-11 04:52:25,577 - Knowledge - INFO - persist ingested knowledge for /app/data/rdk7542/90219/b413910/webui-90219/source/Styles/xb3/code/cmn/css/ie7-min.css
2025-08-11 04:52:25,673 - Knowledge - INFO - Found code_base: <app.utils.kg_build.knowledge.KnowledgeCodeBase object at 0x7fac6214f850>
2025-08-11 04:52:25,793 - Knowledge - INFO - Found code_base: <app.utils.kg_build.knowledge.KnowledgeCodeBase object at 0x7fac6214f850>
2025-08-11 04:52:25,947 - Knowledge - INFO - process ingested knowledge for /app/data/rdk7542/90219/b413910/webui-90219/source/Styles/xb3/code/cmn/js/lib/jquery.virtualDialog.js
2025-08-11 04:52:25,988 - Knowledge - INFO - Found code_base: <app.utils.kg_build.knowledge.KnowledgeCodeBase object at 0x7fac6214f850>
2025-08-11 04:52:26,117 - Knowledge - INFO - Found code_base: <app.utils.kg_build.knowledge.KnowledgeCodeBase object at 0x7fac6214f850>
2025-08-11 04:52:26,243 - Knowledge - INFO - process ingested knowledge for /app/data/rdk7542/90219/b413910/webui-90219/source/Styles/xb3/code/cmn/js/lib/jquery.alerts.js
2025-08-11 04:52:26,450 - Knowledge - INFO - Found code-base-name: https://github.com/kavia-common/webui-90219.git:kavia-master
2025-08-11 04:52:26,450 - Knowledge - INFO - Found code-base-name: https://github.com/kavia-common/webui-90219.git:kavia-master
2025-08-11 04:52:26,451 - Knowledge - INFO - adding /app/data/rdk7542/90219/b413910/webui-90219/source/Styles/xb3/code/cmn/css/ie6-min.css to ingest queue
2025-08-11 04:52:27,274 - Knowledge - INFO - adding /app/data/rdk7542/90219/b413910/webui-90219/source/Styles/xb3/code/index_pcontrol.php to ingest queue
2025-08-11 04:52:26,604 - Knowledge - INFO - persist ingested knowledge for /app/data/rdk7542/90219/b413910/webui-90219/source/Styles/xb3/code/cmn/css/lib/reset-meyer-1.0.min.css
2025-08-11 04:52:26,780 - Knowledge - INFO - persist ingested knowledge for /app/data/rdk7542/90219/b413910/webui-90219/source/Styles/xb3/code/cmn/syndication/device_pause_screen/device_pause_screen_default.php
2025-08-11 04:52:26,875 - Knowledge - INFO - persist ingested knowledge for /app/data/rdk7542/90219/b413910/webui-90219/source/Styles/xb3/code/cmn/syndication/device_pause_screen/device_pause_screen_comcast.php
2025-08-11 04:52:27,091 - Knowledge - INFO - Found code_base: <app.utils.kg_build.knowledge.KnowledgeCodeBase object at 0x7fac6214f850>
2025-08-11 04:52:27,183 - Knowledge - INFO - Found code_base: <app.utils.kg_build.knowledge.KnowledgeCodeBase object at 0x7fac6214f850>
2025-08-11 04:52:26,532 - Knowledge - INFO - persist ingested knowledge for /app/data/rdk7542/90219/b413910/webui-90219/source/Styles/xb3/code/cmn/css/lib/jquery.foldertree.css
2025-08-11 04:52:27,392 - Knowledge - INFO - Found code-base-name: https://github.com/kavia-common/webui-90219.git:kavia-master
2025-08-11 04:52:27,392 - Knowledge - INFO - worker kw25 pull /app/data/rdk7542/90219/b413910/webui-90219/source/Styles/xb3/code/cmn/js/lib/jquery.radioswitch.js from ingest queue
2025-08-11 04:52:27,393 - Knowledge - INFO - adding /app/data/rdk7542/90219/b413910/webui-90219/source/Styles/xb3/code/cmn/css/highContrast.css to ingest queue
2025-08-11 04:52:27,759 - Knowledge - INFO - persist ingested knowledge for /app/data/rdk7542/90219/b413910/webui-90219/source/Styles/xb3/code/cmn/css/lib/jquery.radioswitch.css
2025-08-11 04:52:27,870 - Knowledge - INFO - persist ingested knowledge for /app/data/rdk7542/90219/b413910/webui-90219/source/Styles/xb3/code/cmn/css/lib/reset-2.7.0.min.css
2025-08-11 04:52:28,080 - Knowledge - INFO - Found code_base: <app.utils.kg_build.knowledge.KnowledgeCodeBase object at 0x7fac6214f850>
2025-08-11 04:52:28,244 - Knowledge - INFO - process ingested knowledge for /app/data/rdk7542/90219/b413910/webui-90219/source/Styles/xb3/code/cmn/js/lib/jquery.radioswitch.js
2025-08-11 04:52:28,310 - Knowledge - INFO - Found code-base-name: https://github.com/kavia-common/webui-90219.git:kavia-master
2025-08-11 04:52:28,311 - Knowledge - INFO - adding /app/data/rdk7542/90219/b413910/webui-90219/source/Styles/xb3/code/cmn/css/comcastPaginator.css to ingest queue
2025-08-11 04:52:28,598 - Knowledge - INFO - persist ingested knowledge for /app/data/rdk7542/90219/b413910/webui-90219/source/Styles/xb3/code/cmn/syndication/img/captiveportal_xfinity_logo_svg.php
2025-08-11 04:52:28,822 - Knowledge - INFO - Found code_base: <app.utils.kg_build.knowledge.KnowledgeCodeBase object at 0x7fac6214f850>
2025-08-11 04:52:29,075 - Knowledge - INFO - persist ingested knowledge for /app/data/rdk7542/90219/b413910/webui-90219/source/Styles/xb3/code/cmn/js/gateway.js
2025-08-11 04:52:28,969 - Knowledge - INFO - worker kw19 pull /app/data/rdk7542/90219/b413910/webui-90219/source/Styles/xb3/code/cmn/js/lib/jquery-migrate-1.2.1.js from ingest queue
2025-08-11 04:52:28,969 - Knowledge - INFO - Found code-base-name: https://github.com/kavia-common/webui-90219.git:kavia-master
2025-08-11 04:52:28,969 - Knowledge - INFO - adding /app/data/rdk7542/90219/b413910/webui-90219/source/Styles/xb3/code/cmn/css/lib/vis-network.min.css to ingest queue
2025-08-11 04:52:28,902 - Knowledge - INFO - worker kw2 pull /app/data/rdk7542/90219/b413910/webui-90219/source/Styles/xb3/code/cmn/js/lib/vis-network.min.js from ingest queue
2025-08-11 04:52:29,315 - Knowledge - INFO - process ingested knowledge for /app/data/rdk7542/90219/b413910/webui-90219/source/Styles/xb3/code/cmn/js/lib/jquery-migrate-1.2.1.js
2025-08-11 04:52:29,363 - Knowledge - INFO - Found code_base: <app.utils.kg_build.knowledge.KnowledgeCodeBase object at 0x7fac6214f850>
2025-08-11 04:52:29,447 - Knowledge - INFO - adding /app/data/rdk7542/90219/b413910/webui-90219/source/Styles/xb3/code/cmn/css/common-min.css to ingest queue
2025-08-11 04:52:29,580 - Knowledge - INFO - process ingested knowledge for /app/data/rdk7542/90219/b413910/webui-90219/source/Styles/xb3/code/cmn/js/lib/vis-network.min.js
2025-08-11 04:52:29,725 - Knowledge - INFO - persist ingested knowledge for /app/data/rdk7542/90219/b413910/webui-90219/source/Styles/xb3/code/cmn/js/lib/jquery.highContrastDetect.js
2025-08-11 04:52:29,936 - Knowledge - INFO - Found code-base-name: https://github.com/kavia-common/webui-90219.git:kavia-master
2025-08-11 04:52:30,135 - Knowledge - INFO - Found code_base: <app.utils.kg_build.knowledge.KnowledgeCodeBase object at 0x7fac6214f850>
2025-08-11 04:52:29,936 - Knowledge - INFO - worker kw13 pull /app/data/rdk7542/90219/b413910/webui-90219/source/Styles/xb3/code/cmn/js/lib/jquery.foldertree.js from ingest queue
2025-08-11 04:52:29,936 - Knowledge - INFO - worker kw7 pull /app/data/rdk7542/90219/b413910/webui-90219/source/Styles/xb3/code/cmn/js/lib/jquery-simple-pagination-plugin.js from ingest queue
2025-08-11 04:52:29,936 - Knowledge - INFO - Found code-base-name: https://github.com/kavia-common/webui-90219.git:kavia-master
2025-08-11 04:52:30,216 - Knowledge - INFO - persist ingested knowledge for /app/data/rdk7542/90219/b413910/webui-90219/source/Styles/xb3/code/cmn/js/lib/jquery.virtualDialog.js
2025-08-11 04:52:30,272 - Knowledge - INFO - Found code-base-name: https://github.com/kavia-common/webui-90219.git:kavia-master
2025-08-11 04:52:30,272 - Knowledge - INFO - adding /app/data/rdk7542/90219/b413910/webui-90219/source/Styles/xb3/code/password_change.php to ingest queue
2025-08-11 04:52:30,402 - Knowledge - INFO - process ingested knowledge for /app/data/rdk7542/90219/b413910/webui-90219/source/Styles/xb3/code/cmn/js/lib/jquery.foldertree.js
2025-08-11 04:52:30,470 - Knowledge - INFO - process ingested knowledge for /app/data/rdk7542/90219/b413910/webui-90219/source/Styles/xb3/code/cmn/js/lib/jquery-simple-pagination-plugin.js
2025-08-11 04:52:30,549 - Knowledge - INFO - Found code_base: <app.utils.kg_build.knowledge.KnowledgeCodeBase object at 0x7fac6214f850>
2025-08-11 04:52:30,753 - Knowledge - INFO - Found code_base: <app.utils.kg_build.knowledge.KnowledgeCodeBase object at 0x7fac6214f850>
2025-08-11 04:52:30,844 - Knowledge - INFO - worker kw14 pull /app/data/rdk7542/90219/b413910/webui-90219/source/Styles/xb3/code/cmn/js/lib/jquery.validate.js from ingest queue
2025-08-11 04:52:30,845 - Knowledge - INFO - worker kw22 pull /app/data/rdk7542/90219/b413910/webui-90219/source/Styles/xb3/code/cmn/js/lib/jquery.ciscoExt.js from ingest queue
2025-08-11 04:52:30,930 - Knowledge - INFO - worker kw16 pull /app/data/rdk7542/90219/b413910/webui-90219/source/Styles/xb3/code/cmn/js/lib/jquery.alerts.progress.js from ingest queue
2025-08-11 04:52:30,931 - Knowledge - INFO - Found code-base-name: https://github.com/kavia-common/webui-90219.git:kavia-master
2025-08-11 04:52:30,931 - Knowledge - INFO - adding /app/data/rdk7542/90219/b413910/webui-90219/source/Styles/xb3/code/cmn/css/ie7-min.css to ingest queue
2025-08-11 04:52:31,123 - Knowledge - INFO - persist ingested knowledge for /app/data/rdk7542/90219/b413910/webui-90219/source/Styles/xb3/code/cmn/js/lib/jquery.alerts.js
2025-08-11 04:52:31,188 - Knowledge - INFO - persist ingested knowledge for /app/data/rdk7542/90219/b413910/webui-90219/source/Styles/xb3/code/cmn/js/lib/jquery.radioswitch.js
2025-08-11 04:52:31,343 - Knowledge - INFO - process ingested knowledge for /app/data/rdk7542/90219/b413910/webui-90219/source/Styles/xb3/code/cmn/js/lib/jquery.validate.js
2025-08-11 04:52:31,429 - Knowledge - INFO - process ingested knowledge for /app/data/rdk7542/90219/b413910/webui-90219/source/Styles/xb3/code/cmn/js/lib/jquery.ciscoExt.js
2025-08-11 04:52:31,522 - Knowledge - INFO - process ingested knowledge for /app/data/rdk7542/90219/b413910/webui-90219/source/Styles/xb3/code/cmn/js/lib/jquery.alerts.progress.js
2025-08-11 04:52:31,558 - Knowledge - INFO - Found code_base: <app.utils.kg_build.knowledge.KnowledgeCodeBase object at 0x7fac6214f850>
2025-08-11 04:52:32,297 - Knowledge - INFO - persist ingested knowledge for /app/data/rdk7542/90219/b413910/webui-90219/source/Styles/xb3/code/cmn/js/lib/jquery-migrate-1.2.1.js
2025-08-11 04:52:31,745 - Knowledge - INFO - Found code-base-name: https://github.com/kavia-common/webui-90219.git:kavia-master
2025-08-11 04:52:31,745 - Knowledge - INFO - adding /app/data/rdk7542/90219/b413910/webui-90219/source/Styles/xb3/code/cmn/css/lib/reset-meyer-1.0.min.css to ingest queue
2025-08-11 04:52:31,674 - Knowledge - INFO - Found code-base-name: https://github.com/kavia-common/webui-90219.git:kavia-master
2025-08-11 04:52:32,512 - Knowledge - INFO - Found code_base: <app.utils.kg_build.knowledge.KnowledgeCodeBase object at 0x7fac6214f850>
2025-08-11 04:52:32,822 - Knowledge - INFO - persist ingested knowledge for /app/data/rdk7542/90219/b413910/webui-90219/source/Styles/xb3/code/cmn/js/lib/vis-network.min.js
2025-08-11 04:52:32,732 - Knowledge - INFO - Found code_base: <app.utils.kg_build.knowledge.KnowledgeCodeBase object at 0x7fac6214f850>
2025-08-11 04:52:32,694 - Knowledge - INFO - adding /app/data/rdk7542/90219/b413910/webui-90219/source/Styles/xb3/code/cmn/syndication/device_pause_screen/device_pause_screen_comcast.php to ingest queue
2025-08-11 04:52:33,060 - Knowledge - INFO - persist ingested knowledge for /app/data/rdk7542/90219/b413910/webui-90219/source/Styles/xb3/code/cmn/js/utilityFunctions.js
2025-08-11 04:52:33,159 - Knowledge - INFO - worker kw24 pull /app/data/rdk7542/90219/b413910/webui-90219/source/Styles/xb3/code/cmn/js/lib/jquery-1.9.1.js from ingest queue
2025-08-11 04:52:33,160 - Knowledge - INFO - adding /app/data/rdk7542/90219/b413910/webui-90219/source/Styles/xb3/code/cmn/css/lib/jquery.foldertree.css to ingest queue
2025-08-11 04:52:33,420 - Knowledge - INFO - process ingested knowledge for /app/data/rdk7542/90219/b413910/webui-90219/source/Styles/xb3/code/cmn/js/lib/jquery-1.9.1.js
2025-08-11 04:52:33,469 - Knowledge - INFO - adding /app/data/rdk7542/90219/b413910/webui-90219/source/Styles/xb3/code/cmn/css/lib/jquery.radioswitch.css to ingest queue
2025-08-11 04:52:33,673 - Knowledge - INFO - adding /app/data/rdk7542/90219/b413910/webui-90219/source/Styles/xb3/code/cmn/css/lib/reset-2.7.0.min.css to ingest queue
2025-08-11 04:52:33,821 - Knowledge - INFO - adding /app/data/rdk7542/90219/b413910/webui-90219/source/Styles/xb3/code/cmn/css/styles.css to ingest queue
2025-08-11 04:52:33,939 - Knowledge - INFO - worker kw21 pull /app/data/rdk7542/90219/b413910/webui-90219/source/Styles/xb3/code/cordless_handsets.php from ingest queue
2025-08-11 04:52:34,007 - Knowledge - INFO - Found code-base-name: https://github.com/kavia-common/webui-90219.git:kavia-master
2025-08-11 04:52:34,007 - Knowledge - INFO - adding /app/data/rdk7542/90219/b413910/webui-90219/source/Styles/xb3/code/cmn/syndication/img/captiveportal_xfinity_logo_svg.php to ingest queue
2025-08-11 04:52:34,103 - Knowledge - INFO - process ingested knowledge for /app/data/rdk7542/90219/b413910/webui-90219/source/Styles/xb3/code/cordless_handsets.php
2025-08-11 04:52:34,192 - Knowledge - INFO - Found code_base: <app.utils.kg_build.knowledge.KnowledgeCodeBase object at 0x7fac6214f850>
2025-08-11 04:52:34,281 - Knowledge - INFO - Found code-base-name: https://github.com/kavia-common/webui-90219.git:kavia-master
2025-08-11 04:52:34,281 - Knowledge - INFO - worker kw15 pull /app/data/rdk7542/90219/b413910/webui-90219/source/Styles/xb3/code/managed_devices_add_computer_blocked.php from ingest queue
2025-08-11 04:52:34,282 - Knowledge - INFO - adding /app/data/rdk7542/90219/b413910/webui-90219/source/Styles/xb3/code/cmn/syndication/device_pause_screen/device_pause_screen_default.php to ingest queue
2025-08-11 04:52:34,492 - Knowledge - INFO - persist ingested knowledge for /app/data/rdk7542/90219/b413910/webui-90219/source/Styles/xb3/code/cmn/js/lib/jquery.foldertree.js
2025-08-11 04:52:34,615 - Knowledge - INFO - Found code_base: <app.utils.kg_build.knowledge.KnowledgeCodeBase object at 0x7fac6214f850>
2025-08-11 04:52:34,736 - Knowledge - INFO - process ingested knowledge for /app/data/rdk7542/90219/b413910/webui-90219/source/Styles/xb3/code/managed_devices_add_computer_blocked.php
2025-08-11 04:52:34,848 - Knowledge - INFO - Found code-base-name: https://github.com/kavia-common/webui-90219.git:kavia-master
2025-08-11 04:52:35,229 - Knowledge - INFO - Found code_base: <app.utils.kg_build.knowledge.KnowledgeCodeBase object at 0x7fac6214f850>
2025-08-11 04:52:34,849 - Knowledge - INFO - Found code-base-name: https://github.com/kavia-common/webui-90219.git:kavia-master
2025-08-11 04:52:34,923 - Knowledge - INFO - worker kw1 pull /app/data/rdk7542/90219/b413910/webui-90219/source/Styles/xb3/code/remote_management.php from ingest queue
2025-08-11 04:52:34,985 - Knowledge - INFO - persist ingested knowledge for /app/data/rdk7542/90219/b413910/webui-90219/source/Styles/xb3/code/cmn/js/lib/jquery-simple-pagination-plugin.js
2025-08-11 04:52:34,993 - Knowledge - INFO - worker kw3 pull /app/data/rdk7542/90219/b413910/webui-90219/source/Styles/xb3/code/index.php from ingest queue
2025-08-11 04:52:35,068 - Knowledge - INFO - Found code-base-name: https://github.com/kavia-common/webui-90219.git:kavia-master
2025-08-11 04:52:35,068 - Knowledge - INFO - worker kw18 pull /app/data/rdk7542/90219/b413910/webui-90219/source/Styles/xb3/code/port_triggering_edit.php from ingest queue
2025-08-11 04:52:35,068 - Knowledge - INFO - adding /app/data/rdk7542/90219/b413910/webui-90219/source/Styles/xb3/code/cmn/js/lib/jquery.virtualDialog.js to ingest queue
2025-08-11 04:52:34,848 - Knowledge - INFO - Found code-base-name: https://github.com/kavia-common/webui-90219.git:kavia-master
2025-08-11 04:52:35,334 - Knowledge - INFO - persist ingested knowledge for /app/data/rdk7542/90219/b413910/webui-90219/source/Styles/xb3/code/cmn/js/lib/jquery.validate.js
2025-08-11 04:52:35,417 - Knowledge - INFO - Found code_base: <app.utils.kg_build.knowledge.KnowledgeCodeBase object at 0x7fac6214f850>
2025-08-11 04:52:35,548 - Knowledge - INFO - process ingested knowledge for /app/data/rdk7542/90219/b413910/webui-90219/source/Styles/xb3/code/remote_management.php
2025-08-11 04:52:35,765 - Knowledge - INFO - process ingested knowledge for /app/data/rdk7542/90219/b413910/webui-90219/source/Styles/xb3/code/index.php
2025-08-11 04:52:35,819 - Knowledge - INFO - Found code_base: <app.utils.kg_build.knowledge.KnowledgeCodeBase object at 0x7fac6214f850>
2025-08-11 04:52:35,950 - Knowledge - INFO - process ingested knowledge for /app/data/rdk7542/90219/b413910/webui-90219/source/Styles/xb3/code/port_triggering_edit.php
2025-08-11 04:52:36,020 - Knowledge - INFO - worker kw11 pull /app/data/rdk7542/90219/b413910/webui-90219/source/Styles/xb3/code/lan.php from ingest queue
2025-08-11 04:52:36,020 - Knowledge - INFO - adding /app/data/rdk7542/90219/b413910/webui-90219/source/Styles/xb3/code/cmn/js/gateway.js to ingest queue
2025-08-11 04:52:36,143 - Knowledge - INFO - Found code_base: <app.utils.kg_build.knowledge.KnowledgeCodeBase object at 0x7fac6214f850>
2025-08-11 04:52:36,325 - Knowledge - INFO - persist ingested knowledge for /app/data/rdk7542/90219/b413910/webui-90219/source/Styles/xb3/code/cmn/js/lib/jquery.alerts.progress.js
2025-08-11 04:52:36,653 - Knowledge - INFO - persist ingested knowledge for /app/data/rdk7542/90219/b413910/webui-90219/source/Styles/xb3/code/cmn/js/lib/jquery-1.9.1.js
2025-08-11 04:52:36,896 - Knowledge - INFO - process ingested knowledge for /app/data/rdk7542/90219/b413910/webui-90219/source/Styles/xb3/code/lan.php
2025-08-11 04:52:36,991 - Knowledge - INFO - worker kw6 pull /app/data/rdk7542/90219/b413910/webui-90219/source/Styles/xb3/code/software.php from ingest queue
2025-08-11 04:52:36,992 - Knowledge - INFO - worker kw23 pull /app/data/rdk7542/90219/b413910/webui-90219/source/Styles/xb3/code/trigger_download.php from ingest queue
2025-08-11 04:52:36,993 - Knowledge - INFO - adding /app/data/rdk7542/90219/b413910/webui-90219/source/Styles/xb3/code/cmn/js/lib/jquery.radioswitch.js to ingest queue
2025-08-11 04:52:37,114 - Knowledge - INFO - persist ingested knowledge for /app/data/rdk7542/90219/b413910/webui-90219/source/Styles/xb3/code/cmn/js/lib/jquery.ciscoExt.js
2025-08-11 04:52:37,555 - Knowledge - INFO - process ingested knowledge for /app/data/rdk7542/90219/b413910/webui-90219/source/Styles/xb3/code/software.php
2025-08-11 04:52:37,656 - Knowledge - INFO - process ingested knowledge for /app/data/rdk7542/90219/b413910/webui-90219/source/Styles/xb3/code/trigger_download.php
2025-08-11 04:52:37,721 - Knowledge - INFO - adding /app/data/rdk7542/90219/b413910/webui-90219/source/Styles/xb3/code/cmn/js/lib/jquery.highContrastDetect.js to ingest queue
2025-08-11 04:52:38,115 - Knowledge - INFO - adding /app/data/rdk7542/90219/b413910/webui-90219/source/Styles/xb3/code/cmn/js/lib/jquery-migrate-1.2.1.js to ingest queue
2025-08-11 04:52:38,217 - Knowledge - INFO - worker kw12 pull /app/data/rdk7542/90219/b413910/webui-90219/source/Styles/xb3/code/battery.php from ingest queue
2025-08-11 04:52:38,217 - Knowledge - INFO - adding /app/data/rdk7542/90219/b413910/webui-90219/source/Styles/xb3/code/cmn/js/lib/vis-network.min.js to ingest queue
2025-08-11 04:52:38,362 - Knowledge - INFO - process ingested knowledge for /app/data/rdk7542/90219/b413910/webui-90219/source/Styles/xb3/code/battery.php
2025-08-11 04:52:38,408 - Knowledge - INFO - adding /app/data/rdk7542/90219/b413910/webui-90219/source/Styles/xb3/code/cmn/css/ie6.css to ingest queue
2025-08-11 04:52:38,616 - Knowledge - INFO - worker kw17 pull /app/data/rdk7542/90219/b413910/webui-90219/source/Styles/xb3/code/managed_devices_edit_allowed.php from ingest queue
2025-08-11 04:52:38,617 - Knowledge - INFO - Found code-base-name: https://github.com/kavia-common/webui-90219.git:kavia-master
2025-08-11 04:52:38,756 - Knowledge - INFO - adding /app/data/rdk7542/90219/b413910/webui-90219/source/Styles/xb3/code/cmn/js/lib/jquery.alerts.js to ingest queue
2025-08-11 04:52:38,769 - Knowledge - INFO - process ingested knowledge for /app/data/rdk7542/90219/b413910/webui-90219/source/Styles/xb3/code/managed_devices_edit_allowed.php
2025-08-11 04:52:38,852 - Knowledge - INFO - Found code_base: <app.utils.kg_build.knowledge.KnowledgeCodeBase object at 0x7fac6214f850>
2025-08-11 04:52:39,011 - Knowledge - INFO - Found code-base-name: https://github.com/kavia-common/webui-90219.git:kavia-master
2025-08-11 04:52:39,011 - Knowledge - INFO - Found code-base-name: https://github.com/kavia-common/webui-90219.git:kavia-master
2025-08-11 04:52:39,011 - Knowledge - INFO - Found code-base-name: https://github.com/kavia-common/webui-90219.git:kavia-master
2025-08-11 04:52:39,011 - Knowledge - INFO - Found code-base-name: https://github.com/kavia-common/webui-90219.git:kavia-master
2025-08-11 04:52:39,011 - Knowledge - INFO - worker kw9 pull /app/data/rdk7542/90219/b413910/webui-90219/source/Styles/xb3/code/dmz.php from ingest queue
2025-08-11 04:52:39,135 - Knowledge - INFO - persist ingested knowledge for /app/data/rdk7542/90219/b413910/webui-90219/source/Styles/xb3/code/managed_devices_add_computer_blocked.php
2025-08-11 04:52:39,191 - Knowledge - INFO - Found code-base-name: https://github.com/kavia-common/webui-90219.git:kavia-master
2025-08-11 04:52:39,191 - Knowledge - INFO - worker kw25 pull /app/data/rdk7542/90219/b413910/webui-90219/source/Styles/xb3/code/HnapPcSiteBlocked.php from ingest queue
2025-08-11 04:52:39,192 - Knowledge - INFO - Found code-base-name: https://github.com/kavia-common/webui-90219.git:kavia-master
2025-08-11 04:52:39,192 - Knowledge - INFO - Found code-base-name: https://github.com/kavia-common/webui-90219.git:kavia-master
2025-08-11 04:52:39,192 - Knowledge - INFO - worker kw4 pull /app/data/rdk7542/90219/b413910/webui-90219/source/Styles/xb3/code/connection_status.php from ingest queue
2025-08-11 04:52:39,192 - Knowledge - INFO - worker kw19 pull /app/data/rdk7542/90219/b413910/webui-90219/source/Styles/xb3/code/troubleshooting_logs_download.php from ingest queue
2025-08-11 04:52:39,192 - Knowledge - INFO - worker kw2 pull /app/data/rdk7542/90219/b413910/webui-90219/source/Styles/xb3/code/network_storage_edit.php from ingest queue
2025-08-11 04:52:39,192 - Knowledge - INFO - adding /app/data/rdk7542/90219/b413910/webui-90219/source/Styles/xb3/code/cmn/js/lib/jquery-simple-pagination-plugin.js to ingest queue
2025-08-11 04:52:39,249 - Knowledge - INFO - Found code_base: <app.utils.kg_build.knowledge.KnowledgeCodeBase object at 0x7fac6214f850>
2025-08-11 04:52:39,356 - Knowledge - INFO - Found code_base: <app.utils.kg_build.knowledge.KnowledgeCodeBase object at 0x7fac6214f850>
2025-08-11 04:52:40,856 - Knowledge - INFO - persist ingested knowledge for /app/data/rdk7542/90219/b413910/webui-90219/source/Styles/xb3/code/index.php
2025-08-11 04:52:39,579 - Knowledge - INFO - Found code_base: <app.utils.kg_build.knowledge.KnowledgeCodeBase object at 0x7fac6214f850>
2025-08-11 04:52:41,016 - Knowledge - INFO - persist ingested knowledge for /app/data/rdk7542/90219/b413910/webui-90219/source/Styles/xb3/code/cordless_handsets.php
2025-08-11 04:52:39,903 - Knowledge - INFO - Found code_base: <app.utils.kg_build.knowledge.KnowledgeCodeBase object at 0x7fac6214f850>
2025-08-11 04:52:40,056 - Knowledge - INFO - process ingested knowledge for /app/data/rdk7542/90219/b413910/webui-90219/source/Styles/xb3/code/HnapPcSiteBlocked.php
2025-08-11 04:52:40,138 - Knowledge - INFO - Found code_base: <app.utils.kg_build.knowledge.KnowledgeCodeBase object at 0x7fac6214f850>
2025-08-11 04:52:40,225 - Knowledge - INFO - Found code_base: <app.utils.kg_build.knowledge.KnowledgeCodeBase object at 0x7fac6214f850>
2025-08-11 04:52:40,363 - Knowledge - INFO - process ingested knowledge for /app/data/rdk7542/90219/b413910/webui-90219/source/Styles/xb3/code/connection_status.php
2025-08-11 04:52:40,486 - Knowledge - INFO - process ingested knowledge for /app/data/rdk7542/90219/b413910/webui-90219/source/Styles/xb3/code/troubleshooting_logs_download.php
2025-08-11 04:52:40,572 - Knowledge - INFO - process ingested knowledge for /app/data/rdk7542/90219/b413910/webui-90219/source/Styles/xb3/code/network_storage_edit.php
2025-08-11 04:52:40,637 - Knowledge - INFO - worker kw10 pull /app/data/rdk7542/90219/b413910/webui-90219/source/Styles/xb3/code/wireless_network_configuration_edit.php from ingest queue
2025-08-11 04:52:40,639 - Knowledge - INFO - adding /app/data/rdk7542/90219/b413910/webui-90219/source/Styles/xb3/code/cmn/js/lib/jquery.validate.js to ingest queue
2025-08-11 04:52:40,737 - Knowledge - INFO - persist ingested knowledge for /app/data/rdk7542/90219/b413910/webui-90219/source/Styles/xb3/code/remote_management.php
2025-08-11 04:52:39,458 - Knowledge - INFO - Found code_base: <app.utils.kg_build.knowledge.KnowledgeCodeBase object at 0x7fac6214f850>
2025-08-11 04:52:39,709 - Knowledge - INFO - process ingested knowledge for /app/data/rdk7542/90219/b413910/webui-90219/source/Styles/xb3/code/dmz.php
2025-08-11 04:52:41,185 - Knowledge - INFO - persist ingested knowledge for /app/data/rdk7542/90219/b413910/webui-90219/source/Styles/xb3/code/lan.php
2025-08-11 04:52:41,384 - Knowledge - INFO - persist ingested knowledge for /app/data/rdk7542/90219/b413910/webui-90219/source/Styles/xb3/code/software.php
2025-08-11 04:52:41,481 - Knowledge - INFO - persist ingested knowledge for /app/data/rdk7542/90219/b413910/webui-90219/source/Styles/xb3/code/trigger_download.php
2025-08-11 04:52:41,898 - Knowledge - INFO - process ingested knowledge for /app/data/rdk7542/90219/b413910/webui-90219/source/Styles/xb3/code/wireless_network_configuration_edit.php
2025-08-11 04:52:42,055 - Knowledge - INFO - Found code-base-name: https://github.com/kavia-common/webui-90219.git:kavia-master
2025-08-11 04:52:42,757 - Knowledge - INFO - Found code_base: <app.utils.kg_build.knowledge.KnowledgeCodeBase object at 0x7fac6214f850>
2025-08-11 04:52:42,178 - Knowledge - INFO - persist ingested knowledge for /app/data/rdk7542/90219/b413910/webui-90219/source/Styles/xb3/code/port_triggering_edit.php
2025-08-11 04:52:42,055 - Knowledge - INFO - adding /app/data/rdk7542/90219/b413910/webui-90219/source/Styles/xb3/code/cmn/js/lib/jquery.foldertree.js to ingest queue
2025-08-11 04:52:42,830 - Knowledge - INFO - persist ingested knowledge for /app/data/rdk7542/90219/b413910/webui-90219/source/Styles/xb3/code/managed_devices_edit_allowed.php
2025-08-11 04:52:43,046 - Knowledge - INFO - adding /app/data/rdk7542/90219/b413910/webui-90219/source/Styles/xb3/code/cmn/js/lib/jquery-1.9.1.js to ingest queue
2025-08-11 04:52:43,327 - Knowledge - INFO - adding /app/data/rdk7542/90219/b413910/webui-90219/source/Styles/xb3/code/cmn/js/utilityFunctions.js to ingest queue
2025-08-11 04:52:43,439 - Knowledge - INFO - Found code-base-name: https://github.com/kavia-common/webui-90219.git:kavia-master
2025-08-11 04:52:43,441 - Knowledge - INFO - worker kw20 pull /app/data/rdk7542/90219/b413910/webui-90219/source/Styles/xb3/code/qos.php from ingest queue
2025-08-11 04:52:43,441 - Knowledge - INFO - worker kw5 pull /app/data/rdk7542/90219/b413910/webui-90219/source/Styles/xb3/code/status-500.html from ingest queue
2025-08-11 04:52:43,441 - Knowledge - INFO - worker kw7 pull /app/data/rdk7542/90219/b413910/webui-90219/source/Styles/xb3/code/dlna_settings.php from ingest queue
2025-08-11 04:52:43,506 - Knowledge - INFO - Found code-base-name: https://github.com/kavia-common/webui-90219.git:kavia-master
2025-08-11 04:52:43,507 - Knowledge - INFO - Found code-base-name: https://github.com/kavia-common/webui-90219.git:kavia-master
2025-08-11 04:52:43,971 - Knowledge - INFO - Found code_base: <app.utils.kg_build.knowledge.KnowledgeCodeBase object at 0x7fac6214f850>
2025-08-11 04:52:43,507 - Knowledge - INFO - worker kw14 pull /app/data/rdk7542/90219/b413910/webui-90219/source/Styles/xb3/code/wan_network.php from ingest queue
2025-08-11 04:52:43,507 - Knowledge - INFO - adding /app/data/rdk7542/90219/b413910/webui-90219/source/Styles/xb3/code/cmn/js/lib/jquery.alerts.progress.js to ingest queue
2025-08-11 04:52:43,516 - Knowledge - INFO - Found code_base: <app.utils.kg_build.knowledge.KnowledgeCodeBase object at 0x7fac6214f850>
2025-08-11 04:52:43,632 - Knowledge - INFO - process ingested knowledge for /app/data/rdk7542/90219/b413910/webui-90219/source/Styles/xb3/code/qos.php
2025-08-11 04:52:43,768 - Knowledge - INFO - process ingested knowledge for /app/data/rdk7542/90219/b413910/webui-90219/source/Styles/xb3/code/status-500.html
2025-08-11 04:52:43,837 - Knowledge - INFO - process ingested knowledge for /app/data/rdk7542/90219/b413910/webui-90219/source/Styles/xb3/code/dlna_settings.php
2025-08-11 04:52:43,882 - Knowledge - INFO - Found code_base: <app.utils.kg_build.knowledge.KnowledgeCodeBase object at 0x7fac6214f850>
2025-08-11 04:52:43,507 - Knowledge - INFO - Found code-base-name: https://github.com/kavia-common/webui-90219.git:kavia-master
2025-08-11 04:52:44,068 - Knowledge - INFO - persist ingested knowledge for /app/data/rdk7542/90219/b413910/webui-90219/source/Styles/xb3/code/troubleshooting_logs_download.php
2025-08-11 04:52:44,193 - Knowledge - INFO - process ingested knowledge for /app/data/rdk7542/90219/b413910/webui-90219/source/Styles/xb3/code/wan_network.php
2025-08-11 04:52:44,255 - Knowledge - INFO - Found code-base-name: https://github.com/kavia-common/webui-90219.git:kavia-master
2025-08-11 04:52:44,336 - Knowledge - INFO - persist ingested knowledge for /app/data/rdk7542/90219/b413910/webui-90219/source/Styles/xb3/code/battery.php
2025-08-11 04:52:44,454 - Knowledge - INFO - Found code-base-name: https://github.com/kavia-common/webui-90219.git:kavia-master
2025-08-11 04:52:44,520 - Knowledge - INFO - worker kw13 pull /app/data/rdk7542/90219/b413910/webui-90219/source/Styles/xb3/code/port_forwarding_add.php from ingest queue
2025-08-11 04:52:44,590 - Knowledge - INFO - adding /app/data/rdk7542/90219/b413910/webui-90219/source/Styles/xb3/code/cmn/js/lib/jquery.ciscoExt.js to ingest queue
2025-08-11 04:52:44,753 - Knowledge - INFO - persist ingested knowledge for /app/data/rdk7542/90219/b413910/webui-90219/source/Styles/xb3/code/connection_status.php
2025-08-11 04:52:44,828 - Knowledge - INFO - Found code_base: <app.utils.kg_build.knowledge.KnowledgeCodeBase object at 0x7fac6214f850>
2025-08-11 04:52:45,134 - Knowledge - INFO - Found code_base: <app.utils.kg_build.knowledge.KnowledgeCodeBase object at 0x7fac6214f850>
2025-08-11 04:52:45,889 - Knowledge - INFO - persist ingested knowledge for /app/data/rdk7542/90219/b413910/webui-90219/source/Styles/xb3/code/dmz.php
2025-08-11 04:52:45,489 - Knowledge - INFO - process ingested knowledge for /app/data/rdk7542/90219/b413910/webui-90219/source/Styles/xb3/code/port_forwarding_add.php
2025-08-11 04:52:45,553 - Knowledge - INFO - worker kw8 pull /app/data/rdk7542/90219/b413910/webui-90219/source/Styles/xb3/code/wifi.php from ingest queue
2025-08-11 04:52:45,618 - Knowledge - INFO - Found code-base-name: https://github.com/kavia-common/webui-90219.git:kavia-master
2025-08-11 04:52:45,618 - Knowledge - INFO - adding /app/data/rdk7542/90219/b413910/webui-90219/source/Styles/xb3/code/cordless_handsets.php to ingest queue
2025-08-11 04:52:45,763 - Knowledge - INFO - persist ingested knowledge for /app/data/rdk7542/90219/b413910/webui-90219/source/Styles/xb3/code/network_storage_edit.php
2025-08-11 04:52:45,329 - Knowledge - INFO - Found code_base: <app.utils.kg_build.knowledge.KnowledgeCodeBase object at 0x7fac6214f850>
2025-08-11 04:52:46,266 - Knowledge - INFO - process ingested knowledge for /app/data/rdk7542/90219/b413910/webui-90219/source/Styles/xb3/code/wifi.php
2025-08-11 04:52:46,325 - Knowledge - INFO - Found code_base: <app.utils.kg_build.knowledge.KnowledgeCodeBase object at 0x7fac6214f850>
2025-08-11 04:52:46,510 - Knowledge - INFO - worker kw16 pull /app/data/rdk7542/90219/b413910/webui-90219/source/Styles/xb3/code/managed_devices.php from ingest queue
2025-08-11 04:52:46,510 - Knowledge - INFO - adding /app/data/rdk7542/90219/b413910/webui-90219/source/Styles/xb3/code/lan.php to ingest queue
2025-08-11 04:52:46,665 - Knowledge - INFO - persist ingested knowledge for /app/data/rdk7542/90219/b413910/webui-90219/source/Styles/xb3/code/wireless_network_configuration_edit.php
2025-08-11 04:52:46,885 - Knowledge - INFO - persist ingested knowledge for /app/data/rdk7542/90219/b413910/webui-90219/source/Styles/xb3/code/HnapPcSiteBlocked.php
2025-08-11 04:52:47,043 - Knowledge - INFO - process ingested knowledge for /app/data/rdk7542/90219/b413910/webui-90219/source/Styles/xb3/code/managed_devices.php
2025-08-11 04:52:47,097 - Knowledge - INFO - Found code-base-name: https://github.com/kavia-common/webui-90219.git:kavia-master
2025-08-11 04:52:47,097 - Knowledge - INFO - adding /app/data/rdk7542/90219/b413910/webui-90219/source/Styles/xb3/code/trigger_download.php to ingest queue
2025-08-11 04:52:47,516 - Knowledge - INFO - Found code_base: <app.utils.kg_build.knowledge.KnowledgeCodeBase object at 0x7fac6214f850>
2025-08-11 04:52:47,603 - Knowledge - INFO - worker kw24 pull /app/data/rdk7542/90219/b413910/webui-90219/source/Styles/xb3/code/managed_devices_edit_blocked.php from ingest queue
2025-08-11 04:52:47,604 - Knowledge - INFO - adding /app/data/rdk7542/90219/b413910/webui-90219/source/Styles/xb3/code/port_triggering_edit.php to ingest queue
2025-08-11 04:52:47,683 - Knowledge - INFO - persist ingested knowledge for /app/data/rdk7542/90219/b413910/webui-90219/source/Styles/xb3/code/qos.php
2025-08-11 04:52:47,837 - Knowledge - INFO - process ingested knowledge for /app/data/rdk7542/90219/b413910/webui-90219/source/Styles/xb3/code/managed_devices_edit_blocked.php
2025-08-11 04:52:47,908 - Knowledge - INFO - worker kw18 pull /app/data/rdk7542/90219/b413910/webui-90219/source/Styles/xb3/code/port_forwarding.php from ingest queue
2025-08-11 04:52:47,909 - Knowledge - INFO - Found code-base-name: https://github.com/kavia-common/webui-90219.git:kavia-master
2025-08-11 04:52:47,909 - Knowledge - INFO - Found code-base-name: https://github.com/kavia-common/webui-90219.git:kavia-master
2025-08-11 04:52:48,043 - Knowledge - INFO - worker kw22 pull /app/data/rdk7542/90219/b413910/webui-90219/source/Styles/xb3/code/wireless_network_configuration_wps.php from ingest queue
2025-08-11 04:52:48,043 - Knowledge - INFO - adding /app/data/rdk7542/90219/b413910/webui-90219/source/Styles/xb3/code/managed_devices_add_computer_blocked.php to ingest queue
2025-08-11 04:52:48,299 - Knowledge - INFO - process ingested knowledge for /app/data/rdk7542/90219/b413910/webui-90219/source/Styles/xb3/code/port_forwarding.php
2025-08-11 04:52:48,343 - Knowledge - INFO - Found code_base: <app.utils.kg_build.knowledge.KnowledgeCodeBase object at 0x7fac6214f850>
2025-08-11 04:52:48,436 - Knowledge - INFO - Found code_base: <app.utils.kg_build.knowledge.KnowledgeCodeBase object at 0x7fac6214f850>
2025-08-11 04:52:48,592 - Knowledge - INFO - process ingested knowledge for /app/data/rdk7542/90219/b413910/webui-90219/source/Styles/xb3/code/wireless_network_configuration_wps.php
2025-08-11 04:52:48,702 - Knowledge - INFO - Found code-base-name: https://github.com/kavia-common/webui-90219.git:kavia-master
2025-08-11 04:52:48,702 - Knowledge - INFO - worker kw21 pull /app/data/rdk7542/90219/b413910/webui-90219/source/Styles/xb3/code/moca_diagnostics.php from ingest queue
2025-08-11 04:52:48,702 - Knowledge - INFO - adding /app/data/rdk7542/90219/b413910/webui-90219/source/Styles/xb3/code/remote_management.php to ingest queue
2025-08-11 04:52:48,858 - Knowledge - INFO - persist ingested knowledge for /app/data/rdk7542/90219/b413910/webui-90219/source/Styles/xb3/code/dlna_settings.php
2025-08-11 04:52:48,970 - Knowledge - INFO - persist ingested knowledge for /app/data/rdk7542/90219/b413910/webui-90219/source/Styles/xb3/code/wan_network.php
2025-08-11 04:52:49,161 - Knowledge - INFO - Found code_base: <app.utils.kg_build.knowledge.KnowledgeCodeBase object at 0x7fac6214f850>
2025-08-11 04:52:49,284 - Knowledge - INFO - process ingested knowledge for /app/data/rdk7542/90219/b413910/webui-90219/source/Styles/xb3/code/moca_diagnostics.php
2025-08-11 04:52:49,424 - Knowledge - INFO - adding /app/data/rdk7542/90219/b413910/webui-90219/source/Styles/xb3/code/network_storage_edit.php to ingest queue
2025-08-11 04:52:49,678 - Knowledge - INFO - persist ingested knowledge for /app/data/rdk7542/90219/b413910/webui-90219/source/Styles/xb3/code/port_forwarding_add.php
2025-08-11 04:52:49,911 - Knowledge - INFO - worker kw11 pull /app/data/rdk7542/90219/b413910/webui-90219/source/Styles/xb3/code/device_discovery.php from ingest queue
2025-08-11 04:52:49,976 - Knowledge - INFO - Found code-base-name: https://github.com/kavia-common/webui-90219.git:kavia-master
2025-08-11 04:52:49,976 - Knowledge - INFO - Found code-base-name: https://github.com/kavia-common/webui-90219.git:kavia-master
2025-08-11 04:52:50,315 - Knowledge - INFO - Found code_base: <app.utils.kg_build.knowledge.KnowledgeCodeBase object at 0x7fac6214f850>
2025-08-11 04:52:49,976 - Knowledge - INFO - adding /app/data/rdk7542/90219/b413910/webui-90219/source/Styles/xb3/code/managed_devices_edit_allowed.php to ingest queue
2025-08-11 04:52:50,152 - Knowledge - INFO - process ingested knowledge for /app/data/rdk7542/90219/b413910/webui-90219/source/Styles/xb3/code/device_discovery.php
2025-08-11 04:52:50,233 - Knowledge - INFO - Found code_base: <app.utils.kg_build.knowledge.KnowledgeCodeBase object at 0x7fac6214f850>
2025-08-11 04:52:49,976 - Knowledge - INFO - worker kw23 pull /app/data/rdk7542/90219/b413910/webui-90219/source/Styles/xb3/code/trigger_spectrum_download.php from ingest queue
2025-08-11 04:52:50,394 - Knowledge - INFO - persist ingested knowledge for /app/data/rdk7542/90219/b413910/webui-90219/source/Styles/xb3/code/status-500.html
2025-08-11 04:52:50,497 - Knowledge - INFO - adding /app/data/rdk7542/90219/b413910/webui-90219/source/Styles/xb3/code/battery.php to ingest queue
2025-08-11 04:52:50,709 - Knowledge - INFO - persist ingested knowledge for /app/data/rdk7542/90219/b413910/webui-90219/source/Styles/xb3/code/managed_devices.php
2025-08-11 04:52:50,835 - Knowledge - INFO - process ingested knowledge for /app/data/rdk7542/90219/b413910/webui-90219/source/Styles/xb3/code/trigger_spectrum_download.php
2025-08-11 04:52:51,084 - Knowledge - INFO - adding /app/data/rdk7542/90219/b413910/webui-90219/source/Styles/xb3/code/qos.php to ingest queue
2025-08-11 04:52:51,314 - Knowledge - INFO - adding /app/data/rdk7542/90219/b413910/webui-90219/source/Styles/xb3/code/index.php to ingest queue
2025-08-11 04:52:51,416 - Knowledge - INFO - worker kw3 pull /app/data/rdk7542/90219/b413910/webui-90219/source/Styles/xb3/code/wizard_step1.php from ingest queue
2025-08-11 04:52:51,417 - Knowledge - INFO - adding /app/data/rdk7542/90219/b413910/webui-90219/source/Styles/xb3/code/software.php to ingest queue
2025-08-11 04:52:51,557 - Knowledge - INFO - process ingested knowledge for /app/data/rdk7542/90219/b413910/webui-90219/source/Styles/xb3/code/wizard_step1.php
2025-08-11 04:52:51,621 - Knowledge - INFO - Found code-base-name: https://github.com/kavia-common/webui-90219.git:kavia-master
2025-08-11 04:52:51,621 - Knowledge - INFO - Found code-base-name: https://github.com/kavia-common/webui-90219.git:kavia-master
2025-08-11 04:52:51,621 - Knowledge - INFO - worker kw1 pull /app/data/rdk7542/90219/b413910/webui-90219/source/Styles/xb3/code/mta_sip_packet_log.php from ingest queue
2025-08-11 04:52:51,621 - Knowledge - INFO - Found code-base-name: https://github.com/kavia-common/webui-90219.git:kavia-master
2025-08-11 04:52:51,688 - Knowledge - INFO - Found code-base-name: https://github.com/kavia-common/webui-90219.git:kavia-master
2025-08-11 04:52:51,743 - Knowledge - INFO - worker kw2 pull /app/data/rdk7542/90219/b413910/webui-90219/source/Styles/xb3/code/parental_reports.php from ingest queue
2025-08-11 04:52:51,829 - Knowledge - INFO - Found code_base: <app.utils.kg_build.knowledge.KnowledgeCodeBase object at 0x7fac6214f850>
2025-08-11 04:52:51,877 - Knowledge - INFO - worker kw17 pull /app/data/rdk7542/90219/b413910/webui-90219/source/Styles/xb3/code/managed_services_edit.php from ingest queue
2025-08-11 04:52:51,877 - Knowledge - INFO - Found code-base-name: https://github.com/kavia-common/webui-90219.git:kavia-master
2025-08-11 04:52:51,878 - Knowledge - INFO - worker kw12 pull /app/data/rdk7542/90219/b413910/webui-90219/source/Styles/xb3/code/status-403.html from ingest queue
2025-08-11 04:52:51,945 - Knowledge - INFO - Found code_base: <app.utils.kg_build.knowledge.KnowledgeCodeBase object at 0x7fac6214f850>
2025-08-11 04:52:51,953 - Knowledge - INFO - Found code-base-name: https://github.com/kavia-common/webui-90219.git:kavia-master
2025-08-11 04:52:51,953 - Knowledge - INFO - adding /app/data/rdk7542/90219/b413910/webui-90219/source/Styles/xb3/code/dmz.php to ingest queue
2025-08-11 04:52:52,108 - Knowledge - INFO - process ingested knowledge for /app/data/rdk7542/90219/b413910/webui-90219/source/Styles/xb3/code/mta_sip_packet_log.php
2025-08-11 04:52:52,165 - Knowledge - INFO - Found code_base: <app.utils.kg_build.knowledge.KnowledgeCodeBase object at 0x7fac6214f850>
2025-08-11 04:52:52,282 - Knowledge - INFO - Found code_base: <app.utils.kg_build.knowledge.KnowledgeCodeBase object at 0x7fac6214f850>
2025-08-11 04:52:52,445 - Knowledge - INFO - process ingested knowledge for /app/data/rdk7542/90219/b413910/webui-90219/source/Styles/xb3/code/parental_reports.php
2025-08-11 04:52:52,480 - Knowledge - INFO - persist ingested knowledge for /app/data/rdk7542/90219/b413910/webui-90219/source/Styles/xb3/code/port_forwarding.php
2025-08-11 04:52:52,654 - Knowledge - INFO - process ingested knowledge for /app/data/rdk7542/90219/b413910/webui-90219/source/Styles/xb3/code/managed_services_edit.php
2025-08-11 04:52:52,700 - Knowledge - INFO - Found code_base: <app.utils.kg_build.knowledge.KnowledgeCodeBase object at 0x7fac6214f850>
2025-08-11 04:52:52,867 - Knowledge - INFO - process ingested knowledge for /app/data/rdk7542/90219/b413910/webui-90219/source/Styles/xb3/code/status-403.html
2025-08-11 04:52:52,921 - Knowledge - INFO - persist ingested knowledge for /app/data/rdk7542/90219/b413910/webui-90219/source/Styles/xb3/code/wireless_network_configuration_wps.php
2025-08-11 04:52:53,033 - Knowledge - INFO - Found code_base: <app.utils.kg_build.knowledge.KnowledgeCodeBase object at 0x7fac6214f850>
2025-08-11 04:52:53,120 - Knowledge - INFO - worker kw15 pull /app/data/rdk7542/90219/b413910/webui-90219/source/Styles/xb3/code/includes/userbar.php from ingest queue
2025-08-11 04:52:53,120 - Knowledge - INFO - Found code-base-name: https://github.com/kavia-common/webui-90219.git:kavia-master
2025-08-11 04:52:53,121 - Knowledge - INFO - worker kw6 pull /app/data/rdk7542/90219/b413910/webui-90219/source/Styles/xb3/code/includes/utility.php from ingest queue
2025-08-11 04:52:53,187 - Knowledge - INFO - Found code-base-name: https://github.com/kavia-common/webui-90219.git:kavia-master
2025-08-11 04:52:53,188 - Knowledge - INFO - adding /app/data/rdk7542/90219/b413910/webui-90219/source/Styles/xb3/code/wireless_network_configuration_edit.php to ingest queue
2025-08-11 04:52:53,346 - Knowledge - INFO - persist ingested knowledge for /app/data/rdk7542/90219/b413910/webui-90219/source/Styles/xb3/code/wifi.php
2025-08-11 04:52:53,489 - Knowledge - INFO - persist ingested knowledge for /app/data/rdk7542/90219/b413910/webui-90219/source/Styles/xb3/code/moca_diagnostics.php
2025-08-11 04:52:53,922 - Knowledge - INFO - persist ingested knowledge for /app/data/rdk7542/90219/b413910/webui-90219/source/Styles/xb3/code/device_discovery.php
2025-08-11 04:52:54,195 - Knowledge - INFO - persist ingested knowledge for /app/data/rdk7542/90219/b413910/webui-90219/source/Styles/xb3/code/trigger_spectrum_download.php
2025-08-11 04:52:54,327 - Knowledge - INFO - process ingested knowledge for /app/data/rdk7542/90219/b413910/webui-90219/source/Styles/xb3/code/includes/userbar.php
2025-08-11 04:52:54,405 - Knowledge - INFO - Found code_base: <app.utils.kg_build.knowledge.KnowledgeCodeBase object at 0x7fac6214f850>
2025-08-11 04:52:54,595 - Knowledge - INFO - process ingested knowledge for /app/data/rdk7542/90219/b413910/webui-90219/source/Styles/xb3/code/includes/utility.php
2025-08-11 04:52:54,679 - Knowledge - INFO - Found code_base: <app.utils.kg_build.knowledge.KnowledgeCodeBase object at 0x7fac6214f850>
2025-08-11 04:52:54,790 - Knowledge - INFO - adding /app/data/rdk7542/90219/b413910/webui-90219/source/Styles/xb3/code/HnapPcSiteBlocked.php to ingest queue
2025-08-11 04:52:55,398 - Knowledge - INFO - persist ingested knowledge for /app/data/rdk7542/90219/b413910/webui-90219/source/Styles/xb3/code/managed_devices_edit_blocked.php
2025-08-11 04:52:55,550 - Knowledge - INFO - persist ingested knowledge for /app/data/rdk7542/90219/b413910/webui-90219/source/Styles/xb3/code/wizard_step1.php
2025-08-11 04:52:55,664 - Knowledge - INFO - adding /app/data/rdk7542/90219/b413910/webui-90219/source/Styles/xb3/code/troubleshooting_logs_download.php to ingest queue
2025-08-11 04:52:56,049 - Knowledge - INFO - adding /app/data/rdk7542/90219/b413910/webui-90219/source/Styles/xb3/code/port_forwarding_add.php to ingest queue
2025-08-11 04:52:56,256 - Knowledge - INFO - adding /app/data/rdk7542/90219/b413910/webui-90219/source/Styles/xb3/code/managed_devices.php to ingest queue
2025-08-11 04:52:56,366 - Knowledge - INFO - worker kw20 pull /app/data/rdk7542/90219/b413910/webui-90219/source/Styles/xb3/code/includes/actionHandlerUtility.php from ingest queue
2025-08-11 04:52:56,367 - Knowledge - INFO - worker kw9 pull /app/data/rdk7542/90219/b413910/webui-90219/source/Styles/xb3/code/includes/footer.php from ingest queue
2025-08-11 04:52:56,368 - Knowledge - INFO - adding /app/data/rdk7542/90219/b413910/webui-90219/source/Styles/xb3/code/wan_network.php to ingest queue
2025-08-11 04:52:56,517 - Knowledge - INFO - process ingested knowledge for /app/data/rdk7542/90219/b413910/webui-90219/source/Styles/xb3/code/includes/actionHandlerUtility.php
2025-08-11 04:52:56,628 - Knowledge - INFO - process ingested knowledge for /app/data/rdk7542/90219/b413910/webui-90219/source/Styles/xb3/code/includes/footer.php
2025-08-11 04:52:56,700 - Knowledge - INFO - Found code-base-name: https://github.com/kavia-common/webui-90219.git:kavia-master
2025-08-11 04:52:56,700 - Knowledge - INFO - Found code-base-name: https://github.com/kavia-common/webui-90219.git:kavia-master
2025-08-11 04:52:56,765 - Knowledge - INFO - Found code-base-name: https://github.com/kavia-common/webui-90219.git:kavia-master
2025-08-11 04:52:56,765 - Knowledge - INFO - Found code-base-name: https://github.com/kavia-common/webui-90219.git:kavia-master
2025-08-11 04:52:56,822 - Knowledge - INFO - worker kw10 pull /app/data/rdk7542/90219/b413910/webui-90219/source/Styles/xb3/code/includes/nav.php from ingest queue
2025-08-11 04:52:56,971 - Knowledge - INFO - Found code_base: <app.utils.kg_build.knowledge.KnowledgeCodeBase object at 0x7fac6214f850>
2025-08-11 04:52:57,008 - Knowledge - INFO - Found code-base-name: https://github.com/kavia-common/webui-90219.git:kavia-master
2025-08-11 04:52:57,653 - Knowledge - INFO - Found code_base: <app.utils.kg_build.knowledge.KnowledgeCodeBase object at 0x7fac6214f850>
2025-08-11 04:52:57,008 - Knowledge - INFO - worker kw25 pull /app/data/rdk7542/90219/b413910/webui-90219/source/Styles/xb3/code/includes/header.php from ingest queue
2025-08-11 04:52:57,068 - Knowledge - INFO - worker kw19 pull /app/data/rdk7542/90219/b413910/webui-90219/source/Styles/xb3/code/hs_port_forwarding.php from ingest queue
2025-08-11 04:52:57,068 - Knowledge - INFO - worker kw13 pull /app/data/rdk7542/90219/b413910/webui-90219/source/Styles/xb3/code/DSXlog.php from ingest queue
2025-08-11 04:52:57,068 - Knowledge - INFO - worker kw16 pull /app/data/rdk7542/90219/b413910/webui-90219/source/Styles/xb3/code/dynamic_dns_add.php from ingest queue
2025-08-11 04:52:57,068 - Knowledge - INFO - adding /app/data/rdk7542/90219/b413910/webui-90219/source/Styles/xb3/code/dlna_settings.php to ingest queue
2025-08-11 04:52:57,088 - Knowledge - INFO - Found code_base: <app.utils.kg_build.knowledge.KnowledgeCodeBase object at 0x7fac6214f850>
2025-08-11 04:52:57,203 - Knowledge - INFO - Found code_base: <app.utils.kg_build.knowledge.KnowledgeCodeBase object at 0x7fac6214f850>
2025-08-11 04:52:57,289 - Knowledge - INFO - Found code_base: <app.utils.kg_build.knowledge.KnowledgeCodeBase object at 0x7fac6214f850>
2025-08-11 04:52:57,449 - Knowledge - INFO - process ingested knowledge for /app/data/rdk7542/90219/b413910/webui-90219/source/Styles/xb3/code/includes/nav.php
2025-08-11 04:52:57,579 - Knowledge - INFO - persist ingested knowledge for /app/data/rdk7542/90219/b413910/webui-90219/source/Styles/xb3/code/mta_sip_packet_log.php
2025-08-11 04:52:57,008 - Knowledge - INFO - Found code-base-name: https://github.com/kavia-common/webui-90219.git:kavia-master
2025-08-11 04:52:57,735 - Knowledge - INFO - persist ingested knowledge for /app/data/rdk7542/90219/b413910/webui-90219/source/Styles/xb3/code/includes/userbar.php
2025-08-11 04:52:57,899 - Knowledge - INFO - process ingested knowledge for /app/data/rdk7542/90219/b413910/webui-90219/source/Styles/xb3/code/includes/header.php
2025-08-11 04:52:57,988 - Knowledge - INFO - process ingested knowledge for /app/data/rdk7542/90219/b413910/webui-90219/source/Styles/xb3/code/hs_port_forwarding.php
2025-08-11 04:52:58,091 - Knowledge - INFO - process ingested knowledge for /app/data/rdk7542/90219/b413910/webui-90219/source/Styles/xb3/code/DSXlog.php
2025-08-11 04:52:58,164 - Knowledge - INFO - process ingested knowledge for /app/data/rdk7542/90219/b413910/webui-90219/source/Styles/xb3/code/dynamic_dns_add.php
2025-08-11 04:52:58,207 - Knowledge - INFO - adding /app/data/rdk7542/90219/b413910/webui-90219/source/Styles/xb3/code/port_forwarding.php to ingest queue
2025-08-11 04:52:58,317 - Knowledge - INFO - persist ingested knowledge for /app/data/rdk7542/90219/b413910/webui-90219/source/Styles/xb3/code/parental_reports.php
2025-08-11 04:52:58,404 - Knowledge - INFO - persist ingested knowledge for /app/data/rdk7542/90219/b413910/webui-90219/source/Styles/xb3/code/managed_services_edit.php
2025-08-11 04:52:58,499 - Knowledge - INFO - persist ingested knowledge for /app/data/rdk7542/90219/b413910/webui-90219/source/Styles/xb3/code/status-403.html
2025-08-11 04:52:58,805 - Knowledge - INFO - Found code_base: <app.utils.kg_build.knowledge.KnowledgeCodeBase object at 0x7fac6214f850>
2025-08-11 04:52:59,499 - Knowledge - INFO - Found code-base-name: https://github.com/kavia-common/webui-90219.git:kavia-master
2025-08-11 04:52:59,499 - Knowledge - INFO - adding /app/data/rdk7542/90219/b413910/webui-90219/source/Styles/xb3/code/wireless_network_configuration_wps.php to ingest queue
2025-08-11 04:52:59,876 - Knowledge - INFO - persist ingested knowledge for /app/data/rdk7542/90219/b413910/webui-90219/source/Styles/xb3/code/includes/utility.php
2025-08-11 04:52:59,956 - Knowledge - INFO - Found code_base: <app.utils.kg_build.knowledge.KnowledgeCodeBase object at 0x7fac6214f850>
2025-08-11 04:53:00,174 - Knowledge - INFO - adding /app/data/rdk7542/90219/b413910/webui-90219/source/Styles/xb3/code/moca_diagnostics.php to ingest queue
2025-08-11 04:53:00,290 - Knowledge - INFO - persist ingested knowledge for /app/data/rdk7542/90219/b413910/webui-90219/source/Styles/xb3/code/includes/actionHandlerUtility.php
2025-08-11 04:53:00,433 - Knowledge - INFO - Found code-base-name: https://github.com/kavia-common/webui-90219.git:kavia-master
2025-08-11 04:53:00,434 - Knowledge - INFO - adding /app/data/rdk7542/90219/b413910/webui-90219/source/Styles/xb3/code/device_discovery.php to ingest queue
2025-08-11 04:53:00,653 - Knowledge - INFO - Found code_base: <app.utils.kg_build.knowledge.KnowledgeCodeBase object at 0x7fac6214f850>
2025-08-11 04:53:00,769 - Knowledge - INFO - adding /app/data/rdk7542/90219/b413910/webui-90219/source/Styles/xb3/code/trigger_spectrum_download.php to ingest queue
2025-08-11 04:53:00,860 - Knowledge - INFO - persist ingested knowledge for /app/data/rdk7542/90219/b413910/webui-90219/source/Styles/xb3/code/includes/footer.php
2025-08-11 04:53:01,061 - Knowledge - INFO - adding /app/data/rdk7542/90219/b413910/webui-90219/source/Styles/xb3/code/status-500.html to ingest queue
2025-08-11 04:53:01,154 - Knowledge - INFO - adding /app/data/rdk7542/90219/b413910/webui-90219/source/Styles/xb3/code/managed_devices_edit_blocked.php to ingest queue
2025-08-11 04:53:01,259 - Knowledge - INFO - adding /app/data/rdk7542/90219/b413910/webui-90219/source/Styles/xb3/code/connection_status.php to ingest queue
2025-08-11 04:53:01,375 - Knowledge - INFO - worker kw7 pull /app/data/rdk7542/90219/b413910/webui-90219/source/Styles/xb3/code/backup_restore.php from ingest queue
2025-08-11 04:53:01,545 - Knowledge - INFO - adding /app/data/rdk7542/90219/b413910/webui-90219/source/Styles/xb3/code/includes/userbar.php to ingest queue
2025-08-11 04:53:01,548 - Knowledge - INFO - process ingested knowledge for /app/data/rdk7542/90219/b413910/webui-90219/source/Styles/xb3/code/backup_restore.php
2025-08-11 04:53:01,626 - Knowledge - INFO - Found code-base-name: https://github.com/kavia-common/webui-90219.git:kavia-master
2025-08-11 04:53:01,626 - Knowledge - INFO - Found code-base-name: https://github.com/kavia-common/webui-90219.git:kavia-master
2025-08-11 04:53:01,627 - Knowledge - INFO - Found code-base-name: https://github.com/kavia-common/webui-90219.git:kavia-master
2025-08-11 04:53:01,627 - Knowledge - INFO - worker kw18 pull /app/data/rdk7542/90219/b413910/webui-90219/source/Styles/xb3/code/hs_port_forwarding_add.php from ingest queue
2025-08-11 04:53:01,788 - Knowledge - INFO - adding /app/data/rdk7542/90219/b413910/webui-90219/source/Styles/xb3/code/wifi.php to ingest queue
2025-08-11 04:53:01,820 - Knowledge - INFO - Found code_base: <app.utils.kg_build.knowledge.KnowledgeCodeBase object at 0x7fac6214f850>
2025-08-11 04:53:02,295 - Knowledge - INFO - persist ingested knowledge for /app/data/rdk7542/90219/b413910/webui-90219/source/Styles/xb3/code/hs_port_forwarding.php
2025-08-11 04:53:02,019 - Knowledge - INFO - Found code_base: <app.utils.kg_build.knowledge.KnowledgeCodeBase object at 0x7fac6214f850>
2025-08-11 04:53:02,168 - Knowledge - INFO - process ingested knowledge for /app/data/rdk7542/90219/b413910/webui-90219/source/Styles/xb3/code/hs_port_forwarding_add.php
2025-08-11 04:53:02,275 - Knowledge - INFO - worker kw21 pull /app/data/rdk7542/90219/b413910/webui-90219/source/Styles/xb3/code/dynamic_dns.php from ingest queue
2025-08-11 04:53:02,276 - Knowledge - INFO - worker kw11 pull /app/data/rdk7542/90219/b413910/webui-90219/source/CcspPhpExtension/php_cosa.h from ingest queue
2025-08-11 04:53:01,937 - Knowledge - INFO - Found code_base: <app.utils.kg_build.knowledge.KnowledgeCodeBase object at 0x7fac6214f850>
2025-08-11 04:53:02,342 - Knowledge - INFO - adding /app/data/rdk7542/90219/b413910/webui-90219/source/Styles/xb3/code/wizard_step1.php to ingest queue
2025-08-11 04:53:02,517 - Knowledge - INFO - persist ingested knowledge for /app/data/rdk7542/90219/b413910/webui-90219/source/Styles/xb3/code/dynamic_dns_add.php
2025-08-11 04:53:02,786 - Knowledge - INFO - process ingested knowledge for /app/data/rdk7542/90219/b413910/webui-90219/source/Styles/xb3/code/dynamic_dns.php
2025-08-11 04:53:02,924 - Knowledge - INFO - process ingested knowledge for /app/data/rdk7542/90219/b413910/webui-90219/source/CcspPhpExtension/php_cosa.h
2025-08-11 04:53:02,962 - Knowledge - INFO - persist ingested knowledge for /app/data/rdk7542/90219/b413910/webui-90219/source/Styles/xb3/code/DSXlog.php
2025-08-11 04:53:03,044 - Knowledge - INFO - worker kw5 pull /app/data/rdk7542/90219/b413910/webui-90219/source/CcspPhpExtension/cosa.c from ingest queue
2025-08-11 04:53:03,045 - Knowledge - INFO - worker kw14 pull /app/data/rdk7542/90219/b413910/webui-90219/source/CcspPhpApi/ccspdm.php from ingest queue
2025-08-11 04:53:03,045 - Knowledge - INFO - worker kw24 pull /app/data/rdk7542/90219/b413910/webui-90219/source/CcspPhpApi/ccsptest.php from ingest queue
2025-08-11 04:53:03,045 - Knowledge - INFO - worker kw4 pull /app/data/rdk7542/90219/b413910/webui-90219/cmpnt_build_custom_pre_pc.mk from ingest queue
2025-08-11 04:53:03,045 - Knowledge - INFO - Found code-base-name: https://github.com/kavia-common/webui-90219.git:kavia-master
2025-08-11 04:53:03,994 - Knowledge - INFO - Found code_base: <app.utils.kg_build.knowledge.KnowledgeCodeBase object at 0x7fac6214f850>
2025-08-11 04:53:03,608 - Knowledge - INFO - process ingested knowledge for /app/data/rdk7542/90219/b413910/webui-90219/source/CcspPhpExtension/cosa.c
2025-08-11 04:53:03,698 - Knowledge - INFO - process ingested knowledge for /app/data/rdk7542/90219/b413910/webui-90219/source/CcspPhpApi/ccspdm.php
2025-08-11 04:53:03,824 - Knowledge - INFO - process ingested knowledge for /app/data/rdk7542/90219/b413910/webui-90219/source/CcspPhpApi/ccsptest.php
2025-08-11 04:53:03,920 - Knowledge - INFO - process ingested knowledge for /app/data/rdk7542/90219/b413910/webui-90219/cmpnt_build_custom_pre_pc.mk
2025-08-11 04:53:03,123 - Knowledge - INFO - adding /app/data/rdk7542/90219/b413910/webui-90219/source/Styles/xb3/code/parental_reports.php to ingest queue
2025-08-11 04:53:04,099 - Knowledge - INFO - persist ingested knowledge for /app/data/rdk7542/90219/b413910/webui-90219/source/Styles/xb3/code/includes/header.php
2025-08-11 04:53:04,648 - Knowledge - INFO - Found code-base-name: https://github.com/kavia-common/webui-90219.git:kavia-master
2025-08-11 04:53:04,824 - Knowledge - INFO - Found code_base: <app.utils.kg_build.knowledge.KnowledgeCodeBase object at 0x7fac6214f850>
2025-08-11 04:53:04,649 - Knowledge - INFO - adding /app/data/rdk7542/90219/b413910/webui-90219/source/Styles/xb3/code/status-403.html to ingest queue
2025-08-11 04:53:04,648 - Knowledge - INFO - worker kw22 pull /app/data/rdk7542/90219/b413910/webui-90219/README.md from ingest queue
2025-08-11 04:53:04,913 - Knowledge - INFO - persist ingested knowledge for /app/data/rdk7542/90219/b413910/webui-90219/source/Styles/xb3/code/backup_restore.php
2025-08-11 04:53:05,033 - Knowledge - INFO - worker kw8 pull /app/data/rdk7542/90219/b413910/webui-90219/CONTRIBUTING.md from ingest queue
2025-08-11 04:53:05,103 - Knowledge - INFO - worker kw23 pull /app/data/rdk7542/90219/b413910/webui-90219/cmpnt_build_custom_pre_arm.mk from ingest queue
2025-08-11 04:53:05,159 - Knowledge - INFO - Found code-base-name: https://github.com/kavia-common/webui-90219.git:kavia-master
2025-08-11 04:53:05,160 - Knowledge - INFO - worker kw3 pull /app/data/rdk7542/90219/b413910/webui-90219/debug_scripts/cosalogs.sh from ingest queue
2025-08-11 04:53:05,160 - Knowledge - INFO - Found code-base-name: https://github.com/kavia-common/webui-90219.git:kavia-master
2025-08-11 04:53:05,160 - Knowledge - INFO - worker kw15 pull /app/data/rdk7542/90219/b413910/webui-90219/source/Styles/xb6/code/network_setup.php from ingest queue
2025-08-11 04:53:05,186 - Knowledge - INFO - process ingested knowledge for /app/data/rdk7542/90219/b413910/webui-90219/README.md
2025-08-11 04:53:05,220 - Knowledge - INFO - Found code-base-name: https://github.com/kavia-common/webui-90219.git:kavia-master
2025-08-11 04:53:05,221 - Knowledge - INFO - Found code-base-name: https://github.com/kavia-common/webui-90219.git:kavia-master
2025-08-11 04:53:05,288 - Knowledge - INFO - Found code-base-name: https://github.com/kavia-common/webui-90219.git:kavia-master
2025-08-11 04:53:05,288 - Knowledge - INFO - Found code-base-name: https://github.com/kavia-common/webui-90219.git:kavia-master
2025-08-11 04:53:05,288 - Knowledge - INFO - Found code-base-name: https://github.com/kavia-common/webui-90219.git:kavia-master
2025-08-11 04:53:05,288 - Knowledge - INFO - Found code-base-name: https://github.com/kavia-common/webui-90219.git:kavia-master
2025-08-11 04:53:05,288 - Knowledge - INFO - worker kw2 pull /app/data/rdk7542/90219/b413910/webui-90219/source/Styles/xb6/code/restore_reboot.php from ingest queue
2025-08-11 04:53:05,352 - Knowledge - INFO - worker kw12 pull /app/data/rdk7542/90219/b413910/webui-90219/source/Styles/xb6/code/wizard_step2.php from ingest queue
2025-08-11 04:53:05,352 - Knowledge - INFO - adding /app/data/rdk7542/90219/b413910/webui-90219/source/Styles/xb3/code/includes/footer.php to ingest queue
2025-08-11 04:53:05,386 - Knowledge - INFO - process ingested knowledge for /app/data/rdk7542/90219/b413910/webui-90219/CONTRIBUTING.md
2025-08-11 04:53:05,446 - Knowledge - INFO - Thread kw23 - File cmpnt_build_custom_pre_arm.mk - Remaining files in queue: 173
2025-08-11 04:53:07,072 - Knowledge - INFO - start ingest for /app/data/rdk7542/90219/b413910/webui-90219/cmpnt_build_custom_pre_arm.mk
2025-08-11 04:53:05,624 - Knowledge - INFO - Thread kw3 - File cosalogs.sh - Remaining files in queue: 173
2025-08-11 04:53:05,736 - Knowledge - INFO - Found code_base: <app.utils.kg_build.knowledge.KnowledgeCodeBase object at 0x7fac6214f850>
2025-08-11 04:53:05,825 - Knowledge - INFO - Thread kw15 - File network_setup.php - Remaining files in queue: 173
2025-08-11 04:53:06,133 - Knowledge - INFO - Found code_base: <app.utils.kg_build.knowledge.KnowledgeCodeBase object at 0x7fac6214f850>
2025-08-11 04:53:06,207 - Knowledge - INFO - Found code_base: <app.utils.kg_build.knowledge.KnowledgeCodeBase object at 0x7fac6214f850>
2025-08-11 04:53:06,308 - Knowledge - INFO - Found code_base: <app.utils.kg_build.knowledge.KnowledgeCodeBase object at 0x7fac6214f850>
2025-08-11 04:53:06,392 - Knowledge - INFO - Found code_base: <app.utils.kg_build.knowledge.KnowledgeCodeBase object at 0x7fac6214f850>
2025-08-11 04:53:06,470 - Knowledge - INFO - Found code_base: <app.utils.kg_build.knowledge.KnowledgeCodeBase object at 0x7fac6214f850>
2025-08-11 04:53:06,592 - Knowledge - INFO - Found code_base: <app.utils.kg_build.knowledge.KnowledgeCodeBase object at 0x7fac6214f850>
2025-08-11 04:53:06,676 - Knowledge - INFO - Thread kw2 - File restore_reboot.php - Remaining files in queue: 173
2025-08-11 04:53:06,765 - Knowledge - INFO - Thread kw12 - File wizard_step2.php - Remaining files in queue: 173
2025-08-11 04:53:06,865 - Knowledge - INFO - adding /app/data/rdk7542/90219/b413910/webui-90219/source/Styles/xb3/code/hs_port_forwarding.php to ingest queue
2025-08-11 04:53:05,527 - Knowledge - INFO - Found code_base: <app.utils.kg_build.knowledge.KnowledgeCodeBase object at 0x7fac6214f850>
2025-08-11 04:53:07,276 - Knowledge - INFO - start ingest for /app/data/rdk7542/90219/b413910/webui-90219/debug_scripts/cosalogs.sh
2025-08-11 04:53:07,388 - Knowledge - INFO - persist ingested knowledge for /app/data/rdk7542/90219/b413910/webui-90219/source/Styles/xb3/code/includes/nav.php
2025-08-11 04:53:07,498 - Knowledge - INFO - start ingest for /app/data/rdk7542/90219/b413910/webui-90219/source/Styles/xb6/code/network_setup.php
2025-08-11 04:53:07,610 - Knowledge - INFO - persist ingested knowledge for /app/data/rdk7542/90219/b413910/webui-90219/source/Styles/xb3/code/dynamic_dns.php
2025-08-11 04:53:07,739 - Knowledge - INFO - persist ingested knowledge for /app/data/rdk7542/90219/b413910/webui-90219/source/CcspPhpExtension/php_cosa.h
2025-08-11 04:53:07,844 - Knowledge - INFO - persist ingested knowledge for /app/data/rdk7542/90219/b413910/webui-90219/source/CcspPhpExtension/cosa.c
2025-08-11 04:53:07,936 - Knowledge - INFO - persist ingested knowledge for /app/data/rdk7542/90219/b413910/webui-90219/source/CcspPhpApi/ccspdm.php
2025-08-11 04:53:08,064 - Knowledge - INFO - persist ingested knowledge for /app/data/rdk7542/90219/b413910/webui-90219/source/CcspPhpApi/ccsptest.php
2025-08-11 04:53:08,165 - Knowledge - INFO - persist ingested knowledge for /app/data/rdk7542/90219/b413910/webui-90219/cmpnt_build_custom_pre_pc.mk
2025-08-11 04:53:08,275 - Knowledge - INFO - start ingest for /app/data/rdk7542/90219/b413910/webui-90219/source/Styles/xb6/code/restore_reboot.php
2025-08-11 04:53:08,535 - Knowledge - INFO - start ingest for /app/data/rdk7542/90219/b413910/webui-90219/source/Styles/xb6/code/wizard_step2.php
2025-08-11 04:53:08,653 - Knowledge - INFO - adding /app/data/rdk7542/90219/b413910/webui-90219/source/Styles/xb3/code/mta_sip_packet_log.php to ingest queue
2025-08-11 04:53:08,754 - Knowledge - INFO - persist ingested knowledge for /app/data/rdk7542/90219/b413910/webui-90219/source/Styles/xb3/code/hs_port_forwarding_add.php
2025-08-11 04:53:09,617 - Knowledge - INFO - done ingest for /app/data/rdk7542/90219/b413910/webui-90219/cmpnt_build_custom_pre_arm.mk
2025-08-11 04:53:10,037 - Knowledge - INFO - adding /app/data/rdk7542/90219/b413910/webui-90219/source/Styles/xb3/code/managed_services_edit.php to ingest queue
2025-08-11 04:53:10,298 - Knowledge - INFO - process ingested knowledge for /app/data/rdk7542/90219/b413910/webui-90219/cmpnt_build_custom_pre_arm.mk
2025-08-11 04:53:10,393 - Knowledge - INFO - adding /app/data/rdk7542/90219/b413910/webui-90219/source/Styles/xb3/code/dynamic_dns_add.php to ingest queue
2025-08-11 04:53:10,608 - Knowledge - INFO - worker kw16 pull /app/data/rdk7542/90219/b413910/webui-90219/source/Styles/xb6/code/wireless_network_configuration.php from ingest queue
2025-08-11 04:53:10,676 - Knowledge - INFO - adding /app/data/rdk7542/90219/b413910/webui-90219/source/Styles/xb3/code/includes/actionHandlerUtility.php to ingest queue
2025-08-11 04:53:10,703 - Knowledge - INFO - Thread kw16 - File wireless_network_configuration.php - Remaining files in queue: 177
2025-08-11 04:53:10,784 - Knowledge - INFO - adding /app/data/rdk7542/90219/b413910/webui-90219/source/Styles/xb3/code/includes/header.php to ingest queue
2025-08-11 04:53:10,890 - Knowledge - INFO - start ingest for /app/data/rdk7542/90219/b413910/webui-90219/source/Styles/xb6/code/wireless_network_configuration.php
2025-08-11 04:53:11,003 - Knowledge - INFO - Found code-base-name: https://github.com/kavia-common/webui-90219.git:kavia-master
2025-08-11 04:53:11,004 - Knowledge - INFO - worker kw9 pull /app/data/rdk7542/90219/b413910/webui-90219/source/Styles/xb6/code/actionHandler/ajaxSet_wireless_network_configuration_edit.php from ingest queue
2025-08-11 04:53:11,005 - Knowledge - INFO - worker kw19 pull /app/data/rdk7542/90219/b413910/webui-90219/source/Styles/xb6/code/lan.php from ingest queue
2025-08-11 04:53:11,208 - Knowledge - INFO - Found code_base: <app.utils.kg_build.knowledge.KnowledgeCodeBase object at 0x7fac6214f850>
2025-08-11 04:53:11,284 - Knowledge - INFO - Thread kw9 - File ajaxSet_wireless_network_configuration_edit.php - Remaining files in queue: 177
2025-08-11 04:53:11,575 - Knowledge - INFO - start ingest for /app/data/rdk7542/90219/b413910/webui-90219/source/Styles/xb6/code/actionHandler/ajaxSet_wireless_network_configuration_edit.php
2025-08-11 04:53:11,451 - Knowledge - INFO - worker kw1 pull /app/data/rdk7542/90219/b413910/webui-90219/source/Styles/xb6/code/actionHandler/ajaxSet_wireless_network_configuration.php from ingest queue
2025-08-11 04:53:11,468 - Knowledge - INFO - persist ingested knowledge for /app/data/rdk7542/90219/b413910/webui-90219/README.md
2025-08-11 04:53:11,527 - Knowledge - INFO - Found code-base-name: https://github.com/kavia-common/webui-90219.git:kavia-master
2025-08-11 04:53:11,527 - Knowledge - INFO - adding /app/data/rdk7542/90219/b413910/webui-90219/source/Styles/xb3/code/DSXlog.php to ingest queue
2025-08-11 04:53:11,382 - Knowledge - INFO - Thread kw19 - File lan.php - Remaining files in queue: 177
2025-08-11 04:53:11,758 - Knowledge - INFO - Thread kw1 - File ajaxSet_wireless_network_configuration.php - Remaining files in queue: 176
2025-08-11 04:53:11,959 - Knowledge - INFO - Found code_base: <app.utils.kg_build.knowledge.KnowledgeCodeBase object at 0x7fac6214f850>
2025-08-11 04:53:12,078 - Knowledge - INFO - adding /app/data/rdk7542/90219/b413910/webui-90219/source/Styles/xb3/code/includes/utility.php to ingest queue
2025-08-11 04:53:12,200 - Knowledge - INFO - start ingest for /app/data/rdk7542/90219/b413910/webui-90219/source/Styles/xb6/code/lan.php
2025-08-11 04:53:12,313 - Knowledge - INFO - start ingest for /app/data/rdk7542/90219/b413910/webui-90219/source/Styles/xb6/code/actionHandler/ajaxSet_wireless_network_configuration.php
2025-08-11 04:53:12,398 - Knowledge - INFO - persist ingested knowledge for /app/data/rdk7542/90219/b413910/webui-90219/cmpnt_build_custom_pre_arm.mk
2025-08-11 04:53:12,495 - Knowledge - INFO - adding /app/data/rdk7542/90219/b413910/webui-90219/source/Styles/xb3/code/backup_restore.php to ingest queue
2025-08-11 04:53:12,910 - Knowledge - INFO - worker kw20 pull /app/data/rdk7542/90219/b413910/webui-90219/source/Styles/xb6/code/battery.php from ingest queue
2025-08-11 04:53:12,911 - Knowledge - INFO - Found code-base-name: https://github.com/kavia-common/webui-90219.git:kavia-master
2025-08-11 04:53:12,911 - Knowledge - INFO - adding /app/data/rdk7542/90219/b413910/webui-90219/source/Styles/xb3/code/includes/nav.php to ingest queue
2025-08-11 04:53:13,016 - Knowledge - INFO - Thread kw20 - File battery.php - Remaining files in queue: 178
2025-08-11 04:53:13,120 - Knowledge - INFO - Found code_base: <app.utils.kg_build.knowledge.KnowledgeCodeBase object at 0x7fac6214f850>
2025-08-11 04:53:13,214 - Knowledge - INFO - adding /app/data/rdk7542/90219/b413910/webui-90219/source/CcspPhpExtension/php_cosa.h to ingest queue
2025-08-11 04:53:13,330 - Knowledge - INFO - start ingest for /app/data/rdk7542/90219/b413910/webui-90219/source/Styles/xb6/code/battery.php
2025-08-11 04:53:13,443 - Knowledge - INFO - persist ingested knowledge for /app/data/rdk7542/90219/b413910/webui-90219/CONTRIBUTING.md
2025-08-11 04:53:13,561 - Knowledge - INFO - adding /app/data/rdk7542/90219/b413910/webui-90219/source/CcspPhpExtension/cosa.c to ingest queue
2025-08-11 04:53:13,589 - Knowledge - INFO - done ingest for /app/data/rdk7542/90219/b413910/webui-90219/debug_scripts/cosalogs.sh
2025-08-11 04:53:13,865 - Knowledge - INFO - adding /app/data/rdk7542/90219/b413910/webui-90219/source/CcspPhpApi/ccspdm.php to ingest queue
2025-08-11 04:53:13,989 - Knowledge - INFO - process ingested knowledge for /app/data/rdk7542/90219/b413910/webui-90219/debug_scripts/cosalogs.sh
2025-08-11 04:53:14,092 - Knowledge - INFO - adding /app/data/rdk7542/90219/b413910/webui-90219/source/CcspPhpApi/ccsptest.php to ingest queue
2025-08-11 04:53:14,300 - Knowledge - INFO - adding /app/data/rdk7542/90219/b413910/webui-90219/cmpnt_build_custom_pre_pc.mk to ingest queue
2025-08-11 04:53:14,414 - Knowledge - INFO - worker kw17 pull /app/data/rdk7542/90219/b413910/webui-90219/source/Styles/xb6/code/wireless_network_configuration_edit.php from ingest queue
2025-08-11 04:53:14,414 - Knowledge - INFO - adding /app/data/rdk7542/90219/b413910/webui-90219/source/Styles/xb3/code/hs_port_forwarding_add.php to ingest queue
2025-08-11 04:53:14,526 - Knowledge - INFO - Thread kw17 - File wireless_network_configuration_edit.php - Remaining files in queue: 183
2025-08-11 04:53:14,627 - Knowledge - INFO - worker kw13 pull /app/data/rdk7542/90219/b413910/webui-90219/source/Styles/xb3/config/webgui.sh from ingest queue
2025-08-11 04:53:14,734 - Knowledge - INFO - start ingest for /app/data/rdk7542/90219/b413910/webui-90219/source/Styles/xb6/code/wireless_network_configuration_edit.php
2025-08-11 04:53:14,772 - Knowledge - INFO - worker kw7 pull /app/data/rdk7542/90219/b413910/webui-90219/source/Styles/xb3/walled_garden/parcon/siteblk/index.php from ingest queue
2025-08-11 04:53:14,773 - Knowledge - INFO - worker kw25 pull /app/data/rdk7542/90219/b413910/webui-90219/source/Styles/xb3/config/php.ini from ingest queue
2025-08-11 04:53:14,773 - Knowledge - INFO - worker kw10 pull /app/data/rdk7542/90219/b413910/webui-90219/source/Styles/xb3/code/firewall_settings_ipv6.php from ingest queue
2025-08-11 04:53:14,773 - Knowledge - INFO - worker kw11 pull /app/data/rdk7542/90219/b413910/webui-90219/source/Styles/xb3/code/local_ip_configuration.php from ingest queue
2025-08-11 04:53:14,773 - Knowledge - INFO - worker kw14 pull /app/data/rdk7542/90219/b413910/webui-90219/source/Styles/xb3/code/network_setup.php from ingest queue
2025-08-11 04:53:14,773 - Knowledge - INFO - Found code-base-name: https://github.com/kavia-common/webui-90219.git:kavia-master
2025-08-11 04:53:15,544 - Knowledge - INFO - Found code_base: <app.utils.kg_build.knowledge.KnowledgeCodeBase object at 0x7fac6214f850>
2025-08-11 04:53:14,774 - Knowledge - INFO - worker kw6 pull /app/data/rdk7542/90219/b413910/webui-90219/source/Styles/xb3/code/test/video_analytics.php from ingest queue
2025-08-11 04:53:14,774 - Knowledge - INFO - worker kw18 pull /app/data/rdk7542/90219/b413910/webui-90219/source/Styles/xb3/code/restore_reboot.php from ingest queue
2025-08-11 04:53:14,774 - Knowledge - INFO - worker kw23 pull /app/data/rdk7542/90219/b413910/webui-90219/source/Styles/xb3/code/home_loggedout.php from ingest queue
2025-08-11 04:53:14,774 - Knowledge - INFO - worker kw5 pull /app/data/rdk7542/90219/b413910/webui-90219/source/Styles/xb3/code/hs_port_forwarding_edit.php from ingest queue
2025-08-11 04:53:14,848 - Knowledge - INFO - Thread kw13 - File webgui.sh - Remaining files in queue: 173
2025-08-11 04:53:14,917 - Knowledge - INFO - worker kw4 pull /app/data/rdk7542/90219/b413910/webui-90219/source/Styles/xb3/code/port_triggering_add.php from ingest queue
2025-08-11 04:53:14,917 - Knowledge - INFO - adding /app/data/rdk7542/90219/b413910/webui-90219/source/Styles/xb3/code/dynamic_dns.php to ingest queue
2025-08-11 04:53:15,051 - Knowledge - INFO - Thread kw7 - File index.php - Remaining files in queue: 172
2025-08-11 04:53:15,123 - Knowledge - INFO - Thread kw25 - File php.ini - Remaining files in queue: 172
2025-08-11 04:53:15,239 - Knowledge - INFO - Thread kw10 - File firewall_settings_ipv6.php - Remaining files in queue: 172
2025-08-11 04:53:15,363 - Knowledge - INFO - Thread kw11 - File local_ip_configuration.php - Remaining files in queue: 172
2025-08-11 04:53:15,464 - Knowledge - INFO - Thread kw14 - File network_setup.php - Remaining files in queue: 172
2025-08-11 04:53:14,774 - Knowledge - INFO - worker kw24 pull /app/data/rdk7542/90219/b413910/webui-90219/source/Styles/xb3/code/network_diagnostic_tools.php from ingest queue
2025-08-11 04:53:15,612 - Knowledge - INFO - persist ingested knowledge for /app/data/rdk7542/90219/b413910/webui-90219/debug_scripts/cosalogs.sh
2025-08-11 04:53:15,729 - Knowledge - INFO - Thread kw6 - File video_analytics.php - Remaining files in queue: 172
2025-08-11 04:53:15,839 - Knowledge - INFO - Thread kw18 - File restore_reboot.php - Remaining files in queue: 172
2025-08-11 04:53:15,968 - Knowledge - INFO - Thread kw23 - File home_loggedout.php - Remaining files in queue: 172
2025-08-11 04:53:16,047 - Knowledge - INFO - Thread kw5 - File hs_port_forwarding_edit.php - Remaining files in queue: 172
2025-08-11 04:53:16,146 - Knowledge - INFO - start ingest for /app/data/rdk7542/90219/b413910/webui-90219/source/Styles/xb3/config/webgui.sh
2025-08-11 04:53:16,267 - Knowledge - INFO - Thread kw4 - File port_triggering_add.php - Remaining files in queue: 172
2025-08-11 04:53:16,368 - Knowledge - INFO - adding /app/data/rdk7542/90219/b413910/webui-90219/CONTRIBUTING.md to ingest queue
2025-08-11 04:53:16,477 - Knowledge - INFO - start ingest for /app/data/rdk7542/90219/b413910/webui-90219/source/Styles/xb3/walled_garden/parcon/siteblk/index.php
2025-08-11 04:53:16,606 - Knowledge - INFO - start ingest for /app/data/rdk7542/90219/b413910/webui-90219/source/Styles/xb3/config/php.ini
2025-08-11 04:53:16,739 - Knowledge - INFO - start ingest for /app/data/rdk7542/90219/b413910/webui-90219/source/Styles/xb3/code/firewall_settings_ipv6.php
2025-08-11 04:53:16,843 - Knowledge - INFO - start ingest for /app/data/rdk7542/90219/b413910/webui-90219/source/Styles/xb3/code/local_ip_configuration.php
2025-08-11 04:53:16,954 - Knowledge - INFO - start ingest for /app/data/rdk7542/90219/b413910/webui-90219/source/Styles/xb3/code/network_setup.php
2025-08-11 04:53:17,062 - Knowledge - INFO - Thread kw24 - File network_diagnostic_tools.php - Remaining files in queue: 173
2025-08-11 04:53:17,303 - Knowledge - INFO - start ingest for /app/data/rdk7542/90219/b413910/webui-90219/source/Styles/xb3/code/test/video_analytics.php
2025-08-11 04:53:17,417 - Knowledge - INFO - start ingest for /app/data/rdk7542/90219/b413910/webui-90219/source/Styles/xb3/code/restore_reboot.php
2025-08-11 04:53:17,550 - Knowledge - INFO - start ingest for /app/data/rdk7542/90219/b413910/webui-90219/source/Styles/xb3/code/home_loggedout.php
2025-08-11 04:53:17,665 - Knowledge - INFO - start ingest for /app/data/rdk7542/90219/b413910/webui-90219/source/Styles/xb3/code/hs_port_forwarding_edit.php
2025-08-11 04:53:17,884 - Knowledge - INFO - start ingest for /app/data/rdk7542/90219/b413910/webui-90219/source/Styles/xb3/code/port_triggering_add.php
2025-08-11 04:53:18,141 - Knowledge - INFO - worker kw21 pull /app/data/rdk7542/90219/b413910/webui-90219/source/Styles/xb3/code/at_a_glance.php from ingest queue
2025-08-11 04:53:18,297 - Knowledge - INFO - Fast-track processing for simple file: /app/data/rdk7542/90219/b413910/webui-90219/source/Styles/xb3/config/php.ini
2025-08-11 04:53:18,612 - Knowledge - INFO - start ingest for /app/data/rdk7542/90219/b413910/webui-90219/source/Styles/xb3/code/network_diagnostic_tools.php
2025-08-11 04:53:19,095 - Knowledge - INFO - persist search terms embedding for debug_scripts/cosalogs.sh
2025-08-11 04:53:19,334 - Knowledge - INFO - Thread kw21 - File at_a_glance.php - Remaining files in queue: 173
2025-08-11 04:53:19,440 - Knowledge - INFO - done fast ingest for /app/data/rdk7542/90219/b413910/webui-90219/source/Styles/xb3/config/php.ini
2025-08-11 04:53:19,654 - Knowledge - INFO - adding /app/data/rdk7542/90219/b413910/webui-90219/README.md to ingest queue
2025-08-11 04:53:19,726 - Knowledge - INFO - done ingest for /app/data/rdk7542/90219/b413910/webui-90219/source/Styles/xb6/code/wizard_step2.php
2025-08-11 04:53:19,777 - Knowledge - INFO - start ingest for /app/data/rdk7542/90219/b413910/webui-90219/source/Styles/xb3/code/at_a_glance.php
2025-08-11 04:53:19,879 - Knowledge - INFO - process ingested knowledge for /app/data/rdk7542/90219/b413910/webui-90219/source/Styles/xb3/config/php.ini
2025-08-11 04:53:19,992 - Knowledge - INFO - worker kw8 pull /app/data/rdk7542/90219/b413910/webui-90219/source/Styles/xb3/code/wizard_step2.php from ingest queue
2025-08-11 04:53:19,996 - Knowledge - INFO - worker kw3 pull /app/data/rdk7542/90219/b413910/webui-90219/source/Styles/xb3/code/hardware.php from ingest queue
2025-08-11 04:53:20,006 - Knowledge - INFO - worker kw22 pull /app/data/rdk7542/90219/b413910/webui-90219/source/Styles/xb3/code/captiveportal.php from ingest queue
2025-08-11 04:53:20,100 - Knowledge - INFO - process ingested knowledge for /app/data/rdk7542/90219/b413910/webui-90219/source/Styles/xb6/code/wizard_step2.php
2025-08-11 04:53:20,305 - Knowledge - INFO - Found code-base-name: https://github.com/kavia-common/webui-90219.git:kavia-master
2025-08-11 04:53:20,408 - Knowledge - INFO - Thread kw8 - File wizard_step2.php - Remaining files in queue: 171
2025-08-11 04:53:20,518 - Knowledge - INFO - Thread kw3 - File hardware.php - Remaining files in queue: 171
2025-08-11 04:53:20,610 - Knowledge - INFO - Thread kw22 - File captiveportal.php - Remaining files in queue: 171
2025-08-11 04:53:20,702 - Knowledge - INFO - Found code-base-name: https://github.com/kavia-common/webui-90219.git:kavia-master
2025-08-11 04:53:20,826 - Knowledge - INFO - Found code_base: <app.utils.kg_build.knowledge.KnowledgeCodeBase object at 0x7fac6214f850>
2025-08-11 04:53:20,961 - Knowledge - INFO - start ingest for /app/data/rdk7542/90219/b413910/webui-90219/source/Styles/xb3/code/wizard_step2.php
2025-08-11 04:53:21,062 - Knowledge - INFO - start ingest for /app/data/rdk7542/90219/b413910/webui-90219/source/Styles/xb3/code/hardware.php
2025-08-11 04:53:21,176 - Knowledge - INFO - start ingest for /app/data/rdk7542/90219/b413910/webui-90219/source/Styles/xb3/code/captiveportal.php
2025-08-11 04:53:21,266 - Knowledge - INFO - Found code_base: <app.utils.kg_build.knowledge.KnowledgeCodeBase object at 0x7fac6214f850>
2025-08-11 04:53:21,368 - Knowledge - INFO - persist ingested knowledge for /app/data/rdk7542/90219/b413910/webui-90219/source/Styles/xb3/config/php.ini
2025-08-11 04:53:21,824 - Knowledge - INFO - persist ingested knowledge for /app/data/rdk7542/90219/b413910/webui-90219/source/Styles/xb6/code/wizard_step2.php
2025-08-11 04:53:22,093 - Knowledge - INFO - done ingest for /app/data/rdk7542/90219/b413910/webui-90219/source/Styles/xb6/code/restore_reboot.php
2025-08-11 04:53:22,230 - Knowledge - INFO - process ingested knowledge for /app/data/rdk7542/90219/b413910/webui-90219/source/Styles/xb6/code/restore_reboot.php
2025-08-11 04:53:22,386 - Knowledge - INFO - done ingest for /app/data/rdk7542/90219/b413910/webui-90219/source/Styles/xb6/code/actionHandler/ajaxSet_wireless_network_configuration_edit.php
2025-08-11 04:53:22,534 - Knowledge - INFO - process ingested knowledge for /app/data/rdk7542/90219/b413910/webui-90219/source/Styles/xb6/code/actionHandler/ajaxSet_wireless_network_configuration_edit.php
2025-08-11 04:53:23,296 - Knowledge - INFO - persist search terms embedding for source/Styles/xb6/code/wizard_step2.php
2025-08-11 04:53:23,422 - Knowledge - INFO - Found code-base-name: https://github.com/kavia-common/webui-90219.git:kavia-master
2025-08-11 04:53:23,431 - Knowledge - INFO - worker kw25 pull /app/data/rdk7542/90219/b413910/webui-90219/source/Styles/xb3/code/wireless_network_configuration.php from ingest queue
2025-08-11 04:53:23,432 - Knowledge - INFO - Found code-base-name: https://github.com/kavia-common/webui-90219.git:kavia-master
2025-08-11 04:53:23,444 - Knowledge - INFO - worker kw12 pull /app/data/rdk7542/90219/b413910/webui-90219/source/Styles/xb3/code/network_storage.php from ingest queue
2025-08-11 04:53:23,550 - Knowledge - INFO - Found code_base: <app.utils.kg_build.knowledge.KnowledgeCodeBase object at 0x7fac6214f850>
2025-08-11 04:53:23,754 - Knowledge - INFO - Thread kw25 - File wireless_network_configuration.php - Remaining files in queue: 169
2025-08-11 04:53:23,934 - Knowledge - INFO - Found code_base: <app.utils.kg_build.knowledge.KnowledgeCodeBase object at 0x7fac6214f850>
2025-08-11 04:53:24,134 - Knowledge - INFO - Thread kw12 - File network_storage.php - Remaining files in queue: 169
2025-08-11 04:53:24,267 - Knowledge - INFO - persist ingested knowledge for /app/data/rdk7542/90219/b413910/webui-90219/source/Styles/xb6/code/restore_reboot.php
2025-08-11 04:53:24,448 - Knowledge - INFO - start ingest for /app/data/rdk7542/90219/b413910/webui-90219/source/Styles/xb3/code/wireless_network_configuration.php
2025-08-11 04:53:24,454 - Knowledge - INFO - done ingest for /app/data/rdk7542/90219/b413910/webui-90219/source/Styles/xb6/code/actionHandler/ajaxSet_wireless_network_configuration.php
2025-08-11 04:53:25,056 - Knowledge - INFO - process ingested knowledge for /app/data/rdk7542/90219/b413910/webui-90219/source/Styles/xb6/code/actionHandler/ajaxSet_wireless_network_configuration.php
2025-08-11 04:53:24,708 - Knowledge - INFO - start ingest for /app/data/rdk7542/90219/b413910/webui-90219/source/Styles/xb3/code/network_storage.php
2025-08-11 04:53:24,870 - Knowledge - INFO - done ingest for /app/data/rdk7542/90219/b413910/webui-90219/source/Styles/xb6/code/lan.php
2025-08-11 04:53:24,565 - Knowledge - INFO - persist ingested knowledge for /app/data/rdk7542/90219/b413910/webui-90219/source/Styles/xb6/code/actionHandler/ajaxSet_wireless_network_configuration_edit.php
2025-08-11 04:53:25,330 - Knowledge - INFO - process ingested knowledge for /app/data/rdk7542/90219/b413910/webui-90219/source/Styles/xb6/code/lan.php
2025-08-11 04:53:25,538 - Knowledge - INFO - persist search terms embedding for source/Styles/xb6/code/restore_reboot.php
2025-08-11 04:53:25,618 - Knowledge - INFO - Found code-base-name: https://github.com/kavia-common/webui-90219.git:kavia-master
2025-08-11 04:53:25,711 - Knowledge - INFO - Found code_base: <app.utils.kg_build.knowledge.KnowledgeCodeBase object at 0x7fac6214f850>
2025-08-11 04:53:25,782 - Knowledge - INFO - persist ingested knowledge for /app/data/rdk7542/90219/b413910/webui-90219/source/Styles/xb6/code/actionHandler/ajaxSet_wireless_network_configuration.php
2025-08-11 04:53:26,133 - Knowledge - INFO - persist search terms embedding for source/Styles/xb6/code/actionHandler/ajaxSet_wireless_network_configuration_edit.php
2025-08-11 04:53:26,234 - Knowledge - INFO - Found code-base-name: https://github.com/kavia-common/webui-90219.git:kavia-master
2025-08-11 04:53:26,257 - Knowledge - INFO - worker kw2 pull /app/data/rdk7542/90219/b413910/webui-90219/source/Styles/xb3/code/connected_devices_computers_add.php from ingest queue
2025-08-11 04:53:26,342 - Knowledge - INFO - Found code_base: <app.utils.kg_build.knowledge.KnowledgeCodeBase object at 0x7fac6214f850>
2025-08-11 04:53:26,489 - Knowledge - INFO - Thread kw2 - File connected_devices_computers_add.php - Remaining files in queue: 168
2025-08-11 04:53:26,638 - Knowledge - INFO - persist ingested knowledge for /app/data/rdk7542/90219/b413910/webui-90219/source/Styles/xb6/code/lan.php
2025-08-11 04:53:26,772 - Knowledge - INFO - start ingest for /app/data/rdk7542/90219/b413910/webui-90219/source/Styles/xb3/code/connected_devices_computers_add.php
2025-08-11 04:53:27,044 - Knowledge - INFO - persist search terms embedding for source/Styles/xb6/code/actionHandler/ajaxSet_wireless_network_configuration.php
2025-08-11 04:53:27,113 - Knowledge - INFO - done ingest for /app/data/rdk7542/90219/b413910/webui-90219/source/Styles/xb6/code/battery.php
2025-08-11 04:53:27,217 - Knowledge - INFO - worker kw9 pull /app/data/rdk7542/90219/b413910/webui-90219/source/Styles/xb3/code/dynamic_dns_edit.php from ingest queue
2025-08-11 04:53:27,330 - Knowledge - INFO - process ingested knowledge for /app/data/rdk7542/90219/b413910/webui-90219/source/Styles/xb6/code/battery.php
2025-08-11 04:53:27,486 - Knowledge - INFO - Thread kw9 - File dynamic_dns_edit.php - Remaining files in queue: 167
2025-08-11 04:53:27,720 - Knowledge - INFO - start ingest for /app/data/rdk7542/90219/b413910/webui-90219/source/Styles/xb3/code/dynamic_dns_edit.php
2025-08-11 04:53:28,005 - Knowledge - INFO - persist search terms embedding for source/Styles/xb6/code/lan.php
2025-08-11 04:53:28,124 - Knowledge - INFO - worker kw1 pull /app/data/rdk7542/90219/b413910/webui-90219/source/Styles/xb3/code/status-404.html from ingest queue
2025-08-11 04:53:28,124 - Knowledge - INFO - Found code-base-name: https://github.com/kavia-common/webui-90219.git:kavia-master
2025-08-11 04:53:28,125 - Knowledge - INFO - worker kw19 pull /app/data/rdk7542/90219/b413910/webui-90219/source/Styles/xb3/code/check.php from ingest queue
2025-08-11 04:53:28,226 - Knowledge - INFO - Thread kw1 - File status-404.html - Remaining files in queue: 165
2025-08-11 04:53:28,353 - Knowledge - INFO - Found code_base: <app.utils.kg_build.knowledge.KnowledgeCodeBase object at 0x7fac6214f850>
2025-08-11 04:53:28,450 - Knowledge - INFO - Thread kw19 - File check.php - Remaining files in queue: 165
2025-08-11 04:53:28,521 - Knowledge - INFO - start ingest for /app/data/rdk7542/90219/b413910/webui-90219/source/Styles/xb3/code/status-404.html
2025-08-11 04:53:28,643 - Knowledge - INFO - persist ingested knowledge for /app/data/rdk7542/90219/b413910/webui-90219/source/Styles/xb6/code/battery.php
2025-08-11 04:53:28,759 - Knowledge - INFO - start ingest for /app/data/rdk7542/90219/b413910/webui-90219/source/Styles/xb3/code/check.php
2025-08-11 04:53:28,881 - Knowledge - INFO - Fast-track processing for simple file: /app/data/rdk7542/90219/b413910/webui-90219/source/Styles/xb3/code/status-404.html
2025-08-11 04:53:29,196 - Knowledge - INFO - done fast ingest for /app/data/rdk7542/90219/b413910/webui-90219/source/Styles/xb3/code/status-404.html
2025-08-11 04:53:29,309 - Knowledge - INFO - process ingested knowledge for /app/data/rdk7542/90219/b413910/webui-90219/source/Styles/xb3/code/status-404.html
2025-08-11 04:53:29,467 - Knowledge - INFO - persist search terms embedding for source/Styles/xb6/code/battery.php
2025-08-11 04:53:29,579 - Knowledge - INFO - Found code-base-name: https://github.com/kavia-common/webui-90219.git:kavia-master
2025-08-11 04:53:29,580 - Knowledge - INFO - worker kw20 pull /app/data/rdk7542/90219/b413910/webui-90219/source/Styles/xb3/code/actionHandler/ajax_moca_diagnostics.php from ingest queue
2025-08-11 04:53:29,666 - Knowledge - INFO - Found code_base: <app.utils.kg_build.knowledge.KnowledgeCodeBase object at 0x7fac6214f850>
2025-08-11 04:53:29,803 - Knowledge - INFO - Thread kw20 - File ajax_moca_diagnostics.php - Remaining files in queue: 164
2025-08-11 04:53:29,906 - Knowledge - INFO - persist ingested knowledge for /app/data/rdk7542/90219/b413910/webui-90219/source/Styles/xb3/code/status-404.html
2025-08-11 04:53:30,008 - Knowledge - INFO - start ingest for /app/data/rdk7542/90219/b413910/webui-90219/source/Styles/xb3/code/actionHandler/ajax_moca_diagnostics.php
2025-08-11 04:53:30,289 - Knowledge - INFO - worker kw1 pull /app/data/rdk7542/90219/b413910/webui-90219/source/Styles/xb3/code/actionHandler/ajaxSet_index_userbar.php from ingest queue
2025-08-11 04:53:30,400 - Knowledge - INFO - Thread kw1 - File ajaxSet_index_userbar.php - Remaining files in queue: 163
2025-08-11 04:53:30,524 - Knowledge - INFO - start ingest for /app/data/rdk7542/90219/b413910/webui-90219/source/Styles/xb3/code/actionHandler/ajaxSet_index_userbar.php
2025-08-11 04:53:38,365 - Knowledge - INFO - done ingest for /app/data/rdk7542/90219/b413910/webui-90219/source/Styles/xb3/walled_garden/parcon/siteblk/index.php
2025-08-11 04:53:38,532 - Knowledge - INFO - process ingested knowledge for /app/data/rdk7542/90219/b413910/webui-90219/source/Styles/xb3/walled_garden/parcon/siteblk/index.php
2025-08-11 04:53:38,644 - Knowledge - INFO - Found code-base-name: https://github.com/kavia-common/webui-90219.git:kavia-master
2025-08-11 04:53:38,769 - Knowledge - INFO - Found code_base: <app.utils.kg_build.knowledge.KnowledgeCodeBase object at 0x7fac6214f850>
2025-08-11 04:53:38,913 - Knowledge - INFO - persist ingested knowledge for /app/data/rdk7542/90219/b413910/webui-90219/source/Styles/xb3/walled_garden/parcon/siteblk/index.php
2025-08-11 04:53:39,242 - Knowledge - INFO - done ingest for /app/data/rdk7542/90219/b413910/webui-90219/source/Styles/xb6/code/network_setup.php
2025-08-11 04:53:39,280 - Knowledge - INFO - worker kw7 pull /app/data/rdk7542/90219/b413910/webui-90219/source/Styles/xb3/code/actionHandler/ajaxSet_Battery.php from ingest queue
2025-08-11 04:53:39,362 - Knowledge - INFO - process ingested knowledge for /app/data/rdk7542/90219/b413910/webui-90219/source/Styles/xb6/code/network_setup.php
2025-08-11 04:53:39,475 - Knowledge - INFO - Thread kw7 - File ajaxSet_Battery.php - Remaining files in queue: 162
2025-08-11 04:53:39,558 - Knowledge - INFO - Found code-base-name: https://github.com/kavia-common/webui-90219.git:kavia-master
2025-08-11 04:53:39,678 - Knowledge - INFO - start ingest for /app/data/rdk7542/90219/b413910/webui-90219/source/Styles/xb3/code/actionHandler/ajaxSet_Battery.php
2025-08-11 04:53:39,790 - Knowledge - INFO - Found code_base: <app.utils.kg_build.knowledge.KnowledgeCodeBase object at 0x7fac6214f850>
2025-08-11 04:53:40,078 - Knowledge - INFO - persist ingested knowledge for /app/data/rdk7542/90219/b413910/webui-90219/source/Styles/xb6/code/network_setup.php
2025-08-11 04:53:41,944 - Knowledge - INFO - persist search terms embedding for source/Styles/xb6/code/network_setup.php
2025-08-11 04:53:42,080 - Knowledge - INFO - worker kw15 pull /app/data/rdk7542/90219/b413910/webui-90219/source/Styles/xb3/code/actionHandler/ajaxSet_wireless_network_configuration_edit.php from ingest queue
2025-08-11 04:53:42,216 - Knowledge - INFO - Thread kw15 - File ajaxSet_wireless_network_configuration_edit.php - Remaining files in queue: 161
2025-08-11 04:53:42,325 - Knowledge - INFO - start ingest for /app/data/rdk7542/90219/b413910/webui-90219/source/Styles/xb3/code/actionHandler/ajaxSet_wireless_network_configuration_edit.php
2025-08-11 04:53:43,712 - Knowledge - INFO - done ingest for /app/data/rdk7542/90219/b413910/webui-90219/source/Styles/xb3/config/webgui.sh
2025-08-11 04:53:43,793 - Knowledge - INFO - process ingested knowledge for /app/data/rdk7542/90219/b413910/webui-90219/source/Styles/xb3/config/webgui.sh
2025-08-11 04:53:43,888 - Knowledge - INFO - Found code-base-name: https://github.com/kavia-common/webui-90219.git:kavia-master
2025-08-11 04:53:43,977 - Knowledge - INFO - Found code_base: <app.utils.kg_build.knowledge.KnowledgeCodeBase object at 0x7fac6214f850>
2025-08-11 04:53:44,110 - Knowledge - INFO - persist ingested knowledge for /app/data/rdk7542/90219/b413910/webui-90219/source/Styles/xb3/config/webgui.sh
2025-08-11 04:53:44,802 - Knowledge - INFO - persist search terms embedding for source/Styles/xb3/config/webgui.sh
2025-08-11 04:53:44,943 - Knowledge - INFO - worker kw13 pull /app/data/rdk7542/90219/b413910/webui-90219/source/Styles/xb3/code/actionHandler/ajaxSet_firewall_config.php from ingest queue
2025-08-11 04:53:45,050 - Knowledge - INFO - Thread kw13 - File ajaxSet_firewall_config.php - Remaining files in queue: 160
2025-08-11 04:53:45,159 - Knowledge - INFO - start ingest for /app/data/rdk7542/90219/b413910/webui-90219/source/Styles/xb3/code/actionHandler/ajaxSet_firewall_config.php
2025-08-11 04:53:45,876 - Knowledge - INFO - done ingest for /app/data/rdk7542/90219/b413910/webui-90219/source/Styles/xb3/code/test/video_analytics.php
2025-08-11 04:53:45,957 - Knowledge - INFO - process ingested knowledge for /app/data/rdk7542/90219/b413910/webui-90219/source/Styles/xb3/code/test/video_analytics.php
2025-08-11 04:53:46,076 - Knowledge - INFO - Found code-base-name: https://github.com/kavia-common/webui-90219.git:kavia-master
2025-08-11 04:53:46,192 - Knowledge - INFO - Found code_base: <app.utils.kg_build.knowledge.KnowledgeCodeBase object at 0x7fac6214f850>
2025-08-11 04:53:46,291 - Knowledge - INFO - persist ingested knowledge for /app/data/rdk7542/90219/b413910/webui-90219/source/Styles/xb3/code/test/video_analytics.php
2025-08-11 04:53:46,651 - Knowledge - INFO - done ingest for /app/data/rdk7542/90219/b413910/webui-90219/source/Styles/xb3/code/hs_port_forwarding_edit.php
2025-08-11 04:53:46,772 - Knowledge - INFO - process ingested knowledge for /app/data/rdk7542/90219/b413910/webui-90219/source/Styles/xb3/code/hs_port_forwarding_edit.php
2025-08-11 04:53:46,965 - Knowledge - INFO - persist search terms embedding for source/Styles/xb3/code/test/video_analytics.php
2025-08-11 04:53:47,099 - Knowledge - INFO - Found code-base-name: https://github.com/kavia-common/webui-90219.git:kavia-master
2025-08-11 04:53:47,104 - Knowledge - INFO - worker kw6 pull /app/data/rdk7542/90219/b413910/webui-90219/source/Styles/xb3/code/actionHandler/ajaxSet_wps_config.php from ingest queue
2025-08-11 04:53:47,200 - Knowledge - INFO - done ingest for /app/data/rdk7542/90219/b413910/webui-90219/source/Styles/xb3/code/at_a_glance.php
2025-08-11 04:53:47,206 - Knowledge - INFO - Found code_base: <app.utils.kg_build.knowledge.KnowledgeCodeBase object at 0x7fac6214f850>
2025-08-11 04:53:47,314 - Knowledge - INFO - Thread kw6 - File ajaxSet_wps_config.php - Remaining files in queue: 159
2025-08-11 04:53:47,431 - Knowledge - INFO - process ingested knowledge for /app/data/rdk7542/90219/b413910/webui-90219/source/Styles/xb3/code/at_a_glance.php
2025-08-11 04:53:47,525 - Knowledge - INFO - persist ingested knowledge for /app/data/rdk7542/90219/b413910/webui-90219/source/Styles/xb3/code/hs_port_forwarding_edit.php
2025-08-11 04:53:47,614 - Knowledge - INFO - start ingest for /app/data/rdk7542/90219/b413910/webui-90219/source/Styles/xb3/code/actionHandler/ajaxSet_wps_config.php
2025-08-11 04:53:47,736 - Knowledge - INFO - Found code-base-name: https://github.com/kavia-common/webui-90219.git:kavia-master
2025-08-11 04:53:48,055 - Knowledge - INFO - Found code_base: <app.utils.kg_build.knowledge.KnowledgeCodeBase object at 0x7fac6214f850>
2025-08-11 04:53:48,422 - Knowledge - INFO - persist ingested knowledge for /app/data/rdk7542/90219/b413910/webui-90219/source/Styles/xb3/code/at_a_glance.php
2025-08-11 04:53:48,818 - Knowledge - INFO - done ingest for /app/data/rdk7542/90219/b413910/webui-90219/source/Styles/xb3/code/firewall_settings_ipv6.php
2025-08-11 04:53:48,862 - Knowledge - INFO - persist search terms embedding for source/Styles/xb3/code/hs_port_forwarding_edit.php
2025-08-11 04:53:48,951 - Knowledge - INFO - process ingested knowledge for /app/data/rdk7542/90219/b413910/webui-90219/source/Styles/xb3/code/firewall_settings_ipv6.php
2025-08-11 04:53:49,700 - Knowledge - INFO - done ingest for /app/data/rdk7542/90219/b413910/webui-90219/source/Styles/xb3/code/network_setup.php
2025-08-11 04:53:49,810 - Knowledge - INFO - process ingested knowledge for /app/data/rdk7542/90219/b413910/webui-90219/source/Styles/xb3/code/network_setup.php
2025-08-11 04:53:49,910 - Knowledge - INFO - persist search terms embedding for source/Styles/xb3/code/at_a_glance.php
2025-08-11 04:53:50,020 - Knowledge - INFO - worker kw5 pull /app/data/rdk7542/90219/b413910/webui-90219/source/Styles/xb3/code/actionHandler/ajax_wifi_spectrum_analyser.php from ingest queue
2025-08-11 04:53:50,023 - Knowledge - INFO - Found code-base-name: https://github.com/kavia-common/webui-90219.git:kavia-master
2025-08-11 04:53:50,028 - Knowledge - INFO - Found code-base-name: https://github.com/kavia-common/webui-90219.git:kavia-master
2025-08-11 04:53:50,030 - Knowledge - INFO - worker kw21 pull /app/data/rdk7542/90219/b413910/webui-90219/source/Styles/xb3/code/actionHandler/ajax_ddns.php from ingest queue
2025-08-11 04:53:50,136 - Knowledge - INFO - Thread kw5 - File ajax_wifi_spectrum_analyser.php - Remaining files in queue: 157
2025-08-11 04:53:50,263 - Knowledge - INFO - Found code_base: <app.utils.kg_build.knowledge.KnowledgeCodeBase object at 0x7fac6214f850>
2025-08-11 04:53:50,406 - Knowledge - INFO - Found code_base: <app.utils.kg_build.knowledge.KnowledgeCodeBase object at 0x7fac6214f850>
2025-08-11 04:53:50,497 - Knowledge - INFO - Thread kw21 - File ajax_ddns.php - Remaining files in queue: 157
2025-08-11 04:53:50,599 - Knowledge - INFO - start ingest for /app/data/rdk7542/90219/b413910/webui-90219/source/Styles/xb3/code/actionHandler/ajax_wifi_spectrum_analyser.php
2025-08-11 04:53:50,698 - Knowledge - INFO - persist ingested knowledge for /app/data/rdk7542/90219/b413910/webui-90219/source/Styles/xb3/code/firewall_settings_ipv6.php
2025-08-11 04:53:50,799 - Knowledge - INFO - persist ingested knowledge for /app/data/rdk7542/90219/b413910/webui-90219/source/Styles/xb3/code/network_setup.php
2025-08-11 04:53:50,899 - Knowledge - INFO - start ingest for /app/data/rdk7542/90219/b413910/webui-90219/source/Styles/xb3/code/actionHandler/ajax_ddns.php
2025-08-11 04:53:51,687 - Knowledge - INFO - persist search terms embedding for source/Styles/xb3/code/firewall_settings_ipv6.php
2025-08-11 04:53:52,333 - Knowledge - INFO - persist search terms embedding for source/Styles/xb3/code/network_setup.php
2025-08-11 04:53:52,459 - Knowledge - INFO - worker kw10 pull /app/data/rdk7542/90219/b413910/webui-90219/source/Styles/xb3/code/actionHandler/ajaxSet_qos.php from ingest queue
2025-08-11 04:53:52,467 - Knowledge - INFO - worker kw14 pull /app/data/rdk7542/90219/b413910/webui-90219/source/Styles/xb3/code/actionHandler/ajax_port_forwarding.php from ingest queue
2025-08-11 04:53:52,545 - Knowledge - INFO - Thread kw10 - File ajaxSet_qos.php - Remaining files in queue: 155
2025-08-11 04:53:52,653 - Knowledge - INFO - Thread kw14 - File ajax_port_forwarding.php - Remaining files in queue: 155
2025-08-11 04:53:52,745 - Knowledge - INFO - start ingest for /app/data/rdk7542/90219/b413910/webui-90219/source/Styles/xb3/code/actionHandler/ajaxSet_qos.php
2025-08-11 04:53:52,830 - Knowledge - INFO - start ingest for /app/data/rdk7542/90219/b413910/webui-90219/source/Styles/xb3/code/actionHandler/ajax_port_forwarding.php
2025-08-11 04:53:54,539 - Knowledge - INFO - done ingest for /app/data/rdk7542/90219/b413910/webui-90219/source/Styles/xb3/code/hardware.php
2025-08-11 04:53:54,613 - Knowledge - INFO - process ingested knowledge for /app/data/rdk7542/90219/b413910/webui-90219/source/Styles/xb3/code/hardware.php
2025-08-11 04:53:54,739 - Knowledge - INFO - Found code-base-name: https://github.com/kavia-common/webui-90219.git:kavia-master
2025-08-11 04:53:54,833 - Knowledge - INFO - Found code_base: <app.utils.kg_build.knowledge.KnowledgeCodeBase object at 0x7fac6214f850>
2025-08-11 04:53:54,992 - Knowledge - INFO - persist ingested knowledge for /app/data/rdk7542/90219/b413910/webui-90219/source/Styles/xb3/code/hardware.php
2025-08-11 04:53:55,713 - Knowledge - INFO - persist search terms embedding for source/Styles/xb3/code/hardware.php
2025-08-11 04:53:55,819 - Knowledge - INFO - worker kw3 pull /app/data/rdk7542/90219/b413910/webui-90219/source/Styles/xb3/code/actionHandler/ajaxSet_wan_network.php from ingest queue
2025-08-11 04:53:55,922 - Knowledge - INFO - Thread kw3 - File ajaxSet_wan_network.php - Remaining files in queue: 154
2025-08-11 04:53:56,040 - Knowledge - INFO - start ingest for /app/data/rdk7542/90219/b413910/webui-90219/source/Styles/xb3/code/actionHandler/ajaxSet_wan_network.php
2025-08-11 04:53:58,379 - Knowledge - INFO - done ingest for /app/data/rdk7542/90219/b413910/webui-90219/source/Styles/xb3/code/restore_reboot.php
2025-08-11 04:53:58,467 - Knowledge - INFO - process ingested knowledge for /app/data/rdk7542/90219/b413910/webui-90219/source/Styles/xb3/code/restore_reboot.php
2025-08-11 04:53:58,490 - Knowledge - INFO - done ingest for /app/data/rdk7542/90219/b413910/webui-90219/source/Styles/xb3/code/network_storage.php
2025-08-11 04:53:58,574 - Knowledge - INFO - Found code-base-name: https://github.com/kavia-common/webui-90219.git:kavia-master
2025-08-11 04:53:58,700 - Knowledge - INFO - process ingested knowledge for /app/data/rdk7542/90219/b413910/webui-90219/source/Styles/xb3/code/network_storage.php
2025-08-11 04:53:58,804 - Knowledge - INFO - Found code_base: <app.utils.kg_build.knowledge.KnowledgeCodeBase object at 0x7fac6214f850>
2025-08-11 04:53:58,895 - Knowledge - INFO - done ingest for /app/data/rdk7542/90219/b413910/webui-90219/source/Styles/xb3/code/home_loggedout.php
2025-08-11 04:53:58,903 - Knowledge - INFO - Found code-base-name: https://github.com/kavia-common/webui-90219.git:kavia-master
2025-08-11 04:53:59,037 - Knowledge - INFO - persist ingested knowledge for /app/data/rdk7542/90219/b413910/webui-90219/source/Styles/xb3/code/restore_reboot.php
2025-08-11 04:53:59,163 - Knowledge - INFO - process ingested knowledge for /app/data/rdk7542/90219/b413910/webui-90219/source/Styles/xb3/code/home_loggedout.php
2025-08-11 04:53:59,288 - Knowledge - INFO - Found code_base: <app.utils.kg_build.knowledge.KnowledgeCodeBase object at 0x7fac6214f850>
2025-08-11 04:53:59,610 - Knowledge - INFO - persist ingested knowledge for /app/data/rdk7542/90219/b413910/webui-90219/source/Styles/xb3/code/network_storage.php
2025-08-11 04:54:00,035 - Knowledge - INFO - persist search terms embedding for source/Styles/xb3/code/restore_reboot.php
2025-08-11 04:54:00,142 - Knowledge - INFO - Found code-base-name: https://github.com/kavia-common/webui-90219.git:kavia-master
2025-08-11 04:54:00,214 - Knowledge - INFO - Found code_base: <app.utils.kg_build.knowledge.KnowledgeCodeBase object at 0x7fac6214f850>
2025-08-11 04:54:00,344 - Knowledge - INFO - persist ingested knowledge for /app/data/rdk7542/90219/b413910/webui-90219/source/Styles/xb3/code/home_loggedout.php
2025-08-11 04:54:00,704 - Knowledge - INFO - persist search terms embedding for source/Styles/xb3/code/network_storage.php
2025-08-11 04:54:00,815 - Knowledge - INFO - worker kw18 pull /app/data/rdk7542/90219/b413910/webui-90219/source/Styles/xb3/code/actionHandler/ajaxSet_DSXlog.php from ingest queue
2025-08-11 04:54:00,935 - Knowledge - INFO - Thread kw18 - File ajaxSet_DSXlog.php - Remaining files in queue: 153
2025-08-11 04:54:01,026 - Knowledge - INFO - start ingest for /app/data/rdk7542/90219/b413910/webui-90219/source/Styles/xb3/code/actionHandler/ajaxSet_DSXlog.php
2025-08-11 04:54:01,425 - Knowledge - INFO - persist search terms embedding for source/Styles/xb3/code/home_loggedout.php
2025-08-11 04:54:01,549 - Knowledge - INFO - worker kw12 pull /app/data/rdk7542/90219/b413910/webui-90219/source/Styles/xb3/code/actionHandler/ajax_managed_devices.php from ingest queue
2025-08-11 04:54:01,551 - Knowledge - INFO - worker kw23 pull /app/data/rdk7542/90219/b413910/webui-90219/source/Styles/xb3/code/actionHandler/ajax_hs_port_forwarding.php from ingest queue
2025-08-11 04:54:01,666 - Knowledge - INFO - Thread kw12 - File ajax_managed_devices.php - Remaining files in queue: 151
2025-08-11 04:54:01,742 - Knowledge - INFO - done ingest for /app/data/rdk7542/90219/b413910/webui-90219/source/Styles/xb3/code/wizard_step2.php
2025-08-11 04:54:01,778 - Knowledge - INFO - Thread kw23 - File ajax_hs_port_forwarding.php - Remaining files in queue: 151
2025-08-11 04:54:01,887 - Knowledge - INFO - start ingest for /app/data/rdk7542/90219/b413910/webui-90219/source/Styles/xb3/code/actionHandler/ajax_managed_devices.php
2025-08-11 04:54:02,030 - Knowledge - INFO - process ingested knowledge for /app/data/rdk7542/90219/b413910/webui-90219/source/Styles/xb3/code/wizard_step2.php
2025-08-11 04:54:02,181 - Knowledge - INFO - start ingest for /app/data/rdk7542/90219/b413910/webui-90219/source/Styles/xb3/code/actionHandler/ajax_hs_port_forwarding.php
2025-08-11 04:54:02,262 - Knowledge - INFO - done ingest for /app/data/rdk7542/90219/b413910/webui-90219/source/Styles/xb3/code/connected_devices_computers_add.php
2025-08-11 04:54:02,443 - Knowledge - INFO - Found code-base-name: https://github.com/kavia-common/webui-90219.git:kavia-master
2025-08-11 04:54:02,671 - Knowledge - INFO - process ingested knowledge for /app/data/rdk7542/90219/b413910/webui-90219/source/Styles/xb3/code/connected_devices_computers_add.php
2025-08-11 04:54:02,768 - Knowledge - INFO - Found code_base: <app.utils.kg_build.knowledge.KnowledgeCodeBase object at 0x7fac6214f850>
2025-08-11 04:54:02,903 - Knowledge - INFO - Found code-base-name: https://github.com/kavia-common/webui-90219.git:kavia-master
2025-08-11 04:54:02,918 - Knowledge - INFO - done ingest for /app/data/rdk7542/90219/b413910/webui-90219/source/Styles/xb3/code/network_diagnostic_tools.php
2025-08-11 04:54:03,034 - Knowledge - INFO - persist ingested knowledge for /app/data/rdk7542/90219/b413910/webui-90219/source/Styles/xb3/code/wizard_step2.php
2025-08-11 04:54:03,165 - Knowledge - INFO - Found code_base: <app.utils.kg_build.knowledge.KnowledgeCodeBase object at 0x7fac6214f850>
2025-08-11 04:54:03,300 - Knowledge - INFO - process ingested knowledge for /app/data/rdk7542/90219/b413910/webui-90219/source/Styles/xb3/code/network_diagnostic_tools.php
2025-08-11 04:54:03,519 - Knowledge - INFO - persist ingested knowledge for /app/data/rdk7542/90219/b413910/webui-90219/source/Styles/xb3/code/connected_devices_computers_add.php
2025-08-11 04:54:03,989 - Knowledge - INFO - persist search terms embedding for source/Styles/xb3/code/wizard_step2.php
2025-08-11 04:54:04,099 - Knowledge - INFO - Found code-base-name: https://github.com/kavia-common/webui-90219.git:kavia-master
2025-08-11 04:54:04,190 - Knowledge - INFO - Found code_base: <app.utils.kg_build.knowledge.KnowledgeCodeBase object at 0x7fac6214f850>
2025-08-11 04:54:04,294 - Knowledge - INFO - persist ingested knowledge for /app/data/rdk7542/90219/b413910/webui-90219/source/Styles/xb3/code/network_diagnostic_tools.php
2025-08-11 04:54:04,587 - Knowledge - INFO - done ingest for /app/data/rdk7542/90219/b413910/webui-90219/source/Styles/xb3/code/actionHandler/ajax_moca_diagnostics.php
2025-08-11 04:54:04,684 - Knowledge - INFO - persist search terms embedding for source/Styles/xb3/code/connected_devices_computers_add.php
2025-08-11 04:54:04,690 - Knowledge - INFO - process ingested knowledge for /app/data/rdk7542/90219/b413910/webui-90219/source/Styles/xb3/code/actionHandler/ajax_moca_diagnostics.php
2025-08-11 04:54:04,793 - Knowledge - INFO - worker kw8 pull /app/data/rdk7542/90219/b413910/webui-90219/source/Styles/xb3/code/actionHandler/ajaxSet_wireless_network_configuration_redirection.php from ingest queue
2025-08-11 04:54:05,047 - Knowledge - INFO - Thread kw8 - File ajaxSet_wireless_network_configuration_redirection.php - Remaining files in queue: 150
2025-08-11 04:54:05,169 - Knowledge - INFO - start ingest for /app/data/rdk7542/90219/b413910/webui-90219/source/Styles/xb3/code/actionHandler/ajaxSet_wireless_network_configuration_redirection.php
2025-08-11 04:54:05,432 - Knowledge - INFO - persist search terms embedding for source/Styles/xb3/code/network_diagnostic_tools.php
2025-08-11 04:54:05,547 - Knowledge - INFO - worker kw2 pull /app/data/rdk7542/90219/b413910/webui-90219/source/Styles/xb3/code/actionHandler/ajaxSet_add_blockedSite.php from ingest queue
2025-08-11 04:54:05,550 - Knowledge - INFO - Found code-base-name: https://github.com/kavia-common/webui-90219.git:kavia-master
2025-08-11 04:54:05,551 - Knowledge - INFO - worker kw24 pull /app/data/rdk7542/90219/b413910/webui-90219/source/Styles/xb3/code/actionHandler/ajaxSet_wizard_step1.php from ingest queue
2025-08-11 04:54:05,663 - Knowledge - INFO - Thread kw2 - File ajaxSet_add_blockedSite.php - Remaining files in queue: 148
2025-08-11 04:54:05,780 - Knowledge - INFO - Found code_base: <app.utils.kg_build.knowledge.KnowledgeCodeBase object at 0x7fac6214f850>
2025-08-11 04:54:05,876 - Knowledge - INFO - Thread kw24 - File ajaxSet_wizard_step1.php - Remaining files in queue: 148
2025-08-11 04:54:05,970 - Knowledge - INFO - start ingest for /app/data/rdk7542/90219/b413910/webui-90219/source/Styles/xb3/code/actionHandler/ajaxSet_add_blockedSite.php
2025-08-11 04:54:06,087 - Knowledge - INFO - persist ingested knowledge for /app/data/rdk7542/90219/b413910/webui-90219/source/Styles/xb3/code/actionHandler/ajax_moca_diagnostics.php
2025-08-11 04:54:06,215 - Knowledge - INFO - start ingest for /app/data/rdk7542/90219/b413910/webui-90219/source/Styles/xb3/code/actionHandler/ajaxSet_wizard_step1.php
2025-08-11 04:54:06,776 - Knowledge - INFO - done ingest for /app/data/rdk7542/90219/b413910/webui-90219/source/Styles/xb3/code/actionHandler/ajaxSet_index_userbar.php
2025-08-11 04:54:06,907 - Knowledge - INFO - process ingested knowledge for /app/data/rdk7542/90219/b413910/webui-90219/source/Styles/xb3/code/actionHandler/ajaxSet_index_userbar.php
2025-08-11 04:54:06,854 - Knowledge - INFO - persist search terms embedding for source/Styles/xb3/code/actionHandler/ajax_moca_diagnostics.php
2025-08-11 04:54:07,136 - Knowledge - INFO - Found code-base-name: https://github.com/kavia-common/webui-90219.git:kavia-master
2025-08-11 04:54:07,139 - Knowledge - INFO - worker kw20 pull /app/data/rdk7542/90219/b413910/webui-90219/source/Styles/xb3/code/actionHandler/ajaxSet_moca_config.php from ingest queue
2025-08-11 04:54:07,257 - Knowledge - INFO - Found code_base: <app.utils.kg_build.knowledge.KnowledgeCodeBase object at 0x7fac6214f850>
2025-08-11 04:54:07,360 - Knowledge - INFO - Thread kw20 - File ajaxSet_moca_config.php - Remaining files in queue: 147
2025-08-11 04:54:07,450 - Knowledge - INFO - persist ingested knowledge for /app/data/rdk7542/90219/b413910/webui-90219/source/Styles/xb3/code/actionHandler/ajaxSet_index_userbar.php
2025-08-11 04:54:07,569 - Knowledge - INFO - start ingest for /app/data/rdk7542/90219/b413910/webui-90219/source/Styles/xb3/code/actionHandler/ajaxSet_moca_config.php
2025-08-11 04:54:08,224 - Knowledge - INFO - persist search terms embedding for source/Styles/xb3/code/actionHandler/ajaxSet_index_userbar.php
2025-08-11 04:54:08,341 - Knowledge - INFO - worker kw1 pull /app/data/rdk7542/90219/b413910/webui-90219/source/Styles/xb3/code/actionHandler/ajax_parental_reports.php from ingest queue
2025-08-11 04:54:08,478 - Knowledge - INFO - Thread kw1 - File ajax_parental_reports.php - Remaining files in queue: 146
2025-08-11 04:54:08,517 - Knowledge - INFO - done ingest for /app/data/rdk7542/90219/b413910/webui-90219/source/Styles/xb3/code/port_triggering_add.php
2025-08-11 04:54:08,567 - Knowledge - INFO - start ingest for /app/data/rdk7542/90219/b413910/webui-90219/source/Styles/xb3/code/actionHandler/ajax_parental_reports.php
2025-08-11 04:54:08,689 - Knowledge - INFO - process ingested knowledge for /app/data/rdk7542/90219/b413910/webui-90219/source/Styles/xb3/code/port_triggering_add.php
2025-08-11 04:54:08,906 - Knowledge - INFO - Found code-base-name: https://github.com/kavia-common/webui-90219.git:kavia-master
2025-08-11 04:54:09,027 - Knowledge - INFO - Found code_base: <app.utils.kg_build.knowledge.KnowledgeCodeBase object at 0x7fac6214f850>
2025-08-11 04:54:09,143 - Knowledge - INFO - persist ingested knowledge for /app/data/rdk7542/90219/b413910/webui-90219/source/Styles/xb3/code/port_triggering_add.php
2025-08-11 04:54:09,666 - Knowledge - INFO - done ingest for /app/data/rdk7542/90219/b413910/webui-90219/source/Styles/xb3/code/actionHandler/ajaxSet_Battery.php
2025-08-11 04:54:09,723 - Knowledge - INFO - persist search terms embedding for source/Styles/xb3/code/port_triggering_add.php
2025-08-11 04:54:09,777 - Knowledge - INFO - process ingested knowledge for /app/data/rdk7542/90219/b413910/webui-90219/source/Styles/xb3/code/actionHandler/ajaxSet_Battery.php
2025-08-11 04:54:09,883 - Knowledge - INFO - worker kw4 pull /app/data/rdk7542/90219/b413910/webui-90219/source/Styles/xb3/code/actionHandler/ajaxSet_callsignallog.php from ingest queue
2025-08-11 04:54:09,966 - Knowledge - INFO - Found code-base-name: https://github.com/kavia-common/webui-90219.git:kavia-master
2025-08-11 04:54:10,072 - Knowledge - INFO - Thread kw4 - File ajaxSet_callsignallog.php - Remaining files in queue: 145
2025-08-11 04:54:10,181 - Knowledge - INFO - Found code_base: <app.utils.kg_build.knowledge.KnowledgeCodeBase object at 0x7fac6214f850>
2025-08-11 04:54:10,268 - Knowledge - INFO - start ingest for /app/data/rdk7542/90219/b413910/webui-90219/source/Styles/xb3/code/actionHandler/ajaxSet_callsignallog.php
2025-08-11 04:54:10,383 - Knowledge - INFO - persist ingested knowledge for /app/data/rdk7542/90219/b413910/webui-90219/source/Styles/xb3/code/actionHandler/ajaxSet_Battery.php
2025-08-11 04:54:11,160 - Knowledge - INFO - persist search terms embedding for source/Styles/xb3/code/actionHandler/ajaxSet_Battery.php
2025-08-11 04:54:11,274 - Knowledge - INFO - worker kw7 pull /app/data/rdk7542/90219/b413910/webui-90219/source/Styles/xb3/code/actionHandler/ajaxSet_local_users.php from ingest queue
2025-08-11 04:54:11,396 - Knowledge - INFO - Thread kw7 - File ajaxSet_local_users.php - Remaining files in queue: 144
2025-08-11 04:54:11,532 - Knowledge - INFO - start ingest for /app/data/rdk7542/90219/b413910/webui-90219/source/Styles/xb3/code/actionHandler/ajaxSet_local_users.php
2025-08-11 04:54:12,542 - Knowledge - INFO - done ingest for /app/data/rdk7542/90219/b413910/webui-90219/source/Styles/xb3/code/dynamic_dns_edit.php
2025-08-11 04:54:12,675 - Knowledge - INFO - process ingested knowledge for /app/data/rdk7542/90219/b413910/webui-90219/source/Styles/xb3/code/dynamic_dns_edit.php
2025-08-11 04:54:12,718 - Knowledge - ERROR - _service_ingest_queue had exception  for file /app/data/rdk7542/90219/b413910/webui-90219/source/Styles/xb6/code/wireless_network_configuration.php
Traceback (most recent call last):
  File "/usr/local/lib/python3.11/asyncio/tasks.py", line 500, in wait_for
    return fut.result()
           ^^^^^^^^^^^^
  File "/app/app/utils/kg_build/knowledge.py", line 1723, in _ingest_file
    response = await llm.llm_interaction_wrapper(
               ^^^^^^^^^^^^^^^^^^^^^^^^^^^^^^^^^^
  File "/usr/local/lib/python3.11/site-packages/llm_wrapper/core/llm_interface.py", line 338, in llm_interaction_wrapper
    completion = await invoke_llm()
                 ^^^^^^^^^^^^^^^^^^
  File "/usr/local/lib/python3.11/site-packages/llm_wrapper/core/llm_interface.py", line 284, in invoke_llm
    return await loop.run_in_executor(None, blocking_call_wrapper)
           ^^^^^^^^^^^^^^^^^^^^^^^^^^^^^^^^^^^^^^^^^^^^^^^^^^^^^^^
asyncio.exceptions.CancelledError

The above exception was the direct cause of the following exception:

Traceback (most recent call last):
  File "/app/app/utils/kg_build/knowledge.py", line 324, in _service_ingest_queue
    file_info = self.loop_worker.run_until_complete(asyncio.wait_for( knowledge._ingest_file(filename, self.mongo_handler), knowledge.timeout))
                ^^^^^^^^^^^^^^^^^^^^^^^^^^^^^^^^^^^^^^^^^^^^^^^^^^^^^^^^^^^^^^^^^^^^^^^^^^^^^^^^^^^^^^^^^^^^^^^^^^^^^^^^^^^^^^^^^^^^^^^^^^^^^^^
  File "/usr/local/lib/python3.11/asyncio/base_events.py", line 654, in run_until_complete
    return future.result()
           ^^^^^^^^^^^^^^^
  File "/usr/local/lib/python3.11/asyncio/tasks.py", line 502, in wait_for
    raise exceptions.TimeoutError() from exc
TimeoutError
2025-08-11 04:54:12,779 - Knowledge - INFO - Found code-base-name: https://github.com/kavia-common/webui-90219.git:kavia-master
2025-08-11 04:54:12,980 - Knowledge - INFO - process ingested knowledge for /app/data/rdk7542/90219/b413910/webui-90219/source/Styles/xb6/code/wireless_network_configuration.php
2025-08-11 04:54:13,090 - Knowledge - INFO - Found code_base: <app.utils.kg_build.knowledge.KnowledgeCodeBase object at 0x7fac6214f850>
2025-08-11 04:54:13,188 - Knowledge - INFO - Found code-base-name: https://github.com/kavia-common/webui-90219.git:kavia-master
2025-08-11 04:54:13,193 - Knowledge - INFO - done ingest for /app/data/rdk7542/90219/b413910/webui-90219/source/Styles/xb3/code/actionHandler/ajaxSet_qos.php
2025-08-11 04:54:13,310 - Knowledge - INFO - persist ingested knowledge for /app/data/rdk7542/90219/b413910/webui-90219/source/Styles/xb3/code/dynamic_dns_edit.php
2025-08-11 04:54:13,398 - Knowledge - INFO - Found code_base: <app.utils.kg_build.knowledge.KnowledgeCodeBase object at 0x7fac6214f850>
2025-08-11 04:54:13,512 - Knowledge - INFO - process ingested knowledge for /app/data/rdk7542/90219/b413910/webui-90219/source/Styles/xb3/code/actionHandler/ajaxSet_qos.php
2025-08-11 04:54:13,639 - Knowledge - INFO - done ingest for /app/data/rdk7542/90219/b413910/webui-90219/source/Styles/xb3/code/actionHandler/ajaxSet_firewall_config.php
2025-08-11 04:54:13,784 - Knowledge - INFO - persist ingested knowledge for /app/data/rdk7542/90219/b413910/webui-90219/source/Styles/xb6/code/wireless_network_configuration.php
2025-08-11 04:54:13,988 - Knowledge - INFO - process ingested knowledge for /app/data/rdk7542/90219/b413910/webui-90219/source/Styles/xb3/code/actionHandler/ajaxSet_firewall_config.php
2025-08-11 04:54:14,179 - Knowledge - INFO - persist search terms embedding for source/Styles/xb3/code/dynamic_dns_edit.php
2025-08-11 04:54:14,283 - Knowledge - INFO - Found code-base-name: https://github.com/kavia-common/webui-90219.git:kavia-master
2025-08-11 04:54:14,398 - Knowledge - INFO - Found code_base: <app.utils.kg_build.knowledge.KnowledgeCodeBase object at 0x7fac6214f850>
2025-08-11 04:54:14,437 - Knowledge - INFO - Found code-base-name: https://github.com/kavia-common/webui-90219.git:kavia-master
2025-08-11 04:54:14,438 - Knowledge - INFO - worker kw9 pull /app/data/rdk7542/90219/b413910/webui-90219/source/Styles/xb3/code/actionHandler/ajax_remote_management.php from ingest queue
2025-08-11 04:54:14,706 - Knowledge - INFO - Thread kw9 - File ajax_remote_management.php - Remaining files in queue: 142
2025-08-11 04:54:14,522 - Knowledge - INFO - persist ingested knowledge for /app/data/rdk7542/90219/b413910/webui-90219/source/Styles/xb3/code/actionHandler/ajaxSet_qos.php
2025-08-11 04:54:14,613 - Knowledge - INFO - Found code_base: <app.utils.kg_build.knowledge.KnowledgeCodeBase object at 0x7fac6214f850>
2025-08-11 04:54:14,438 - Knowledge - INFO - worker kw16 pull /app/data/rdk7542/90219/b413910/webui-90219/source/Styles/xb3/code/actionHandler/ajaxSet_voice_quality_metrics.php from ingest queue
2025-08-11 04:54:14,793 - Knowledge - INFO - start ingest for /app/data/rdk7542/90219/b413910/webui-90219/source/Styles/xb3/code/actionHandler/ajax_remote_management.php
2025-08-11 04:54:14,973 - Knowledge - INFO - persist ingested knowledge for /app/data/rdk7542/90219/b413910/webui-90219/source/Styles/xb3/code/actionHandler/ajaxSet_firewall_config.php
2025-08-11 04:54:15,100 - Knowledge - INFO - Thread kw16 - File ajaxSet_voice_quality_metrics.php - Remaining files in queue: 142
2025-08-11 04:54:15,383 - Knowledge - INFO - persist search terms embedding for source/Styles/xb3/code/actionHandler/ajaxSet_qos.php
2025-08-11 04:54:15,448 - Knowledge - INFO - start ingest for /app/data/rdk7542/90219/b413910/webui-90219/source/Styles/xb3/code/actionHandler/ajaxSet_voice_quality_metrics.php
2025-08-11 04:54:16,128 - Knowledge - INFO - persist search terms embedding for source/Styles/xb3/code/actionHandler/ajaxSet_firewall_config.php
2025-08-11 04:54:16,250 - Knowledge - INFO - worker kw10 pull /app/data/rdk7542/90219/b413910/webui-90219/source/Styles/xb3/code/actionHandler/ajax_managed_services.php from ingest queue
2025-08-11 04:54:16,252 - Knowledge - INFO - worker kw13 pull /app/data/rdk7542/90219/b413910/webui-90219/source/Styles/xb3/code/actionHandler/ajaxSet_dlna_setting.php from ingest queue
2025-08-11 04:54:16,376 - Knowledge - INFO - Thread kw10 - File ajax_managed_services.php - Remaining files in queue: 140
2025-08-11 04:54:16,392 - Knowledge - INFO - done ingest for /app/data/rdk7542/90219/b413910/webui-90219/source/Styles/xb3/code/actionHandler/ajaxSet_wan_network.php
2025-08-11 04:54:16,498 - Knowledge - INFO - Thread kw13 - File ajaxSet_dlna_setting.php - Remaining files in queue: 140
2025-08-11 04:54:16,828 - Knowledge - INFO - start ingest for /app/data/rdk7542/90219/b413910/webui-90219/source/Styles/xb3/code/actionHandler/ajax_managed_services.php
2025-08-11 04:54:16,965 - Knowledge - INFO - done ingest for /app/data/rdk7542/90219/b413910/webui-90219/source/Styles/xb3/code/actionHandler/ajaxSet_wireless_network_configuration_edit.php
2025-08-11 04:54:17,009 - Knowledge - INFO - process ingested knowledge for /app/data/rdk7542/90219/b413910/webui-90219/source/Styles/xb3/code/actionHandler/ajaxSet_wan_network.php
2025-08-11 04:54:17,121 - Knowledge - INFO - start ingest for /app/data/rdk7542/90219/b413910/webui-90219/source/Styles/xb3/code/actionHandler/ajaxSet_dlna_setting.php
2025-08-11 04:54:17,384 - Knowledge - INFO - process ingested knowledge for /app/data/rdk7542/90219/b413910/webui-90219/source/Styles/xb3/code/actionHandler/ajaxSet_wireless_network_configuration_edit.php
2025-08-11 04:54:17,482 - Knowledge - INFO - Found code-base-name: https://github.com/kavia-common/webui-90219.git:kavia-master
2025-08-11 04:54:17,684 - Knowledge - INFO - Found code-base-name: https://github.com/kavia-common/webui-90219.git:kavia-master
2025-08-11 04:54:17,817 - Knowledge - INFO - Found code_base: <app.utils.kg_build.knowledge.KnowledgeCodeBase object at 0x7fac6214f850>
2025-08-11 04:54:17,856 - Knowledge - INFO - done ingest for /app/data/rdk7542/90219/b413910/webui-90219/source/Styles/xb3/code/check.php
2025-08-11 04:54:17,948 - Knowledge - INFO - Found code_base: <app.utils.kg_build.knowledge.KnowledgeCodeBase object at 0x7fac6214f850>
2025-08-11 04:54:18,067 - Knowledge - INFO - persist ingested knowledge for /app/data/rdk7542/90219/b413910/webui-90219/source/Styles/xb3/code/actionHandler/ajaxSet_wan_network.php
2025-08-11 04:54:18,168 - Knowledge - INFO - process ingested knowledge for /app/data/rdk7542/90219/b413910/webui-90219/source/Styles/xb3/code/check.php
2025-08-11 04:54:18,302 - Knowledge - INFO - persist ingested knowledge for /app/data/rdk7542/90219/b413910/webui-90219/source/Styles/xb3/code/actionHandler/ajaxSet_wireless_network_configuration_edit.php
2025-08-11 04:54:19,016 - Knowledge - INFO - persist search terms embedding for source/Styles/xb3/code/actionHandler/ajaxSet_wan_network.php
2025-08-11 04:54:19,128 - Knowledge - INFO - Found code-base-name: https://github.com/kavia-common/webui-90219.git:kavia-master
2025-08-11 04:54:19,253 - Knowledge - INFO - Found code_base: <app.utils.kg_build.knowledge.KnowledgeCodeBase object at 0x7fac6214f850>
2025-08-11 04:54:19,351 - Knowledge - INFO - persist ingested knowledge for /app/data/rdk7542/90219/b413910/webui-90219/source/Styles/xb3/code/check.php
2025-08-11 04:54:19,582 - Knowledge - INFO - persist search terms embedding for source/Styles/xb3/code/actionHandler/ajaxSet_wireless_network_configuration_edit.php
2025-08-11 04:54:19,687 - Knowledge - INFO - worker kw3 pull /app/data/rdk7542/90219/b413910/webui-90219/source/Styles/xb3/code/actionHandler/ajaxSet_IP_configuration.php from ingest queue
2025-08-11 04:54:19,811 - Knowledge - INFO - Thread kw3 - File ajaxSet_IP_configuration.php - Remaining files in queue: 139
2025-08-11 04:54:19,951 - Knowledge - INFO - start ingest for /app/data/rdk7542/90219/b413910/webui-90219/source/Styles/xb3/code/actionHandler/ajaxSet_IP_configuration.php
2025-08-11 04:54:20,348 - Knowledge - INFO - persist search terms embedding for source/Styles/xb3/code/check.php
2025-08-11 04:54:20,448 - Knowledge - INFO - worker kw15 pull /app/data/rdk7542/90219/b413910/webui-90219/source/Styles/xb3/code/actionHandler/ajaxSet_enable_manageSite.php from ingest queue
2025-08-11 04:54:20,455 - Knowledge - INFO - worker kw19 pull /app/data/rdk7542/90219/b413910/webui-90219/source/Styles/xb3/code/actionHandler/ajaxSet_userbar.php from ingest queue
2025-08-11 04:54:20,595 - Knowledge - INFO - Thread kw15 - File ajaxSet_enable_manageSite.php - Remaining files in queue: 137
2025-08-11 04:54:20,695 - Knowledge - INFO - Thread kw19 - File ajaxSet_userbar.php - Remaining files in queue: 137
2025-08-11 04:54:20,828 - Knowledge - INFO - start ingest for /app/data/rdk7542/90219/b413910/webui-90219/source/Styles/xb3/code/actionHandler/ajaxSet_enable_manageSite.php
2025-08-11 04:54:20,871 - Knowledge - INFO - done ingest for /app/data/rdk7542/90219/b413910/webui-90219/source/Styles/xb3/code/actionHandler/ajax_ddns.php
2025-08-11 04:54:20,924 - Knowledge - INFO - start ingest for /app/data/rdk7542/90219/b413910/webui-90219/source/Styles/xb3/code/actionHandler/ajaxSet_userbar.php
2025-08-11 04:54:21,169 - Knowledge - INFO - process ingested knowledge for /app/data/rdk7542/90219/b413910/webui-90219/source/Styles/xb3/code/actionHandler/ajax_ddns.php
2025-08-11 04:54:21,427 - Knowledge - INFO - Found code-base-name: https://github.com/kavia-common/webui-90219.git:kavia-master
2025-08-11 04:54:21,544 - Knowledge - INFO - Found code_base: <app.utils.kg_build.knowledge.KnowledgeCodeBase object at 0x7fac6214f850>
2025-08-11 04:54:21,657 - Knowledge - INFO - persist ingested knowledge for /app/data/rdk7542/90219/b413910/webui-90219/source/Styles/xb3/code/actionHandler/ajax_ddns.php
2025-08-11 04:54:22,118 - Knowledge - INFO - done ingest for /app/data/rdk7542/90219/b413910/webui-90219/source/Styles/xb3/code/actionHandler/ajaxSet_wps_config.php
2025-08-11 04:54:22,248 - Knowledge - INFO - process ingested knowledge for /app/data/rdk7542/90219/b413910/webui-90219/source/Styles/xb3/code/actionHandler/ajaxSet_wps_config.php
2025-08-11 04:54:22,390 - Knowledge - INFO - persist search terms embedding for source/Styles/xb3/code/actionHandler/ajax_ddns.php
2025-08-11 04:54:22,475 - Knowledge - INFO - Found code-base-name: https://github.com/kavia-common/webui-90219.git:kavia-master
2025-08-11 04:54:22,479 - Knowledge - INFO - worker kw21 pull /app/data/rdk7542/90219/b413910/webui-90219/source/Styles/xb3/code/actionHandler/ajaxSet_mta_sip_packet_log.php from ingest queue
2025-08-11 04:54:22,580 - Knowledge - INFO - Found code_base: <app.utils.kg_build.knowledge.KnowledgeCodeBase object at 0x7fac6214f850>
2025-08-11 04:54:22,704 - Knowledge - INFO - Thread kw21 - File ajaxSet_mta_sip_packet_log.php - Remaining files in queue: 136
2025-08-11 04:54:22,788 - Knowledge - INFO - persist ingested knowledge for /app/data/rdk7542/90219/b413910/webui-90219/source/Styles/xb3/code/actionHandler/ajaxSet_wps_config.php
2025-08-11 04:54:22,905 - Knowledge - INFO - start ingest for /app/data/rdk7542/90219/b413910/webui-90219/source/Styles/xb3/code/actionHandler/ajaxSet_mta_sip_packet_log.php
2025-08-11 04:54:23,487 - Knowledge - INFO - done ingest for /app/data/rdk7542/90219/b413910/webui-90219/source/Styles/xb3/code/actionHandler/ajax_wifi_spectrum_analyser.php
2025-08-11 04:54:23,600 - Knowledge - INFO - process ingested knowledge for /app/data/rdk7542/90219/b413910/webui-90219/source/Styles/xb3/code/actionHandler/ajax_wifi_spectrum_analyser.php
2025-08-11 04:54:23,723 - Knowledge - INFO - persist search terms embedding for source/Styles/xb3/code/actionHandler/ajaxSet_wps_config.php
2025-08-11 04:54:23,832 - Knowledge - INFO - Found code-base-name: https://github.com/kavia-common/webui-90219.git:kavia-master
2025-08-11 04:54:23,840 - Knowledge - INFO - worker kw6 pull /app/data/rdk7542/90219/b413910/webui-90219/source/Styles/xb3/code/actionHandler/ajaxSet_mta_Line_Diagnostics.php from ingest queue
2025-08-11 04:54:23,939 - Knowledge - INFO - Found code_base: <app.utils.kg_build.knowledge.KnowledgeCodeBase object at 0x7fac6214f850>
2025-08-11 04:54:24,080 - Knowledge - INFO - Thread kw6 - File ajaxSet_mta_Line_Diagnostics.php - Remaining files in queue: 135
2025-08-11 04:54:24,224 - Knowledge - INFO - persist ingested knowledge for /app/data/rdk7542/90219/b413910/webui-90219/source/Styles/xb3/code/actionHandler/ajax_wifi_spectrum_analyser.php
2025-08-11 04:54:24,366 - Knowledge - INFO - start ingest for /app/data/rdk7542/90219/b413910/webui-90219/source/Styles/xb3/code/actionHandler/ajaxSet_mta_Line_Diagnostics.php
2025-08-11 04:54:24,980 - Knowledge - INFO - persist search terms embedding for source/Styles/xb3/code/actionHandler/ajax_wifi_spectrum_analyser.php
2025-08-11 04:54:25,035 - Knowledge - INFO - done ingest for /app/data/rdk7542/90219/b413910/webui-90219/source/Styles/xb6/code/wireless_network_configuration_edit.php
2025-08-11 04:54:25,059 - Knowledge - INFO - worker kw5 pull /app/data/rdk7542/90219/b413910/webui-90219/source/Styles/xb3/code/actionHandler/ajaxSet_DDNS_configuration.php from ingest queue
2025-08-11 04:54:25,175 - Knowledge - INFO - process ingested knowledge for /app/data/rdk7542/90219/b413910/webui-90219/source/Styles/xb6/code/wireless_network_configuration_edit.php
2025-08-11 04:54:25,294 - Knowledge - INFO - Thread kw5 - File ajaxSet_DDNS_configuration.php - Remaining files in queue: 134
2025-08-11 04:54:25,390 - Knowledge - INFO - Found code-base-name: https://github.com/kavia-common/webui-90219.git:kavia-master
2025-08-11 04:54:25,479 - Knowledge - INFO - start ingest for /app/data/rdk7542/90219/b413910/webui-90219/source/Styles/xb3/code/actionHandler/ajaxSet_DDNS_configuration.php
2025-08-11 04:54:25,613 - Knowledge - INFO - Found code_base: <app.utils.kg_build.knowledge.KnowledgeCodeBase object at 0x7fac6214f850>
2025-08-11 04:54:25,798 - Knowledge - INFO - persist ingested knowledge for /app/data/rdk7542/90219/b413910/webui-90219/source/Styles/xb6/code/wireless_network_configuration_edit.php
2025-08-11 04:54:25,950 - Knowledge - INFO - done ingest for /app/data/rdk7542/90219/b413910/webui-90219/source/Styles/xb3/code/actionHandler/ajaxSet_wireless_network_configuration_redirection.php
2025-08-11 04:54:26,057 - Knowledge - INFO - process ingested knowledge for /app/data/rdk7542/90219/b413910/webui-90219/source/Styles/xb3/code/actionHandler/ajaxSet_wireless_network_configuration_redirection.php
2025-08-11 04:54:26,509 - Knowledge - INFO - persist search terms embedding for source/Styles/xb6/code/wireless_network_configuration_edit.php
2025-08-11 04:54:26,614 - Knowledge - INFO - Found code-base-name: https://github.com/kavia-common/webui-90219.git:kavia-master
2025-08-11 04:54:26,691 - Knowledge - INFO - Found code_base: <app.utils.kg_build.knowledge.KnowledgeCodeBase object at 0x7fac6214f850>
2025-08-11 04:54:26,619 - Knowledge - INFO - worker kw17 pull /app/data/rdk7542/90219/b413910/webui-90219/source/Styles/xb3/code/actionHandler/ajax_at_saving.php from ingest queue
2025-08-11 04:54:26,815 - Knowledge - INFO - persist ingested knowledge for /app/data/rdk7542/90219/b413910/webui-90219/source/Styles/xb3/code/actionHandler/ajaxSet_wireless_network_configuration_redirection.php
2025-08-11 04:54:26,898 - Knowledge - INFO - Thread kw17 - File ajax_at_saving.php - Remaining files in queue: 133
2025-08-11 04:54:26,931 - Knowledge - INFO - done ingest for /app/data/rdk7542/90219/b413910/webui-90219/source/Styles/xb3/code/actionHandler/ajaxSet_callsignallog.php
2025-08-11 04:54:26,943 - Knowledge - INFO - done ingest for /app/data/rdk7542/90219/b413910/webui-90219/source/Styles/xb3/code/actionHandler/ajax_port_forwarding.php
2025-08-11 04:54:27,122 - Knowledge - INFO - start ingest for /app/data/rdk7542/90219/b413910/webui-90219/source/Styles/xb3/code/actionHandler/ajax_at_saving.php
2025-08-11 04:54:27,279 - Knowledge - INFO - process ingested knowledge for /app/data/rdk7542/90219/b413910/webui-90219/source/Styles/xb3/code/actionHandler/ajaxSet_callsignallog.php
2025-08-11 04:54:27,409 - Knowledge - INFO - process ingested knowledge for /app/data/rdk7542/90219/b413910/webui-90219/source/Styles/xb3/code/actionHandler/ajax_port_forwarding.php
2025-08-11 04:54:27,603 - Knowledge - INFO - persist search terms embedding for source/Styles/xb3/code/actionHandler/ajaxSet_wireless_network_configuration_redirection.php
2025-08-11 04:54:27,883 - Knowledge - INFO - Found code-base-name: https://github.com/kavia-common/webui-90219.git:kavia-master
2025-08-11 04:54:27,884 - Knowledge - INFO - Found code-base-name: https://github.com/kavia-common/webui-90219.git:kavia-master
2025-08-11 04:54:27,889 - Knowledge - INFO - worker kw8 pull /app/data/rdk7542/90219/b413910/webui-90219/source/Styles/xb3/code/actionHandler/ajaxSet_cordless_handsets.php from ingest queue
2025-08-11 04:54:28,019 - Knowledge - INFO - Found code_base: <app.utils.kg_build.knowledge.KnowledgeCodeBase object at 0x7fac6214f850>
2025-08-11 04:54:28,156 - Knowledge - INFO - Found code_base: <app.utils.kg_build.knowledge.KnowledgeCodeBase object at 0x7fac6214f850>
2025-08-11 04:54:28,270 - Knowledge - INFO - Thread kw8 - File ajaxSet_cordless_handsets.php - Remaining files in queue: 132
2025-08-11 04:54:28,315 - Knowledge - INFO - done ingest for /app/data/rdk7542/90219/b413910/webui-90219/source/Styles/xb3/code/actionHandler/ajaxSet_moca_config.php
2025-08-11 04:54:28,383 - Knowledge - INFO - persist ingested knowledge for /app/data/rdk7542/90219/b413910/webui-90219/source/Styles/xb3/code/actionHandler/ajaxSet_callsignallog.php
2025-08-11 04:54:28,512 - Knowledge - INFO - persist ingested knowledge for /app/data/rdk7542/90219/b413910/webui-90219/source/Styles/xb3/code/actionHandler/ajax_port_forwarding.php
2025-08-11 04:54:28,600 - Knowledge - INFO - start ingest for /app/data/rdk7542/90219/b413910/webui-90219/source/Styles/xb3/code/actionHandler/ajaxSet_cordless_handsets.php
2025-08-11 04:54:28,704 - Knowledge - INFO - process ingested knowledge for /app/data/rdk7542/90219/b413910/webui-90219/source/Styles/xb3/code/actionHandler/ajaxSet_moca_config.php
2025-08-11 04:54:28,905 - Knowledge - INFO - done ingest for /app/data/rdk7542/90219/b413910/webui-90219/source/Styles/xb3/code/actionHandler/ajaxSet_wizard_step1.php
2025-08-11 04:54:29,336 - Knowledge - INFO - process ingested knowledge for /app/data/rdk7542/90219/b413910/webui-90219/source/Styles/xb3/code/actionHandler/ajaxSet_wizard_step1.php
2025-08-11 04:54:29,420 - Knowledge - INFO - persist search terms embedding for source/Styles/xb3/code/actionHandler/ajaxSet_callsignallog.php
2025-08-11 04:54:30,299 - Knowledge - INFO - persist search terms embedding for source/Styles/xb3/code/actionHandler/ajax_port_forwarding.php
2025-08-11 04:54:30,433 - Knowledge - INFO - Found code-base-name: https://github.com/kavia-common/webui-90219.git:kavia-master
2025-08-11 04:54:30,441 - Knowledge - INFO - Found code-base-name: https://github.com/kavia-common/webui-90219.git:kavia-master
2025-08-11 04:54:30,441 - Knowledge - INFO - worker kw4 pull /app/data/rdk7542/90219/b413910/webui-90219/source/Styles/xb3/code/actionHandler/ajaxSet_add_device.php from ingest queue
2025-08-11 04:54:30,442 - Knowledge - INFO - worker kw14 pull /app/data/rdk7542/90219/b413910/webui-90219/source/Styles/xb3/code/actionHandler/ajaxSet_hardware_lan.php from ingest queue
2025-08-11 04:54:30,568 - Knowledge - INFO - Found code_base: <app.utils.kg_build.knowledge.KnowledgeCodeBase object at 0x7fac6214f850>
2025-08-11 04:54:30,701 - Knowledge - INFO - Found code_base: <app.utils.kg_build.knowledge.KnowledgeCodeBase object at 0x7fac6214f850>
2025-08-11 04:54:30,804 - Knowledge - INFO - Thread kw4 - File ajaxSet_add_device.php - Remaining files in queue: 130
2025-08-11 04:54:30,821 - Knowledge - INFO - done ingest for /app/data/rdk7542/90219/b413910/webui-90219/source/Styles/xb3/code/actionHandler/ajaxSet_voice_quality_metrics.php
2025-08-11 04:54:30,926 - Knowledge - INFO - Thread kw14 - File ajaxSet_hardware_lan.php - Remaining files in queue: 130
2025-08-11 04:54:31,031 - Knowledge - INFO - persist ingested knowledge for /app/data/rdk7542/90219/b413910/webui-90219/source/Styles/xb3/code/actionHandler/ajaxSet_moca_config.php
2025-08-11 04:54:31,123 - Knowledge - INFO - persist ingested knowledge for /app/data/rdk7542/90219/b413910/webui-90219/source/Styles/xb3/code/actionHandler/ajaxSet_wizard_step1.php
2025-08-11 04:54:31,245 - Knowledge - INFO - start ingest for /app/data/rdk7542/90219/b413910/webui-90219/source/Styles/xb3/code/actionHandler/ajaxSet_add_device.php
2025-08-11 04:54:31,358 - Knowledge - INFO - done ingest for /app/data/rdk7542/90219/b413910/webui-90219/source/Styles/xb3/code/actionHandler/ajaxSet_dlna_setting.php
2025-08-11 04:54:31,365 - Knowledge - INFO - process ingested knowledge for /app/data/rdk7542/90219/b413910/webui-90219/source/Styles/xb3/code/actionHandler/ajaxSet_voice_quality_metrics.php
2025-08-11 04:54:31,477 - Knowledge - INFO - start ingest for /app/data/rdk7542/90219/b413910/webui-90219/source/Styles/xb3/code/actionHandler/ajaxSet_hardware_lan.php
2025-08-11 04:54:31,970 - Knowledge - INFO - process ingested knowledge for /app/data/rdk7542/90219/b413910/webui-90219/source/Styles/xb3/code/actionHandler/ajaxSet_dlna_setting.php
2025-08-11 04:54:32,094 - Knowledge - INFO - persist search terms embedding for source/Styles/xb3/code/actionHandler/ajaxSet_moca_config.php
2025-08-11 04:54:32,134 - Knowledge - INFO - done ingest for /app/data/rdk7542/90219/b413910/webui-90219/source/Styles/xb3/code/actionHandler/ajax_hs_port_forwarding.php
2025-08-11 04:54:32,518 - Knowledge - INFO - process ingested knowledge for /app/data/rdk7542/90219/b413910/webui-90219/source/Styles/xb3/code/actionHandler/ajax_hs_port_forwarding.php
2025-08-11 04:54:33,060 - Knowledge - INFO - done ingest for /app/data/rdk7542/90219/b413910/webui-90219/source/Styles/xb3/code/actionHandler/ajaxSet_add_blockedSite.php
2025-08-11 04:54:33,152 - Knowledge - INFO - process ingested knowledge for /app/data/rdk7542/90219/b413910/webui-90219/source/Styles/xb3/code/actionHandler/ajaxSet_add_blockedSite.php
2025-08-11 04:54:33,435 - Knowledge - INFO - persist search terms embedding for source/Styles/xb3/code/actionHandler/ajaxSet_wizard_step1.php
2025-08-11 04:54:33,536 - Knowledge - INFO - Found code-base-name: https://github.com/kavia-common/webui-90219.git:kavia-master
2025-08-11 04:54:33,539 - Knowledge - INFO - Found code-base-name: https://github.com/kavia-common/webui-90219.git:kavia-master
2025-08-11 04:54:33,541 - Knowledge - INFO - worker kw20 pull /app/data/rdk7542/90219/b413910/webui-90219/source/Styles/xb3/code/actionHandler/ajaxSet_edit_blockedSite.php from ingest queue
2025-08-11 04:54:33,547 - Knowledge - INFO - Found code-base-name: https://github.com/kavia-common/webui-90219.git:kavia-master
2025-08-11 04:54:33,550 - Knowledge - INFO - worker kw24 pull /app/data/rdk7542/90219/b413910/webui-90219/source/Styles/xb3/code/actionHandler/ajaxSet_trust_computer_service.php from ingest queue
2025-08-11 04:54:33,552 - Knowledge - INFO - Found code-base-name: https://github.com/kavia-common/webui-90219.git:kavia-master
2025-08-11 04:54:33,627 - Knowledge - INFO - Found code_base: <app.utils.kg_build.knowledge.KnowledgeCodeBase object at 0x7fac6214f850>
2025-08-11 04:54:33,733 - Knowledge - INFO - Found code_base: <app.utils.kg_build.knowledge.KnowledgeCodeBase object at 0x7fac6214f850>
2025-08-11 04:54:33,833 - Knowledge - INFO - Thread kw20 - File ajaxSet_edit_blockedSite.php - Remaining files in queue: 128
2025-08-11 04:54:33,955 - Knowledge - INFO - Found code_base: <app.utils.kg_build.knowledge.KnowledgeCodeBase object at 0x7fac6214f850>
2025-08-11 04:54:34,042 - Knowledge - INFO - Thread kw24 - File ajaxSet_trust_computer_service.php - Remaining files in queue: 128
2025-08-11 04:54:34,159 - Knowledge - INFO - Found code_base: <app.utils.kg_build.knowledge.KnowledgeCodeBase object at 0x7fac6214f850>
2025-08-11 04:54:34,255 - Knowledge - INFO - persist ingested knowledge for /app/data/rdk7542/90219/b413910/webui-90219/source/Styles/xb3/code/actionHandler/ajaxSet_voice_quality_metrics.php
2025-08-11 04:54:34,385 - Knowledge - INFO - persist ingested knowledge for /app/data/rdk7542/90219/b413910/webui-90219/source/Styles/xb3/code/actionHandler/ajaxSet_dlna_setting.php
2025-08-11 04:54:34,439 - Knowledge - INFO - done ingest for /app/data/rdk7542/90219/b413910/webui-90219/source/Styles/xb3/code/actionHandler/ajaxSet_DSXlog.php
2025-08-11 04:54:34,507 - Knowledge - INFO - start ingest for /app/data/rdk7542/90219/b413910/webui-90219/source/Styles/xb3/code/actionHandler/ajaxSet_edit_blockedSite.php
2025-08-11 04:54:34,644 - Knowledge - INFO - persist ingested knowledge for /app/data/rdk7542/90219/b413910/webui-90219/source/Styles/xb3/code/actionHandler/ajaxSet_add_blockedSite.php
2025-08-11 04:54:34,771 - Knowledge - INFO - start ingest for /app/data/rdk7542/90219/b413910/webui-90219/source/Styles/xb3/code/actionHandler/ajaxSet_trust_computer_service.php
2025-08-11 04:54:34,893 - Knowledge - INFO - persist ingested knowledge for /app/data/rdk7542/90219/b413910/webui-90219/source/Styles/xb3/code/actionHandler/ajax_hs_port_forwarding.php
2025-08-11 04:54:35,222 - Knowledge - INFO - process ingested knowledge for /app/data/rdk7542/90219/b413910/webui-90219/source/Styles/xb3/code/actionHandler/ajaxSet_DSXlog.php
2025-08-11 04:54:35,534 - Knowledge - INFO - persist search terms embedding for source/Styles/xb3/code/actionHandler/ajaxSet_voice_quality_metrics.php
2025-08-11 04:54:35,955 - Knowledge - INFO - done ingest for /app/data/rdk7542/90219/b413910/webui-90219/source/Styles/xb3/code/actionHandler/ajax_parental_reports.php
2025-08-11 04:54:36,103 - Knowledge - INFO - done ingest for /app/data/rdk7542/90219/b413910/webui-90219/source/Styles/xb3/code/actionHandler/ajax_remote_management.php
2025-08-11 04:54:36,156 - Knowledge - INFO - process ingested knowledge for /app/data/rdk7542/90219/b413910/webui-90219/source/Styles/xb3/code/actionHandler/ajax_parental_reports.php
2025-08-11 04:54:36,303 - Knowledge - INFO - process ingested knowledge for /app/data/rdk7542/90219/b413910/webui-90219/source/Styles/xb3/code/actionHandler/ajax_remote_management.php
2025-08-11 04:54:36,365 - Knowledge - INFO - done ingest for /app/data/rdk7542/90219/b413910/webui-90219/source/Styles/xb3/code/actionHandler/ajaxSet_local_users.php
2025-08-11 04:54:36,644 - Knowledge - INFO - process ingested knowledge for /app/data/rdk7542/90219/b413910/webui-90219/source/Styles/xb3/code/actionHandler/ajaxSet_local_users.php
2025-08-11 04:54:37,091 - Knowledge - INFO - persist search terms embedding for source/Styles/xb3/code/actionHandler/ajaxSet_dlna_setting.php
2025-08-11 04:54:37,335 - Knowledge - INFO - done ingest for /app/data/rdk7542/90219/b413910/webui-90219/source/Styles/xb3/code/local_ip_configuration.php
2025-08-11 04:54:37,472 - Knowledge - INFO - process ingested knowledge for /app/data/rdk7542/90219/b413910/webui-90219/source/Styles/xb3/code/local_ip_configuration.php
2025-08-11 04:54:37,506 - Knowledge - INFO - done ingest for /app/data/rdk7542/90219/b413910/webui-90219/source/Styles/xb3/code/actionHandler/ajaxSet_enable_manageSite.php
2025-08-11 04:54:37,671 - Knowledge - INFO - process ingested knowledge for /app/data/rdk7542/90219/b413910/webui-90219/source/Styles/xb3/code/actionHandler/ajaxSet_enable_manageSite.php
2025-08-11 04:54:37,864 - Knowledge - INFO - persist search terms embedding for source/Styles/xb3/code/actionHandler/ajaxSet_add_blockedSite.php
2025-08-11 04:54:38,120 - Knowledge - INFO - done ingest for /app/data/rdk7542/90219/b413910/webui-90219/source/Styles/xb3/code/actionHandler/ajaxSet_DDNS_configuration.php
2025-08-11 04:54:38,248 - Knowledge - INFO - process ingested knowledge for /app/data/rdk7542/90219/b413910/webui-90219/source/Styles/xb3/code/actionHandler/ajaxSet_DDNS_configuration.php
2025-08-11 04:54:38,566 - Knowledge - INFO - persist search terms embedding for source/Styles/xb3/code/actionHandler/ajax_hs_port_forwarding.php
2025-08-11 04:54:38,685 - Knowledge - INFO - Found code-base-name: https://github.com/kavia-common/webui-90219.git:kavia-master
2025-08-11 04:54:38,688 - Knowledge - INFO - worker kw16 pull /app/data/rdk7542/90219/b413910/webui-90219/source/Styles/xb3/code/actionHandler/ajaxSet_trust_computer.php from ingest queue
2025-08-11 04:54:38,699 - Knowledge - INFO - Found code-base-name: https://github.com/kavia-common/webui-90219.git:kavia-master
2025-08-11 04:54:38,700 - Knowledge - INFO - Found code-base-name: https://github.com/kavia-common/webui-90219.git:kavia-master
2025-08-11 04:54:38,702 - Knowledge - INFO - worker kw13 pull /app/data/rdk7542/90219/b413910/webui-90219/source/Styles/xb3/code/actionHandler/ajaxSet_wizard_step2.php from ingest queue
2025-08-11 04:54:38,704 - Knowledge - INFO - Found code-base-name: https://github.com/kavia-common/webui-90219.git:kavia-master
2025-08-11 04:54:38,706 - Knowledge - INFO - worker kw2 pull /app/data/rdk7542/90219/b413910/webui-90219/source/Styles/xb3/code/actionHandler/ajaxSet_addDevice_blockedList.php from ingest queue
2025-08-11 04:54:38,707 - Knowledge - INFO - worker kw23 pull /app/data/rdk7542/90219/b413910/webui-90219/source/Styles/xb3/code/actionHandler/ajaxSet_password_config.php from ingest queue
2025-08-11 04:54:38,711 - Knowledge - INFO - Found code-base-name: https://github.com/kavia-common/webui-90219.git:kavia-master
2025-08-11 04:54:38,713 - Knowledge - INFO - Found code-base-name: https://github.com/kavia-common/webui-90219.git:kavia-master
2025-08-11 04:54:38,714 - Knowledge - INFO - Found code-base-name: https://github.com/kavia-common/webui-90219.git:kavia-master
2025-08-11 04:54:38,779 - Knowledge - INFO - Found code_base: <app.utils.kg_build.knowledge.KnowledgeCodeBase object at 0x7fac6214f850>
2025-08-11 04:54:38,908 - Knowledge - INFO - Thread kw16 - File ajaxSet_trust_computer.php - Remaining files in queue: 124
2025-08-11 04:54:39,039 - Knowledge - INFO - Found code_base: <app.utils.kg_build.knowledge.KnowledgeCodeBase object at 0x7fac6214f850>
2025-08-11 04:54:39,147 - Knowledge - INFO - Found code_base: <app.utils.kg_build.knowledge.KnowledgeCodeBase object at 0x7fac6214f850>
2025-08-11 04:54:40,434 - Knowledge - INFO - persist ingested knowledge for /app/data/rdk7542/90219/b413910/webui-90219/source/Styles/xb3/code/actionHandler/ajaxSet_local_users.php
2025-08-11 04:54:39,426 - Knowledge - INFO - Found code_base: <app.utils.kg_build.knowledge.KnowledgeCodeBase object at 0x7fac6214f850>
2025-08-11 04:54:39,552 - Knowledge - INFO - Thread kw2 - File ajaxSet_addDevice_blockedList.php - Remaining files in queue: 124
2025-08-11 04:54:39,654 - Knowledge - INFO - Thread kw23 - File ajaxSet_password_config.php - Remaining files in queue: 124
2025-08-11 04:54:39,788 - Knowledge - INFO - Found code_base: <app.utils.kg_build.knowledge.KnowledgeCodeBase object at 0x7fac6214f850>
2025-08-11 04:54:39,887 - Knowledge - INFO - Found code_base: <app.utils.kg_build.knowledge.KnowledgeCodeBase object at 0x7fac6214f850>
2025-08-11 04:54:39,987 - Knowledge - INFO - Found code_base: <app.utils.kg_build.knowledge.KnowledgeCodeBase object at 0x7fac6214f850>
2025-08-11 04:54:40,111 - Knowledge - INFO - persist ingested knowledge for /app/data/rdk7542/90219/b413910/webui-90219/source/Styles/xb3/code/actionHandler/ajaxSet_DSXlog.php
2025-08-11 04:54:40,213 - Knowledge - INFO - start ingest for /app/data/rdk7542/90219/b413910/webui-90219/source/Styles/xb3/code/actionHandler/ajaxSet_trust_computer.php
2025-08-11 04:54:40,315 - Knowledge - INFO - persist ingested knowledge for /app/data/rdk7542/90219/b413910/webui-90219/source/Styles/xb3/code/actionHandler/ajax_parental_reports.php
2025-08-11 04:54:39,272 - Knowledge - INFO - Thread kw13 - File ajaxSet_wizard_step2.php - Remaining files in queue: 124
2025-08-11 04:54:40,642 - Knowledge - INFO - persist ingested knowledge for /app/data/rdk7542/90219/b413910/webui-90219/source/Styles/xb3/code/local_ip_configuration.php
2025-08-11 04:54:40,753 - Knowledge - INFO - start ingest for /app/data/rdk7542/90219/b413910/webui-90219/source/Styles/xb3/code/actionHandler/ajaxSet_addDevice_blockedList.php
2025-08-11 04:54:40,880 - Knowledge - INFO - start ingest for /app/data/rdk7542/90219/b413910/webui-90219/source/Styles/xb3/code/actionHandler/ajaxSet_password_config.php
2025-08-11 04:54:40,921 - Knowledge - INFO - done ingest for /app/data/rdk7542/90219/b413910/webui-90219/source/Styles/xb3/code/captiveportal.php
2025-08-11 04:54:41,004 - Knowledge - INFO - persist ingested knowledge for /app/data/rdk7542/90219/b413910/webui-90219/source/Styles/xb3/code/actionHandler/ajax_remote_management.php
2025-08-11 04:54:41,041 - Knowledge - INFO - done ingest for /app/data/rdk7542/90219/b413910/webui-90219/source/Styles/xb3/code/actionHandler/ajaxSet_mta_Line_Diagnostics.php
2025-08-11 04:54:41,045 - Knowledge - INFO - persist search terms embedding for source/Styles/xb3/code/actionHandler/ajaxSet_local_users.php
2025-08-11 04:54:41,108 - Knowledge - INFO - persist ingested knowledge for /app/data/rdk7542/90219/b413910/webui-90219/source/Styles/xb3/code/actionHandler/ajaxSet_DDNS_configuration.php
2025-08-11 04:54:41,145 - Knowledge - INFO - done ingest for /app/data/rdk7542/90219/b413910/webui-90219/source/Styles/xb3/code/actionHandler/ajax_at_saving.php
2025-08-11 04:54:41,232 - Knowledge - INFO - persist ingested knowledge for /app/data/rdk7542/90219/b413910/webui-90219/source/Styles/xb3/code/actionHandler/ajaxSet_enable_manageSite.php
2025-08-11 04:54:41,602 - Knowledge - INFO - start ingest for /app/data/rdk7542/90219/b413910/webui-90219/source/Styles/xb3/code/actionHandler/ajaxSet_wizard_step2.php
2025-08-11 04:54:42,024 - Knowledge - INFO - done ingest for /app/data/rdk7542/90219/b413910/webui-90219/source/Styles/xb3/code/actionHandler/ajaxSet_cordless_handsets.php
2025-08-11 04:54:42,049 - Knowledge - INFO - process ingested knowledge for /app/data/rdk7542/90219/b413910/webui-90219/source/Styles/xb3/code/captiveportal.php
2025-08-11 04:54:42,251 - Knowledge - INFO - process ingested knowledge for /app/data/rdk7542/90219/b413910/webui-90219/source/Styles/xb3/code/actionHandler/ajaxSet_mta_Line_Diagnostics.php
2025-08-11 04:54:42,310 - Knowledge - INFO - done ingest for /app/data/rdk7542/90219/b413910/webui-90219/source/Styles/xb3/code/actionHandler/ajaxSet_IP_configuration.php
2025-08-11 04:54:42,544 - Knowledge - INFO - done ingest for /app/data/rdk7542/90219/b413910/webui-90219/source/Styles/xb3/code/actionHandler/ajax_managed_services.php
2025-08-11 04:54:42,548 - Knowledge - INFO - process ingested knowledge for /app/data/rdk7542/90219/b413910/webui-90219/source/Styles/xb3/code/actionHandler/ajax_at_saving.php
2025-08-11 04:54:42,681 - Knowledge - INFO - done ingest for /app/data/rdk7542/90219/b413910/webui-90219/source/Styles/xb3/code/actionHandler/ajaxSet_userbar.php
2025-08-11 04:54:42,896 - Knowledge - INFO - process ingested knowledge for /app/data/rdk7542/90219/b413910/webui-90219/source/Styles/xb3/code/actionHandler/ajaxSet_cordless_handsets.php
2025-08-11 04:54:43,044 - Knowledge - INFO - persist search terms embedding for source/Styles/xb3/code/actionHandler/ajaxSet_DSXlog.php
2025-08-11 04:54:43,268 - Knowledge - INFO - process ingested knowledge for /app/data/rdk7542/90219/b413910/webui-90219/source/Styles/xb3/code/actionHandler/ajaxSet_IP_configuration.php
2025-08-11 04:54:43,405 - Knowledge - INFO - process ingested knowledge for /app/data/rdk7542/90219/b413910/webui-90219/source/Styles/xb3/code/actionHandler/ajax_managed_services.php
2025-08-11 04:54:43,667 - Knowledge - INFO - process ingested knowledge for /app/data/rdk7542/90219/b413910/webui-90219/source/Styles/xb3/code/actionHandler/ajaxSet_userbar.php
2025-08-11 04:54:44,463 - Knowledge - INFO - persist search terms embedding for source/Styles/xb3/code/actionHandler/ajax_parental_reports.php
2025-08-11 04:54:45,197 - Knowledge - INFO - persist search terms embedding for source/Styles/xb3/code/local_ip_configuration.php
2025-08-11 04:54:45,219 - Knowledge - INFO - done ingest for /app/data/rdk7542/90219/b413910/webui-90219/source/Styles/xb3/code/actionHandler/ajaxSet_hardware_lan.php
2025-08-11 04:54:45,364 - Knowledge - INFO - process ingested knowledge for /app/data/rdk7542/90219/b413910/webui-90219/source/Styles/xb3/code/actionHandler/ajaxSet_hardware_lan.php
2025-08-11 04:54:45,928 - Knowledge - INFO - persist search terms embedding for source/Styles/xb3/code/actionHandler/ajax_remote_management.php
2025-08-11 04:54:46,098 - Knowledge - INFO - worker kw7 pull /app/data/rdk7542/90219/b413910/webui-90219/source/Styles/xb3/code/actionHandler/ajax_troubleshooting_logs.php from ingest queue
2025-08-11 04:54:46,200 - Knowledge - INFO - Thread kw7 - File ajax_troubleshooting_logs.php - Remaining files in queue: 123
2025-08-11 04:54:46,217 - Knowledge - INFO - done ingest for /app/data/rdk7542/90219/b413910/webui-90219/source/Styles/xb3/code/actionHandler/ajaxSet_mta_sip_packet_log.php
2025-08-11 04:54:46,324 - Knowledge - INFO - start ingest for /app/data/rdk7542/90219/b413910/webui-90219/source/Styles/xb3/code/actionHandler/ajax_troubleshooting_logs.php
2025-08-11 04:54:46,407 - Knowledge - INFO - process ingested knowledge for /app/data/rdk7542/90219/b413910/webui-90219/source/Styles/xb3/code/actionHandler/ajaxSet_mta_sip_packet_log.php
2025-08-11 04:54:46,743 - Knowledge - INFO - persist search terms embedding for source/Styles/xb3/code/actionHandler/ajaxSet_DDNS_configuration.php
2025-08-11 04:54:46,868 - Knowledge - INFO - Found code-base-name: https://github.com/kavia-common/webui-90219.git:kavia-master
2025-08-11 04:54:46,874 - Knowledge - INFO - Found code-base-name: https://github.com/kavia-common/webui-90219.git:kavia-master
2025-08-11 04:54:46,878 - Knowledge - INFO - Found code-base-name: https://github.com/kavia-common/webui-90219.git:kavia-master
2025-08-11 04:54:46,883 - Knowledge - INFO - Found code-base-name: https://github.com/kavia-common/webui-90219.git:kavia-master
2025-08-11 04:54:46,884 - Knowledge - INFO - worker kw18 pull /app/data/rdk7542/90219/b413910/webui-90219/source/Styles/xb3/code/actionHandler/ajaxSet_wireless_network_configuration.php from ingest queue
2025-08-11 04:54:46,887 - Knowledge - INFO - Found code-base-name: https://github.com/kavia-common/webui-90219.git:kavia-master
2025-08-11 04:54:46,891 - Knowledge - INFO - Found code-base-name: https://github.com/kavia-common/webui-90219.git:kavia-master
2025-08-11 04:54:46,895 - Knowledge - INFO - worker kw1 pull /app/data/rdk7542/90219/b413910/webui-90219/source/Styles/xb3/code/actionHandler/ajaxSet_firewall_config_v6.php from ingest queue
2025-08-11 04:54:46,895 - Knowledge - INFO - worker kw11 pull /app/data/rdk7542/90219/b413910/webui-90219/source/Styles/xb3/code/actionHandler/ajaxSet_remove_blockedSite.php from ingest queue
2025-08-11 04:54:46,905 - Knowledge - INFO - worker kw9 pull /app/data/rdk7542/90219/b413910/webui-90219/source/Styles/xb3/code/actionHandler/ajax_network_diagnostic_tools.php from ingest queue
2025-08-11 04:54:46,908 - Knowledge - INFO - Found code-base-name: https://github.com/kavia-common/webui-90219.git:kavia-master
2025-08-11 04:54:46,913 - Knowledge - INFO - Found code-base-name: https://github.com/kavia-common/webui-90219.git:kavia-master
2025-08-11 04:54:46,915 - Knowledge - INFO - Found code-base-name: https://github.com/kavia-common/webui-90219.git:kavia-master
2025-08-11 04:54:46,973 - Knowledge - INFO - Found code_base: <app.utils.kg_build.knowledge.KnowledgeCodeBase object at 0x7fac6214f850>
2025-08-11 04:54:47,077 - Knowledge - INFO - Found code_base: <app.utils.kg_build.knowledge.KnowledgeCodeBase object at 0x7fac6214f850>
2025-08-11 04:54:47,189 - Knowledge - INFO - Found code_base: <app.utils.kg_build.knowledge.KnowledgeCodeBase object at 0x7fac6214f850>
2025-08-11 04:54:47,322 - Knowledge - INFO - Found code_base: <app.utils.kg_build.knowledge.KnowledgeCodeBase object at 0x7fac6214f850>
2025-08-11 04:54:47,413 - Knowledge - INFO - Thread kw18 - File ajaxSet_wireless_network_configuration.php - Remaining files in queue: 119
2025-08-11 04:54:47,514 - Knowledge - INFO - persist search terms embedding for source/Styles/xb3/code/actionHandler/ajaxSet_enable_manageSite.php
2025-08-11 04:54:47,542 - Knowledge - INFO - Found code_base: <app.utils.kg_build.knowledge.KnowledgeCodeBase object at 0x7fac6214f850>
2025-08-11 04:54:47,627 - Knowledge - INFO - Found code_base: <app.utils.kg_build.knowledge.KnowledgeCodeBase object at 0x7fac6214f850>
2025-08-11 04:54:47,718 - Knowledge - INFO - Thread kw1 - File ajaxSet_firewall_config_v6.php - Remaining files in queue: 119
2025-08-11 04:54:47,818 - Knowledge - INFO - Thread kw11 - File ajaxSet_remove_blockedSite.php - Remaining files in queue: 119
2025-08-11 04:54:47,928 - Knowledge - INFO - Thread kw9 - File ajax_network_diagnostic_tools.php - Remaining files in queue: 119
2025-08-11 04:54:48,032 - Knowledge - ERROR - _service_ingest_queue had exception  for file /app/data/rdk7542/90219/b413910/webui-90219/source/Styles/xb3/code/wireless_network_configuration.php
Traceback (most recent call last):
  File "/usr/local/lib/python3.11/asyncio/tasks.py", line 500, in wait_for
    return fut.result()
           ^^^^^^^^^^^^
  File "/app/app/utils/kg_build/knowledge.py", line 1723, in _ingest_file
    response = await llm.llm_interaction_wrapper(
               ^^^^^^^^^^^^^^^^^^^^^^^^^^^^^^^^^^
  File "/usr/local/lib/python3.11/site-packages/llm_wrapper/core/llm_interface.py", line 338, in llm_interaction_wrapper
    completion = await invoke_llm()
                 ^^^^^^^^^^^^^^^^^^
  File "/usr/local/lib/python3.11/site-packages/llm_wrapper/core/llm_interface.py", line 284, in invoke_llm
    return await loop.run_in_executor(None, blocking_call_wrapper)
           ^^^^^^^^^^^^^^^^^^^^^^^^^^^^^^^^^^^^^^^^^^^^^^^^^^^^^^^
asyncio.exceptions.CancelledError

The above exception was the direct cause of the following exception:

Traceback (most recent call last):
  File "/app/app/utils/kg_build/knowledge.py", line 324, in _service_ingest_queue
    file_info = self.loop_worker.run_until_complete(asyncio.wait_for( knowledge._ingest_file(filename, self.mongo_handler), knowledge.timeout))
                ^^^^^^^^^^^^^^^^^^^^^^^^^^^^^^^^^^^^^^^^^^^^^^^^^^^^^^^^^^^^^^^^^^^^^^^^^^^^^^^^^^^^^^^^^^^^^^^^^^^^^^^^^^^^^^^^^^^^^^^^^^^^^^^
  File "/usr/local/lib/python3.11/asyncio/base_events.py", line 654, in run_until_complete
    return future.result()
           ^^^^^^^^^^^^^^^
  File "/usr/local/lib/python3.11/asyncio/tasks.py", line 502, in wait_for
    raise exceptions.TimeoutError() from exc
TimeoutError
2025-08-11 04:54:48,068 - Knowledge - INFO - Found code_base: <app.utils.kg_build.knowledge.KnowledgeCodeBase object at 0x7fac6214f850>
2025-08-11 04:54:48,204 - Knowledge - INFO - Found code_base: <app.utils.kg_build.knowledge.KnowledgeCodeBase object at 0x7fac6214f850>
2025-08-11 04:54:49,887 - Knowledge - INFO - persist ingested knowledge for /app/data/rdk7542/90219/b413910/webui-90219/source/Styles/xb3/code/actionHandler/ajax_managed_services.php
2025-08-11 04:54:48,408 - Knowledge - INFO - persist ingested knowledge for /app/data/rdk7542/90219/b413910/webui-90219/source/Styles/xb3/code/captiveportal.php
2025-08-11 04:54:48,534 - Knowledge - INFO - persist ingested knowledge for /app/data/rdk7542/90219/b413910/webui-90219/source/Styles/xb3/code/actionHandler/ajaxSet_mta_Line_Diagnostics.php
2025-08-11 04:54:48,642 - Knowledge - INFO - done ingest for /app/data/rdk7542/90219/b413910/webui-90219/source/Styles/xb3/code/actionHandler/ajax_managed_devices.php
2025-08-11 04:54:48,660 - Knowledge - INFO - persist ingested knowledge for /app/data/rdk7542/90219/b413910/webui-90219/source/Styles/xb3/code/actionHandler/ajax_at_saving.php
2025-08-11 04:54:48,778 - Knowledge - INFO - persist ingested knowledge for /app/data/rdk7542/90219/b413910/webui-90219/source/Styles/xb3/code/actionHandler/ajaxSet_cordless_handsets.php
2025-08-11 04:54:48,865 - Knowledge - INFO - start ingest for /app/data/rdk7542/90219/b413910/webui-90219/source/Styles/xb3/code/actionHandler/ajaxSet_wireless_network_configuration.php
2025-08-11 04:54:48,865 - Knowledge - INFO - done ingest for /app/data/rdk7542/90219/b413910/webui-90219/source/Styles/xb3/code/actionHandler/ajaxSet_trust_computer_service.php
2025-08-11 04:54:49,004 - Knowledge - INFO - worker kw5 pull /app/data/rdk7542/90219/b413910/webui-90219/source/Styles/xb3/code/actionHandler/ajax_at_a_glance.php from ingest queue
2025-08-11 04:54:49,011 - Knowledge - INFO - worker kw15 pull /app/data/rdk7542/90219/b413910/webui-90219/source/Styles/xb3/code/wifi_spectrum_analyzer.php from ingest queue
2025-08-11 04:54:49,127 - Knowledge - INFO - persist ingested knowledge for /app/data/rdk7542/90219/b413910/webui-90219/source/Styles/xb3/code/actionHandler/ajaxSet_IP_configuration.php
2025-08-11 04:54:49,235 - Knowledge - INFO - persist ingested knowledge for /app/data/rdk7542/90219/b413910/webui-90219/source/Styles/xb3/code/actionHandler/ajaxSet_userbar.php
2025-08-11 04:54:49,330 - Knowledge - INFO - start ingest for /app/data/rdk7542/90219/b413910/webui-90219/source/Styles/xb3/code/actionHandler/ajaxSet_firewall_config_v6.php
2025-08-11 04:54:49,437 - Knowledge - INFO - start ingest for /app/data/rdk7542/90219/b413910/webui-90219/source/Styles/xb3/code/actionHandler/ajaxSet_remove_blockedSite.php
2025-08-11 04:54:49,541 - Knowledge - INFO - start ingest for /app/data/rdk7542/90219/b413910/webui-90219/source/Styles/xb3/code/actionHandler/ajax_network_diagnostic_tools.php
2025-08-11 04:54:49,682 - Knowledge - INFO - process ingested knowledge for /app/data/rdk7542/90219/b413910/webui-90219/source/Styles/xb3/code/wireless_network_configuration.php
2025-08-11 04:54:49,778 - Knowledge - INFO - done ingest for /app/data/rdk7542/90219/b413910/webui-90219/source/Styles/xb3/code/actionHandler/ajaxSet_edit_blockedSite.php
2025-08-11 04:54:49,789 - Knowledge - INFO - persist ingested knowledge for /app/data/rdk7542/90219/b413910/webui-90219/source/Styles/xb3/code/actionHandler/ajaxSet_mta_sip_packet_log.php
2025-08-11 04:54:48,298 - Knowledge - INFO - Found code_base: <app.utils.kg_build.knowledge.KnowledgeCodeBase object at 0x7fac6214f850>
2025-08-11 04:54:50,322 - Knowledge - INFO - process ingested knowledge for /app/data/rdk7542/90219/b413910/webui-90219/source/Styles/xb3/code/actionHandler/ajax_managed_devices.php
2025-08-11 04:54:50,914 - Knowledge - INFO - done ingest for /app/data/rdk7542/90219/b413910/webui-90219/source/Styles/xb3/code/actionHandler/ajaxSet_password_config.php
2025-08-11 04:54:50,960 - Knowledge - INFO - persist search terms embedding for source/Styles/xb3/code/actionHandler/ajax_managed_services.php
2025-08-11 04:54:51,022 - Knowledge - INFO - process ingested knowledge for /app/data/rdk7542/90219/b413910/webui-90219/source/Styles/xb3/code/actionHandler/ajaxSet_trust_computer_service.php
2025-08-11 04:54:51,147 - Knowledge - INFO - Thread kw5 - File ajax_at_a_glance.php - Remaining files in queue: 117
2025-08-11 04:54:51,243 - Knowledge - INFO - Thread kw15 - File wifi_spectrum_analyzer.php - Remaining files in queue: 117
2025-08-11 04:54:51,902 - Knowledge - INFO - done ingest for /app/data/rdk7542/90219/b413910/webui-90219/source/Styles/xb3/code/actionHandler/ajaxSet_addDevice_blockedList.php
2025-08-11 04:54:52,038 - Knowledge - INFO - done ingest for /app/data/rdk7542/90219/b413910/webui-90219/source/Styles/xb3/code/actionHandler/ajaxSet_trust_computer.php
2025-08-11 04:54:52,103 - Knowledge - INFO - done ingest for /app/data/rdk7542/90219/b413910/webui-90219/source/Styles/xb3/code/actionHandler/ajaxSet_wizard_step2.php
2025-08-11 04:54:52,121 - Knowledge - INFO - process ingested knowledge for /app/data/rdk7542/90219/b413910/webui-90219/source/Styles/xb3/code/actionHandler/ajaxSet_edit_blockedSite.php
2025-08-11 04:54:52,138 - Knowledge - INFO - done ingest for /app/data/rdk7542/90219/b413910/webui-90219/source/Styles/xb3/code/actionHandler/ajaxSet_add_device.php
2025-08-11 04:54:52,350 - Knowledge - INFO - persist ingested knowledge for /app/data/rdk7542/90219/b413910/webui-90219/source/Styles/xb3/code/actionHandler/ajaxSet_hardware_lan.php
2025-08-11 04:54:52,526 - Knowledge - INFO - process ingested knowledge for /app/data/rdk7542/90219/b413910/webui-90219/source/Styles/xb3/code/actionHandler/ajaxSet_password_config.php
2025-08-11 04:54:52,814 - Knowledge - INFO - start ingest for /app/data/rdk7542/90219/b413910/webui-90219/source/Styles/xb3/code/actionHandler/ajax_at_a_glance.php
2025-08-11 04:54:52,890 - Knowledge - INFO - start ingest for /app/data/rdk7542/90219/b413910/webui-90219/source/Styles/xb3/code/wifi_spectrum_analyzer.php
2025-08-11 04:54:52,970 - Knowledge - INFO - process ingested knowledge for /app/data/rdk7542/90219/b413910/webui-90219/source/Styles/xb3/code/actionHandler/ajaxSet_addDevice_blockedList.php
2025-08-11 04:54:53,070 - Knowledge - INFO - process ingested knowledge for /app/data/rdk7542/90219/b413910/webui-90219/source/Styles/xb3/code/actionHandler/ajaxSet_trust_computer.php
2025-08-11 04:54:53,107 - Knowledge - INFO - persist search terms embedding for source/Styles/xb3/code/captiveportal.php
2025-08-11 04:54:53,184 - Knowledge - INFO - process ingested knowledge for /app/data/rdk7542/90219/b413910/webui-90219/source/Styles/xb3/code/actionHandler/ajaxSet_wizard_step2.php
2025-08-11 04:54:53,383 - Knowledge - INFO - process ingested knowledge for /app/data/rdk7542/90219/b413910/webui-90219/source/Styles/xb3/code/actionHandler/ajaxSet_add_device.php
2025-08-11 04:54:54,530 - Knowledge - INFO - persist search terms embedding for source/Styles/xb3/code/actionHandler/ajaxSet_mta_Line_Diagnostics.php
2025-08-11 04:54:55,045 - Knowledge - INFO - persist search terms embedding for source/Styles/xb3/code/actionHandler/ajax_at_saving.php
2025-08-11 04:54:55,617 - Knowledge - INFO - done ingest for /app/data/rdk7542/90219/b413910/webui-90219/source/Styles/xb3/code/actionHandler/ajaxSet_wireless_network_configuration.php
2025-08-11 04:54:55,621 - Knowledge - INFO - persist search terms embedding for source/Styles/xb3/code/actionHandler/ajaxSet_cordless_handsets.php
2025-08-11 04:54:55,726 - Knowledge - INFO - process ingested knowledge for /app/data/rdk7542/90219/b413910/webui-90219/source/Styles/xb3/code/actionHandler/ajaxSet_wireless_network_configuration.php
2025-08-11 04:54:56,174 - Knowledge - INFO - persist search terms embedding for source/Styles/xb3/code/actionHandler/ajaxSet_IP_configuration.php
2025-08-11 04:54:57,106 - Knowledge - INFO - persist search terms embedding for source/Styles/xb3/code/actionHandler/ajaxSet_userbar.php
2025-08-11 04:54:57,182 - Knowledge - INFO - done ingest for /app/data/rdk7542/90219/b413910/webui-90219/source/Styles/xb3/code/actionHandler/ajaxSet_remove_blockedSite.php
2025-08-11 04:54:57,277 - Knowledge - INFO - Found code-base-name: https://github.com/kavia-common/webui-90219.git:kavia-master
2025-08-11 04:54:57,487 - Knowledge - INFO - process ingested knowledge for /app/data/rdk7542/90219/b413910/webui-90219/source/Styles/xb3/code/actionHandler/ajaxSet_remove_blockedSite.php
2025-08-11 04:54:57,624 - Knowledge - INFO - Found code_base: <app.utils.kg_build.knowledge.KnowledgeCodeBase object at 0x7fac6214f850>
2025-08-11 04:54:57,971 - Knowledge - INFO - persist ingested knowledge for /app/data/rdk7542/90219/b413910/webui-90219/source/Styles/xb3/code/wireless_network_configuration.php
2025-08-11 04:54:58,287 - Knowledge - INFO - done ingest for /app/data/rdk7542/90219/b413910/webui-90219/source/Styles/xb3/code/actionHandler/ajaxSet_firewall_config_v6.php
2025-08-11 04:54:58,398 - Knowledge - INFO - persist search terms embedding for source/Styles/xb3/code/actionHandler/ajaxSet_mta_sip_packet_log.php
2025-08-11 04:54:58,415 - Knowledge - INFO - process ingested knowledge for /app/data/rdk7542/90219/b413910/webui-90219/source/Styles/xb3/code/actionHandler/ajaxSet_firewall_config_v6.php
2025-08-11 04:54:58,624 - Knowledge - INFO - Found code-base-name: https://github.com/kavia-common/webui-90219.git:kavia-master
2025-08-11 04:54:58,632 - Knowledge - INFO - worker kw10 pull /app/data/rdk7542/90219/b413910/webui-90219/source/Styles/xb3/code/callsignallog.php from ingest queue
2025-08-11 04:54:58,639 - Knowledge - INFO - Found code-base-name: https://github.com/kavia-common/webui-90219.git:kavia-master
2025-08-11 04:54:58,832 - Knowledge - INFO - Found code_base: <app.utils.kg_build.knowledge.KnowledgeCodeBase object at 0x7fac6214f850>
2025-08-11 04:54:59,004 - Knowledge - INFO - Thread kw10 - File callsignallog.php - Remaining files in queue: 116
2025-08-11 04:54:59,161 - Knowledge - INFO - Found code_base: <app.utils.kg_build.knowledge.KnowledgeCodeBase object at 0x7fac6214f850>
2025-08-11 04:54:59,265 - Knowledge - INFO - persist ingested knowledge for /app/data/rdk7542/90219/b413910/webui-90219/source/Styles/xb3/code/actionHandler/ajax_managed_devices.php
2025-08-11 04:54:59,352 - Knowledge - INFO - start ingest for /app/data/rdk7542/90219/b413910/webui-90219/source/Styles/xb3/code/callsignallog.php
2025-08-11 04:54:59,449 - Knowledge - INFO - persist ingested knowledge for /app/data/rdk7542/90219/b413910/webui-90219/source/Styles/xb3/code/actionHandler/ajaxSet_trust_computer_service.php
2025-08-11 04:54:59,627 - Knowledge - INFO - persist search terms embedding for source/Styles/xb3/code/actionHandler/ajaxSet_hardware_lan.php
2025-08-11 04:54:59,978 - Knowledge - INFO - Found code-base-name: https://github.com/kavia-common/webui-90219.git:kavia-master
2025-08-11 04:54:59,992 - Knowledge - INFO - Found code-base-name: https://github.com/kavia-common/webui-90219.git:kavia-master
2025-08-11 04:55:00,042 - Knowledge - INFO - Found code-base-name: https://github.com/kavia-common/webui-90219.git:kavia-master
2025-08-11 04:55:00,051 - Knowledge - INFO - worker kw22 pull /app/data/rdk7542/90219/b413910/webui-90219/source/Styles/xb3/code/actionHandler/ajaxSet_Reset_Restore.php from ingest queue
2025-08-11 04:55:00,068 - Knowledge - INFO - Found code-base-name: https://github.com/kavia-common/webui-90219.git:kavia-master
2025-08-11 04:55:00,077 - Knowledge - INFO - worker kw6 pull /app/data/rdk7542/90219/b413910/webui-90219/source/Styles/xb3/code/actionHandler/ajaxSet_RIP_configuration.php from ingest queue
2025-08-11 04:55:00,082 - Knowledge - INFO - worker kw8 pull /app/data/rdk7542/90219/b413910/webui-90219/source/Styles/xb3/code/actionHandler/ajax_port_triggering.php from ingest queue
2025-08-11 04:55:00,084 - Knowledge - INFO - worker kw3 pull /app/data/rdk7542/90219/b413910/webui-90219/source/Styles/xb3/code/port_triggering.php from ingest queue
2025-08-11 04:55:00,088 - Knowledge - INFO - worker kw19 pull /app/data/rdk7542/90219/b413910/webui-90219/source/Styles/xb3/code/actionHandler/ajaxSet_UPnP_configuration.php from ingest queue
2025-08-11 04:55:00,092 - Knowledge - INFO - worker kw21 pull /app/data/rdk7542/90219/b413910/webui-90219/source/Styles/xb3/code/connected_devices_computers.php from ingest queue
2025-08-11 04:55:00,098 - Knowledge - INFO - Found code-base-name: https://github.com/kavia-common/webui-90219.git:kavia-master
2025-08-11 04:55:00,139 - Knowledge - INFO - Found code_base: <app.utils.kg_build.knowledge.KnowledgeCodeBase object at 0x7fac6214f850>
2025-08-11 04:55:01,703 - Knowledge - INFO - persist ingested knowledge for /app/data/rdk7542/90219/b413910/webui-90219/source/Styles/xb3/code/actionHandler/ajaxSet_password_config.php
2025-08-11 04:55:00,400 - Knowledge - INFO - Found code_base: <app.utils.kg_build.knowledge.KnowledgeCodeBase object at 0x7fac6214f850>
2025-08-11 04:55:00,517 - Knowledge - INFO - Thread kw22 - File ajaxSet_Reset_Restore.php - Remaining files in queue: 110
2025-08-11 04:55:00,605 - Knowledge - INFO - done ingest for /app/data/rdk7542/90219/b413910/webui-90219/source/Styles/xb3/code/actionHandler/ajax_network_diagnostic_tools.php
2025-08-11 04:55:00,666 - Knowledge - INFO - Found code_base: <app.utils.kg_build.knowledge.KnowledgeCodeBase object at 0x7fac6214f850>
2025-08-11 04:55:00,834 - Knowledge - INFO - Thread kw6 - File ajaxSet_RIP_configuration.php - Remaining files in queue: 110
2025-08-11 04:55:00,951 - Knowledge - INFO - persist search terms embedding for source/Styles/xb3/code/actionHandler/ajax_managed_devices.php
2025-08-11 04:55:01,031 - Knowledge - INFO - Thread kw8 - File ajax_port_triggering.php - Remaining files in queue: 110
2025-08-11 04:55:01,087 - Knowledge - INFO - done ingest for /app/data/rdk7542/90219/b413910/webui-90219/source/Styles/xb3/code/actionHandler/ajax_at_a_glance.php
2025-08-11 04:55:01,177 - Knowledge - INFO - Thread kw3 - File port_triggering.php - Remaining files in queue: 110
2025-08-11 04:55:01,341 - Knowledge - INFO - Thread kw19 - File ajaxSet_UPnP_configuration.php - Remaining files in queue: 110
2025-08-11 04:55:01,474 - Knowledge - INFO - Thread kw21 - File connected_devices_computers.php - Remaining files in queue: 110
2025-08-11 04:55:03,352 - Knowledge - INFO - start ingest for /app/data/rdk7542/90219/b413910/webui-90219/source/Styles/xb3/code/connected_devices_computers.php
2025-08-11 04:55:00,249 - Knowledge - INFO - Found code_base: <app.utils.kg_build.knowledge.KnowledgeCodeBase object at 0x7fac6214f850>
2025-08-11 04:55:01,872 - Knowledge - INFO - done ingest for /app/data/rdk7542/90219/b413910/webui-90219/source/Styles/xb3/code/actionHandler/ajax_troubleshooting_logs.php
2025-08-11 04:55:02,048 - Knowledge - INFO - persist ingested knowledge for /app/data/rdk7542/90219/b413910/webui-90219/source/Styles/xb3/code/actionHandler/ajaxSet_trust_computer.php
2025-08-11 04:55:02,161 - Knowledge - INFO - start ingest for /app/data/rdk7542/90219/b413910/webui-90219/source/Styles/xb3/code/actionHandler/ajaxSet_Reset_Restore.php
2025-08-11 04:55:02,269 - Knowledge - INFO - process ingested knowledge for /app/data/rdk7542/90219/b413910/webui-90219/source/Styles/xb3/code/actionHandler/ajax_network_diagnostic_tools.php
2025-08-11 04:55:02,414 - Knowledge - INFO - persist ingested knowledge for /app/data/rdk7542/90219/b413910/webui-90219/source/Styles/xb3/code/actionHandler/ajaxSet_add_device.php
2025-08-11 04:55:02,508 - Knowledge - INFO - start ingest for /app/data/rdk7542/90219/b413910/webui-90219/source/Styles/xb3/code/actionHandler/ajaxSet_RIP_configuration.php
2025-08-11 04:55:02,808 - Knowledge - INFO - start ingest for /app/data/rdk7542/90219/b413910/webui-90219/source/Styles/xb3/code/actionHandler/ajax_port_triggering.php
2025-08-11 04:55:02,941 - Knowledge - INFO - process ingested knowledge for /app/data/rdk7542/90219/b413910/webui-90219/source/Styles/xb3/code/actionHandler/ajax_at_a_glance.php
2025-08-11 04:55:03,078 - Knowledge - INFO - start ingest for /app/data/rdk7542/90219/b413910/webui-90219/source/Styles/xb3/code/port_triggering.php
2025-08-11 04:55:03,192 - Knowledge - INFO - start ingest for /app/data/rdk7542/90219/b413910/webui-90219/source/Styles/xb3/code/actionHandler/ajaxSet_UPnP_configuration.php
2025-08-11 04:55:01,563 - Knowledge - INFO - Found code_base: <app.utils.kg_build.knowledge.KnowledgeCodeBase object at 0x7fac6214f850>
2025-08-11 04:55:03,486 - Knowledge - INFO - persist search terms embedding for source/Styles/xb3/code/actionHandler/ajaxSet_trust_computer_service.php
2025-08-11 04:55:03,551 - Knowledge - INFO - persist ingested knowledge for /app/data/rdk7542/90219/b413910/webui-90219/source/Styles/xb3/code/actionHandler/ajaxSet_addDevice_blockedList.php
2025-08-11 04:55:03,668 - Knowledge - INFO - process ingested knowledge for /app/data/rdk7542/90219/b413910/webui-90219/source/Styles/xb3/code/actionHandler/ajax_troubleshooting_logs.php
2025-08-11 04:55:03,917 - Knowledge - INFO - done ingest for /app/data/rdk7542/90219/b413910/webui-90219/source/Styles/xb3/code/callsignallog.php
2025-08-11 04:55:04,086 - Knowledge - INFO - done ingest for /app/data/rdk7542/90219/b413910/webui-90219/source/Styles/xb3/code/wifi_spectrum_analyzer.php
2025-08-11 04:55:04,805 - Knowledge - INFO - persist ingested knowledge for /app/data/rdk7542/90219/b413910/webui-90219/source/Styles/xb3/code/actionHandler/ajaxSet_edit_blockedSite.php
2025-08-11 04:55:04,883 - Knowledge - INFO - worker kw14 pull /app/data/rdk7542/90219/b413910/webui-90219/source/Styles/xb3/code/port_forwarding_edit.php from ingest queue
2025-08-11 04:55:04,885 - Knowledge - INFO - Found code-base-name: https://github.com/kavia-common/webui-90219.git:kavia-master
2025-08-11 04:55:04,885 - Knowledge - INFO - Found code-base-name: https://github.com/kavia-common/webui-90219.git:kavia-master
2025-08-11 04:55:04,886 - Knowledge - INFO - Found code-base-name: https://github.com/kavia-common/webui-90219.git:kavia-master
2025-08-11 04:55:04,973 - Knowledge - INFO - Found code-base-name: https://github.com/kavia-common/webui-90219.git:kavia-master
2025-08-11 04:55:05,890 - Knowledge - INFO - Found code_base: <app.utils.kg_build.knowledge.KnowledgeCodeBase object at 0x7fac6214f850>
2025-08-11 04:55:05,289 - Knowledge - INFO - process ingested knowledge for /app/data/rdk7542/90219/b413910/webui-90219/source/Styles/xb3/code/wifi_spectrum_analyzer.php
2025-08-11 04:55:05,341 - Knowledge - INFO - persist search terms embedding for source/Styles/xb3/code/actionHandler/ajaxSet_password_config.php
2025-08-11 04:55:05,472 - Knowledge - INFO - Thread kw14 - File port_forwarding_edit.php - Remaining files in queue: 109
2025-08-11 04:55:05,593 - Knowledge - INFO - Found code_base: <app.utils.kg_build.knowledge.KnowledgeCodeBase object at 0x7fac6214f850>
2025-08-11 04:55:05,670 - Knowledge - INFO - Found code_base: <app.utils.kg_build.knowledge.KnowledgeCodeBase object at 0x7fac6214f850>
2025-08-11 04:55:05,786 - Knowledge - INFO - Found code_base: <app.utils.kg_build.knowledge.KnowledgeCodeBase object at 0x7fac6214f850>
2025-08-11 04:55:05,176 - Knowledge - INFO - process ingested knowledge for /app/data/rdk7542/90219/b413910/webui-90219/source/Styles/xb3/code/callsignallog.php
2025-08-11 04:55:05,972 - Knowledge - INFO - persist ingested knowledge for /app/data/rdk7542/90219/b413910/webui-90219/source/Styles/xb3/code/actionHandler/ajaxSet_firewall_config_v6.php
2025-08-11 04:55:06,180 - Knowledge - INFO - worker kw12 pull /app/data/rdk7542/90219/b413910/webui-90219/source/Styles/xb3/code/at_saving.php from ingest queue
2025-08-11 04:55:06,271 - Knowledge - INFO - start ingest for /app/data/rdk7542/90219/b413910/webui-90219/source/Styles/xb3/code/port_forwarding_edit.php
2025-08-11 04:55:06,350 - Knowledge - INFO - persist ingested knowledge for /app/data/rdk7542/90219/b413910/webui-90219/source/Styles/xb3/code/actionHandler/ajaxSet_wizard_step2.php
2025-08-11 04:55:06,464 - Knowledge - INFO - persist ingested knowledge for /app/data/rdk7542/90219/b413910/webui-90219/source/Styles/xb3/code/actionHandler/ajaxSet_wireless_network_configuration.php
2025-08-11 04:55:06,548 - Knowledge - INFO - persist ingested knowledge for /app/data/rdk7542/90219/b413910/webui-90219/source/Styles/xb3/code/actionHandler/ajaxSet_remove_blockedSite.php
2025-08-11 04:55:06,856 - Knowledge - INFO - Thread kw12 - File at_saving.php - Remaining files in queue: 108
2025-08-11 04:55:06,860 - Knowledge - INFO - persist search terms embedding for source/Styles/xb3/code/actionHandler/ajaxSet_trust_computer.php
2025-08-11 04:55:07,405 - Knowledge - INFO - start ingest for /app/data/rdk7542/90219/b413910/webui-90219/source/Styles/xb3/code/at_saving.php
2025-08-11 04:55:07,543 - Knowledge - INFO - Found code-base-name: https://github.com/kavia-common/webui-90219.git:kavia-master
2025-08-11 04:55:07,544 - Knowledge - INFO - worker kw17 pull /app/data/rdk7542/90219/b413910/webui-90219/source/Styles/xb3/code/parental_reports_download.php from ingest queue
2025-08-11 04:55:07,756 - Knowledge - INFO - Found code_base: <app.utils.kg_build.knowledge.KnowledgeCodeBase object at 0x7fac6214f850>
2025-08-11 04:55:07,858 - Knowledge - INFO - Thread kw17 - File parental_reports_download.php - Remaining files in queue: 107
2025-08-11 04:55:07,990 - Knowledge - INFO - persist ingested knowledge for /app/data/rdk7542/90219/b413910/webui-90219/source/Styles/xb3/code/actionHandler/ajax_at_a_glance.php
2025-08-11 04:55:08,126 - Knowledge - INFO - start ingest for /app/data/rdk7542/90219/b413910/webui-90219/source/Styles/xb3/code/parental_reports_download.php
2025-08-11 04:55:08,529 - Knowledge - INFO - persist search terms embedding for source/Styles/xb3/code/actionHandler/ajaxSet_addDevice_blockedList.php
2025-08-11 04:55:08,654 - Knowledge - INFO - worker kw25 pull /app/data/rdk7542/90219/b413910/webui-90219/source/Styles/xb3/code/actionHandler/ajaxSet_DMZ_configuration.php from ingest queue
2025-08-11 04:55:08,656 - Knowledge - INFO - Found code-base-name: https://github.com/kavia-common/webui-90219.git:kavia-master
2025-08-11 04:55:08,657 - Knowledge - INFO - Found code-base-name: https://github.com/kavia-common/webui-90219.git:kavia-master
2025-08-11 04:55:08,758 - Knowledge - INFO - Thread kw25 - File ajaxSet_DMZ_configuration.php - Remaining files in queue: 106
2025-08-11 04:55:08,853 - Knowledge - INFO - Found code_base: <app.utils.kg_build.knowledge.KnowledgeCodeBase object at 0x7fac6214f850>
2025-08-11 04:55:08,973 - Knowledge - INFO - Found code_base: <app.utils.kg_build.knowledge.KnowledgeCodeBase object at 0x7fac6214f850>
2025-08-11 04:55:09,096 - Knowledge - INFO - start ingest for /app/data/rdk7542/90219/b413910/webui-90219/source/Styles/xb3/code/actionHandler/ajaxSet_DMZ_configuration.php
2025-08-11 04:55:09,216 - Knowledge - INFO - persist ingested knowledge for /app/data/rdk7542/90219/b413910/webui-90219/source/Styles/xb3/code/actionHandler/ajax_troubleshooting_logs.php
2025-08-11 04:55:09,301 - Knowledge - INFO - persist ingested knowledge for /app/data/rdk7542/90219/b413910/webui-90219/source/Styles/xb3/code/wifi_spectrum_analyzer.php
2025-08-11 04:55:09,547 - Knowledge - INFO - persist search terms embedding for source/Styles/xb3/code/actionHandler/ajaxSet_add_device.php
2025-08-11 04:55:09,741 - Knowledge - INFO - Found code-base-name: https://github.com/kavia-common/webui-90219.git:kavia-master
2025-08-11 04:55:09,743 - Knowledge - INFO - worker kw23 pull /app/data/rdk7542/90219/b413910/webui-90219/source/Styles/xb3/code/mta_Line_Status.php from ingest queue
2025-08-11 04:55:09,743 - Knowledge - INFO - Found code-base-name: https://github.com/kavia-common/webui-90219.git:kavia-master
2025-08-11 04:55:09,830 - Knowledge - INFO - Found code_base: <app.utils.kg_build.knowledge.KnowledgeCodeBase object at 0x7fac6214f850>
2025-08-11 04:55:09,920 - Knowledge - INFO - Thread kw23 - File mta_Line_Status.php - Remaining files in queue: 105
2025-08-11 04:55:10,220 - Knowledge - INFO - start ingest for /app/data/rdk7542/90219/b413910/webui-90219/source/Styles/xb3/code/mta_Line_Status.php
2025-08-11 04:55:10,125 - Knowledge - INFO - persist ingested knowledge for /app/data/rdk7542/90219/b413910/webui-90219/source/Styles/xb3/code/actionHandler/ajax_network_diagnostic_tools.php
2025-08-11 04:55:10,152 - Knowledge - INFO - persist search terms embedding for source/Styles/xb3/code/actionHandler/ajaxSet_firewall_config_v6.php
2025-08-11 04:55:10,034 - Knowledge - INFO - Found code_base: <app.utils.kg_build.knowledge.KnowledgeCodeBase object at 0x7fac6214f850>
2025-08-11 04:55:10,647 - Knowledge - INFO - persist ingested knowledge for /app/data/rdk7542/90219/b413910/webui-90219/source/Styles/xb3/code/callsignallog.php
2025-08-11 04:55:11,360 - Knowledge - INFO - persist search terms embedding for source/Styles/xb3/code/actionHandler/ajaxSet_wizard_step2.php
2025-08-11 04:55:12,212 - Knowledge - INFO - persist search terms embedding for source/Styles/xb3/code/actionHandler/ajaxSet_wireless_network_configuration.php
2025-08-11 04:55:12,326 - Knowledge - INFO - done ingest for /app/data/rdk7542/90219/b413910/webui-90219/source/Styles/xb3/code/actionHandler/ajaxSet_Reset_Restore.php
2025-08-11 04:55:12,416 - Knowledge - INFO - process ingested knowledge for /app/data/rdk7542/90219/b413910/webui-90219/source/Styles/xb3/code/actionHandler/ajaxSet_Reset_Restore.php
2025-08-11 04:55:12,838 - Knowledge - INFO - persist search terms embedding for source/Styles/xb3/code/actionHandler/ajaxSet_remove_blockedSite.php
2025-08-11 04:55:12,958 - Knowledge - INFO - worker kw16 pull /app/data/rdk7542/90219/b413910/webui-90219/source/Styles/xb3/code/CSRF-Protector-PHP/libs/csrf/csrfprotector_rdkb.php from ingest queue
2025-08-11 04:55:12,963 - Knowledge - INFO - worker kw24 pull /app/data/rdk7542/90219/b413910/webui-90219/source/Styles/xb3/code/managed_devices_add_computer_allowed.php from ingest queue
2025-08-11 04:55:13,114 - Knowledge - INFO - Thread kw16 - File csrfprotector_rdkb.php - Remaining files in queue: 103
2025-08-11 04:55:13,213 - Knowledge - INFO - Thread kw24 - File managed_devices_add_computer_allowed.php - Remaining files in queue: 103
2025-08-11 04:55:13,365 - Knowledge - INFO - done ingest for /app/data/rdk7542/90219/b413910/webui-90219/source/Styles/xb3/code/actionHandler/ajaxSet_RIP_configuration.php
2025-08-11 04:55:13,367 - Knowledge - INFO - start ingest for /app/data/rdk7542/90219/b413910/webui-90219/source/Styles/xb3/code/CSRF-Protector-PHP/libs/csrf/csrfprotector_rdkb.php
2025-08-11 04:55:13,459 - Knowledge - INFO - start ingest for /app/data/rdk7542/90219/b413910/webui-90219/source/Styles/xb3/code/managed_devices_add_computer_allowed.php
2025-08-11 04:55:13,611 - Knowledge - INFO - process ingested knowledge for /app/data/rdk7542/90219/b413910/webui-90219/source/Styles/xb3/code/actionHandler/ajaxSet_RIP_configuration.php
2025-08-11 04:55:13,810 - Knowledge - INFO - persist search terms embedding for source/Styles/xb3/code/actionHandler/ajaxSet_edit_blockedSite.php
2025-08-11 04:55:14,039 - Knowledge - INFO - done ingest for /app/data/rdk7542/90219/b413910/webui-90219/source/Styles/xb3/code/actionHandler/ajax_port_triggering.php
2025-08-11 04:55:14,479 - Knowledge - INFO - process ingested knowledge for /app/data/rdk7542/90219/b413910/webui-90219/source/Styles/xb3/code/actionHandler/ajax_port_triggering.php
2025-08-11 04:55:14,919 - Knowledge - INFO - done ingest for /app/data/rdk7542/90219/b413910/webui-90219/source/Styles/xb3/code/actionHandler/ajaxSet_UPnP_configuration.php
2025-08-11 04:55:14,978 - Knowledge - INFO - done ingest for /app/data/rdk7542/90219/b413910/webui-90219/source/Styles/xb3/code/port_triggering.php
2025-08-11 04:55:15,042 - Knowledge - INFO - process ingested knowledge for /app/data/rdk7542/90219/b413910/webui-90219/source/Styles/xb3/code/actionHandler/ajaxSet_UPnP_configuration.php
2025-08-11 04:55:15,085 - Knowledge - INFO - persist search terms embedding for source/Styles/xb3/code/actionHandler/ajax_troubleshooting_logs.php
2025-08-11 04:55:15,124 - Knowledge - INFO - process ingested knowledge for /app/data/rdk7542/90219/b413910/webui-90219/source/Styles/xb3/code/port_triggering.php
2025-08-11 04:55:15,728 - Knowledge - INFO - persist search terms embedding for source/Styles/xb3/code/wifi_spectrum_analyzer.php
2025-08-11 04:55:15,847 - Knowledge - INFO - worker kw4 pull /app/data/rdk7542/90219/b413910/webui-90219/source/Styles/xb3/code/troubleshooting_logs.php from ingest queue
2025-08-11 04:55:15,949 - Knowledge - INFO - Thread kw4 - File troubleshooting_logs.php - Remaining files in queue: 102
2025-08-11 04:55:16,065 - Knowledge - INFO - start ingest for /app/data/rdk7542/90219/b413910/webui-90219/source/Styles/xb3/code/troubleshooting_logs.php
2025-08-11 04:55:16,194 - Knowledge - INFO - persist search terms embedding for source/Styles/xb3/code/actionHandler/ajax_network_diagnostic_tools.php
2025-08-11 04:55:16,833 - Knowledge - INFO - persist search terms embedding for source/Styles/xb3/code/callsignallog.php
2025-08-11 04:55:16,921 - Knowledge - INFO - worker kw18 pull /app/data/rdk7542/90219/b413910/webui-90219/source/Styles/xb3/code/mta_Line_Diagnostics.php from ingest queue
2025-08-11 04:55:17,001 - Knowledge - INFO - Thread kw18 - File mta_Line_Diagnostics.php - Remaining files in queue: 94
2025-08-11 04:55:16,923 - Knowledge - INFO - worker kw2 pull /app/data/rdk7542/90219/b413910/webui-90219/source/Styles/xb3/code/managed_sites_add_site.php from ingest queue
2025-08-11 04:55:16,923 - Knowledge - INFO - Found code-base-name: https://github.com/kavia-common/webui-90219.git:kavia-master
2025-08-11 04:55:17,306 - Knowledge - INFO - Found code_base: <app.utils.kg_build.knowledge.KnowledgeCodeBase object at 0x7fac6214f850>
2025-08-11 04:55:16,924 - Knowledge - INFO - Found code-base-name: https://github.com/kavia-common/webui-90219.git:kavia-master
2025-08-11 04:55:16,924 - Knowledge - INFO - worker kw7 pull /app/data/rdk7542/90219/b413910/webui-90219/source/Styles/xb3/code/admin_password_change.php from ingest queue
2025-08-11 04:55:16,924 - Knowledge - INFO - Found code-base-name: https://github.com/kavia-common/webui-90219.git:kavia-master
2025-08-11 04:55:16,925 - Knowledge - INFO - worker kw15 pull /app/data/rdk7542/90219/b413910/webui-90219/source/Styles/xb3/code/moca.php from ingest queue
2025-08-11 04:55:16,925 - Knowledge - INFO - worker kw9 pull /app/data/rdk7542/90219/b413910/webui-90219/source/Styles/xb3/code/CSRF-Protector-PHP/libs/config.php from ingest queue
2025-08-11 04:55:16,925 - Knowledge - INFO - worker kw10 pull /app/data/rdk7542/90219/b413910/webui-90219/source/Styles/xb3/code/voice_quality_metrics.php from ingest queue
2025-08-11 04:55:16,925 - Knowledge - INFO - Found code-base-name: https://github.com/kavia-common/webui-90219.git:kavia-master
2025-08-11 04:55:16,925 - Knowledge - INFO - worker kw13 pull /app/data/rdk7542/90219/b413910/webui-90219/source/Styles/xb3/code/managed_services.php from ingest queue
2025-08-11 04:55:16,922 - Knowledge - INFO - Found code-base-name: https://github.com/kavia-common/webui-90219.git:kavia-master
2025-08-11 04:55:17,108 - Knowledge - INFO - start ingest for /app/data/rdk7542/90219/b413910/webui-90219/source/Styles/xb3/code/mta_Line_Diagnostics.php
2025-08-11 04:55:17,206 - Knowledge - INFO - Thread kw2 - File managed_sites_add_site.php - Remaining files in queue: 94
2025-08-11 04:55:16,923 - Knowledge - INFO - worker kw20 pull /app/data/rdk7542/90219/b413910/webui-90219/source/Styles/xb3/code/cordless_handsets_add.php from ingest queue
2025-08-11 04:55:17,345 - Knowledge - INFO - persist search terms embedding for source/Styles/xb3/code/actionHandler/ajax_at_a_glance.php
2025-08-11 04:55:17,400 - Knowledge - INFO - persist ingested knowledge for /app/data/rdk7542/90219/b413910/webui-90219/source/Styles/xb3/code/actionHandler/ajaxSet_RIP_configuration.php
2025-08-11 04:55:17,511 - Knowledge - INFO - Found code_base: <app.utils.kg_build.knowledge.KnowledgeCodeBase object at 0x7fac6214f850>
2025-08-11 04:55:17,610 - Knowledge - INFO - Thread kw7 - File admin_password_change.php - Remaining files in queue: 94
2025-08-11 04:55:17,724 - Knowledge - INFO - Found code_base: <app.utils.kg_build.knowledge.KnowledgeCodeBase object at 0x7fac6214f850>
2025-08-11 04:55:17,869 - Knowledge - INFO - Thread kw15 - File moca.php - Remaining files in queue: 94
2025-08-11 04:55:17,998 - Knowledge - INFO - Thread kw9 - File config.php - Remaining files in queue: 94
2025-08-11 04:55:18,144 - Knowledge - INFO - Thread kw10 - File voice_quality_metrics.php - Remaining files in queue: 94
2025-08-11 04:55:18,270 - Knowledge - INFO - Found code_base: <app.utils.kg_build.knowledge.KnowledgeCodeBase object at 0x7fac6214f850>
2025-08-11 04:55:18,424 - Knowledge - INFO - Thread kw13 - File managed_services.php - Remaining files in queue: 94
2025-08-11 04:55:18,638 - Knowledge - INFO - Found code_base: <app.utils.kg_build.knowledge.KnowledgeCodeBase object at 0x7fac6214f850>
2025-08-11 04:55:18,930 - Knowledge - INFO - start ingest for /app/data/rdk7542/90219/b413910/webui-90219/source/Styles/xb3/code/managed_sites_add_site.php
2025-08-11 04:55:19,105 - Knowledge - INFO - Thread kw20 - File cordless_handsets_add.php - Remaining files in queue: 94
2025-08-11 04:55:19,331 - Knowledge - INFO - worker kw11 pull /app/data/rdk7542/90219/b413910/webui-90219/source/Styles/xb3/code/DPoE.php from ingest queue
2025-08-11 04:55:19,335 - Knowledge - INFO - worker kw1 pull /app/data/rdk7542/90219/b413910/webui-90219/source/Styles/xb3/code/firewall_settings_ipv4.php from ingest queue
2025-08-11 04:55:19,339 - Knowledge - INFO - worker kw5 pull /app/data/rdk7542/90219/b413910/webui-90219/source/Styles/xb3/code/routing.php from ingest queue
2025-08-11 04:55:19,553 - Knowledge - INFO - persist ingested knowledge for /app/data/rdk7542/90219/b413910/webui-90219/source/Styles/xb3/code/actionHandler/ajaxSet_UPnP_configuration.php
2025-08-11 04:55:19,682 - Knowledge - INFO - start ingest for /app/data/rdk7542/90219/b413910/webui-90219/source/Styles/xb3/code/admin_password_change.php
2025-08-11 04:55:19,812 - Knowledge - INFO - persist ingested knowledge for /app/data/rdk7542/90219/b413910/webui-90219/source/Styles/xb3/code/port_triggering.php
2025-08-11 04:55:19,939 - Knowledge - INFO - start ingest for /app/data/rdk7542/90219/b413910/webui-90219/source/Styles/xb3/code/moca.php
2025-08-11 04:55:19,942 - Knowledge - INFO - persist search terms embedding for source/Styles/xb3/code/actionHandler/ajaxSet_RIP_configuration.php
2025-08-11 04:55:20,016 - Knowledge - INFO - start ingest for /app/data/rdk7542/90219/b413910/webui-90219/source/Styles/xb3/code/CSRF-Protector-PHP/libs/config.php
2025-08-11 04:55:20,141 - Knowledge - INFO - start ingest for /app/data/rdk7542/90219/b413910/webui-90219/source/Styles/xb3/code/voice_quality_metrics.php
2025-08-11 04:55:20,164 - Knowledge - INFO - done ingest for /app/data/rdk7542/90219/b413910/webui-90219/source/Styles/xb3/code/parental_reports_download.php
2025-08-11 04:55:20,268 - Knowledge - INFO - persist ingested knowledge for /app/data/rdk7542/90219/b413910/webui-90219/source/Styles/xb3/code/actionHandler/ajax_port_triggering.php
2025-08-11 04:55:20,360 - Knowledge - INFO - start ingest for /app/data/rdk7542/90219/b413910/webui-90219/source/Styles/xb3/code/managed_services.php
2025-08-11 04:55:20,472 - Knowledge - INFO - persist ingested knowledge for /app/data/rdk7542/90219/b413910/webui-90219/source/Styles/xb3/code/actionHandler/ajaxSet_Reset_Restore.php
2025-08-11 04:55:20,581 - Knowledge - INFO - done ingest for /app/data/rdk7542/90219/b413910/webui-90219/source/Styles/xb3/code/at_saving.php
2025-08-11 04:55:20,724 - Knowledge - INFO - start ingest for /app/data/rdk7542/90219/b413910/webui-90219/source/Styles/xb3/code/cordless_handsets_add.php
2025-08-11 04:55:20,848 - Knowledge - INFO - Thread kw11 - File DPoE.php - Remaining files in queue: 91
2025-08-11 04:55:20,990 - Knowledge - INFO - Thread kw1 - File firewall_settings_ipv4.php - Remaining files in queue: 91
2025-08-11 04:55:21,104 - Knowledge - INFO - Thread kw5 - File routing.php - Remaining files in queue: 91
2025-08-11 04:55:21,634 - Knowledge - INFO - done ingest for /app/data/rdk7542/90219/b413910/webui-90219/source/Styles/xb3/code/mta_Line_Status.php
2025-08-11 04:55:21,931 - Knowledge - INFO - process ingested knowledge for /app/data/rdk7542/90219/b413910/webui-90219/source/Styles/xb3/code/parental_reports_download.php
2025-08-11 04:55:22,148 - Knowledge - INFO - persist search terms embedding for source/Styles/xb3/code/actionHandler/ajaxSet_UPnP_configuration.php
2025-08-11 04:55:22,405 - Knowledge - INFO - process ingested knowledge for /app/data/rdk7542/90219/b413910/webui-90219/source/Styles/xb3/code/at_saving.php
2025-08-11 04:55:22,659 - Knowledge - INFO - start ingest for /app/data/rdk7542/90219/b413910/webui-90219/source/Styles/xb3/code/DPoE.php
2025-08-11 04:55:22,764 - Knowledge - INFO - start ingest for /app/data/rdk7542/90219/b413910/webui-90219/source/Styles/xb3/code/firewall_settings_ipv4.php
2025-08-11 04:55:22,873 - Knowledge - INFO - start ingest for /app/data/rdk7542/90219/b413910/webui-90219/source/Styles/xb3/code/routing.php
2025-08-11 04:55:22,990 - Knowledge - INFO - process ingested knowledge for /app/data/rdk7542/90219/b413910/webui-90219/source/Styles/xb3/code/mta_Line_Status.php
2025-08-11 04:55:23,803 - Knowledge - INFO - persist search terms embedding for source/Styles/xb3/code/port_triggering.php
2025-08-11 04:55:23,969 - Knowledge - INFO - done ingest for /app/data/rdk7542/90219/b413910/webui-90219/source/Styles/xb3/code/actionHandler/ajaxSet_DMZ_configuration.php
2025-08-11 04:55:24,012 - Knowledge - INFO - worker kw6 pull /app/data/rdk7542/90219/b413910/webui-90219/source/Styles/xb3/code/managed_sites_add_keyword.php from ingest queue
2025-08-11 04:55:24,089 - Knowledge - INFO - process ingested knowledge for /app/data/rdk7542/90219/b413910/webui-90219/source/Styles/xb3/code/actionHandler/ajaxSet_DMZ_configuration.php
2025-08-11 04:55:24,186 - Knowledge - INFO - Thread kw6 - File managed_sites_add_keyword.php - Remaining files in queue: 90
2025-08-11 04:55:24,357 - Knowledge - INFO - start ingest for /app/data/rdk7542/90219/b413910/webui-90219/source/Styles/xb3/code/managed_sites_add_keyword.php
2025-08-11 04:55:24,563 - Knowledge - INFO - persist search terms embedding for source/Styles/xb3/code/actionHandler/ajax_port_triggering.php
2025-08-11 04:55:24,648 - Knowledge - INFO - Found code-base-name: https://github.com/kavia-common/webui-90219.git:kavia-master
2025-08-11 04:55:24,653 - Knowledge - INFO - worker kw19 pull /app/data/rdk7542/90219/b413910/webui-90219/source/Styles/xb3/code/cmn/css/common.css from ingest queue
2025-08-11 04:55:24,656 - Knowledge - INFO - Found code-base-name: https://github.com/kavia-common/webui-90219.git:kavia-master
2025-08-11 04:55:24,662 - Knowledge - INFO - worker kw3 pull /app/data/rdk7542/90219/b413910/webui-90219/source/Styles/xb3/code/managed_services_add.php from ingest queue
2025-08-11 04:55:24,669 - Knowledge - INFO - Found code-base-name: https://github.com/kavia-common/webui-90219.git:kavia-master
2025-08-11 04:55:24,670 - Knowledge - INFO - worker kw8 pull /app/data/rdk7542/90219/b413910/webui-90219/source/Styles/xb3/code/managed_sites.php from ingest queue
2025-08-11 04:55:25,411 - Knowledge - INFO - Thread kw8 - File managed_sites.php - Remaining files in queue: 87
2025-08-11 04:55:24,902 - Knowledge - INFO - Thread kw19 - File common.css - Remaining files in queue: 87
2025-08-11 04:55:25,033 - Knowledge - INFO - Found code_base: <app.utils.kg_build.knowledge.KnowledgeCodeBase object at 0x7fac6214f850>
2025-08-11 04:55:25,127 - Knowledge - INFO - Thread kw3 - File managed_services_add.php - Remaining files in queue: 87
2025-08-11 04:55:25,192 - Knowledge - INFO - persist search terms embedding for source/Styles/xb3/code/actionHandler/ajaxSet_Reset_Restore.php
2025-08-11 04:55:25,261 - Knowledge - INFO - Found code_base: <app.utils.kg_build.knowledge.KnowledgeCodeBase object at 0x7fac6214f850>
2025-08-11 04:55:24,760 - Knowledge - INFO - Found code_base: <app.utils.kg_build.knowledge.KnowledgeCodeBase object at 0x7fac6214f850>
2025-08-11 04:55:25,515 - Knowledge - INFO - start ingest for /app/data/rdk7542/90219/b413910/webui-90219/source/Styles/xb3/code/managed_sites.php
2025-08-11 04:55:25,618 - Knowledge - INFO - start ingest for /app/data/rdk7542/90219/b413910/webui-90219/source/Styles/xb3/code/cmn/css/common.css
2025-08-11 04:55:25,721 - Knowledge - INFO - persist ingested knowledge for /app/data/rdk7542/90219/b413910/webui-90219/source/Styles/xb3/code/at_saving.php
2025-08-11 04:55:25,855 - Knowledge - INFO - start ingest for /app/data/rdk7542/90219/b413910/webui-90219/source/Styles/xb3/code/managed_services_add.php
2025-08-11 04:55:25,969 - Knowledge - INFO - done ingest for /app/data/rdk7542/90219/b413910/webui-90219/source/Styles/xb3/code/connected_devices_computers.php
2025-08-11 04:55:25,973 - Knowledge - INFO - Found code-base-name: https://github.com/kavia-common/webui-90219.git:kavia-master
2025-08-11 04:55:25,985 - Knowledge - INFO - worker kw22 pull /app/data/rdk7542/90219/b413910/webui-90219/source/Styles/xb3/code/cmn/css/print.css from ingest queue
2025-08-11 04:55:26,068 - Knowledge - INFO - persist ingested knowledge for /app/data/rdk7542/90219/b413910/webui-90219/source/Styles/xb3/code/actionHandler/ajaxSet_DMZ_configuration.php
2025-08-11 04:55:26,162 - Knowledge - INFO - persist ingested knowledge for /app/data/rdk7542/90219/b413910/webui-90219/source/Styles/xb3/code/parental_reports_download.php
2025-08-11 04:55:26,643 - Knowledge - INFO - done ingest for /app/data/rdk7542/90219/b413910/webui-90219/source/Styles/xb3/code/CSRF-Protector-PHP/libs/csrf/csrfprotector_rdkb.php
2025-08-11 04:55:26,788 - Knowledge - INFO - process ingested knowledge for /app/data/rdk7542/90219/b413910/webui-90219/source/Styles/xb3/code/connected_devices_computers.php
2025-08-11 04:55:26,884 - Knowledge - INFO - Found code_base: <app.utils.kg_build.knowledge.KnowledgeCodeBase object at 0x7fac6214f850>
2025-08-11 04:55:27,028 - Knowledge - INFO - Thread kw22 - File print.css - Remaining files in queue: 86
2025-08-11 04:55:27,783 - Knowledge - INFO - start ingest for /app/data/rdk7542/90219/b413910/webui-90219/source/Styles/xb3/code/cmn/css/print.css
2025-08-11 04:55:27,342 - Knowledge - INFO - process ingested knowledge for /app/data/rdk7542/90219/b413910/webui-90219/source/Styles/xb3/code/CSRF-Protector-PHP/libs/csrf/csrfprotector_rdkb.php
2025-08-11 04:55:27,626 - Knowledge - INFO - persist ingested knowledge for /app/data/rdk7542/90219/b413910/webui-90219/source/Styles/xb3/code/mta_Line_Status.php
2025-08-11 04:55:27,630 - Knowledge - INFO - done ingest for /app/data/rdk7542/90219/b413910/webui-90219/source/Styles/xb3/code/port_forwarding_edit.php
2025-08-11 04:55:27,221 - Knowledge - INFO - persist search terms embedding for source/Styles/xb3/code/at_saving.php
2025-08-11 04:55:28,049 - Knowledge - INFO - done ingest for /app/data/rdk7542/90219/b413910/webui-90219/source/Styles/xb3/code/managed_devices_add_computer_allowed.php
2025-08-11 04:55:28,372 - Knowledge - INFO - process ingested knowledge for /app/data/rdk7542/90219/b413910/webui-90219/source/Styles/xb3/code/port_forwarding_edit.php
2025-08-11 04:55:28,689 - Knowledge - INFO - process ingested knowledge for /app/data/rdk7542/90219/b413910/webui-90219/source/Styles/xb3/code/managed_devices_add_computer_allowed.php
2025-08-11 04:55:29,651 - Knowledge - INFO - done ingest for /app/data/rdk7542/90219/b413910/webui-90219/source/Styles/xb3/code/mta_Line_Diagnostics.php
2025-08-11 04:55:29,754 - Knowledge - INFO - process ingested knowledge for /app/data/rdk7542/90219/b413910/webui-90219/source/Styles/xb3/code/mta_Line_Diagnostics.php
2025-08-11 04:55:29,789 - Knowledge - INFO - persist search terms embedding for source/Styles/xb3/code/actionHandler/ajaxSet_DMZ_configuration.php
2025-08-11 04:55:29,794 - Knowledge - INFO - done ingest for /app/data/rdk7542/90219/b413910/webui-90219/source/Styles/xb3/code/troubleshooting_logs.php
2025-08-11 04:55:30,069 - Knowledge - INFO - process ingested knowledge for /app/data/rdk7542/90219/b413910/webui-90219/source/Styles/xb3/code/troubleshooting_logs.php
2025-08-11 04:55:30,357 - Knowledge - INFO - persist search terms embedding for source/Styles/xb3/code/parental_reports_download.php
2025-08-11 04:55:30,461 - Knowledge - INFO - Found code-base-name: https://github.com/kavia-common/webui-90219.git:kavia-master
2025-08-11 04:55:30,461 - Knowledge - INFO - Found code-base-name: https://github.com/kavia-common/webui-90219.git:kavia-master
2025-08-11 04:55:30,581 - Knowledge - INFO - Found code_base: <app.utils.kg_build.knowledge.KnowledgeCodeBase object at 0x7fac6214f850>
2025-08-11 04:55:30,662 - Knowledge - INFO - Found code_base: <app.utils.kg_build.knowledge.KnowledgeCodeBase object at 0x7fac6214f850>
2025-08-11 04:55:30,875 - Knowledge - INFO - persist ingested knowledge for /app/data/rdk7542/90219/b413910/webui-90219/source/Styles/xb3/code/CSRF-Protector-PHP/libs/csrf/csrfprotector_rdkb.php
2025-08-11 04:55:30,853 - Knowledge - INFO - persist search terms embedding for source/Styles/xb3/code/mta_Line_Status.php
2025-08-11 04:55:30,769 - Knowledge - INFO - persist ingested knowledge for /app/data/rdk7542/90219/b413910/webui-90219/source/Styles/xb3/code/connected_devices_computers.php
2025-08-11 04:55:31,058 - Knowledge - INFO - worker kw12 pull /app/data/rdk7542/90219/b413910/webui-90219/source/Styles/xb3/code/cmn/css/ie7.css from ingest queue
2025-08-11 04:55:31,058 - Knowledge - INFO - Found code-base-name: https://github.com/kavia-common/webui-90219.git:kavia-master
2025-08-11 04:55:31,059 - Knowledge - INFO - Found code-base-name: https://github.com/kavia-common/webui-90219.git:kavia-master
2025-08-11 04:55:31,433 - Knowledge - INFO - Found code_base: <app.utils.kg_build.knowledge.KnowledgeCodeBase object at 0x7fac6214f850>
2025-08-11 04:55:31,059 - Knowledge - INFO - worker kw17 pull /app/data/rdk7542/90219/b413910/webui-90219/source/Styles/xb3/code/cmn/css/ie6-min.css from ingest queue
2025-08-11 04:55:31,238 - Knowledge - INFO - Thread kw12 - File ie7.css - Remaining files in queue: 83
2025-08-11 04:55:31,332 - Knowledge - INFO - Found code_base: <app.utils.kg_build.knowledge.KnowledgeCodeBase object at 0x7fac6214f850>
2025-08-11 04:55:31,426 - Knowledge - INFO - persist search terms embedding for source/Styles/xb3/code/CSRF-Protector-PHP/libs/csrf/csrfprotector_rdkb.php
2025-08-11 04:55:31,059 - Knowledge - INFO - worker kw25 pull /app/data/rdk7542/90219/b413910/webui-90219/source/Styles/xb3/code/cmn/css/global.css from ingest queue
2025-08-11 04:55:31,551 - Knowledge - INFO - persist ingested knowledge for /app/data/rdk7542/90219/b413910/webui-90219/source/Styles/xb3/code/mta_Line_Diagnostics.php
2025-08-11 04:55:31,676 - Knowledge - INFO - Thread kw17 - File ie6-min.css - Remaining files in queue: 83
2025-08-11 04:55:31,792 - Knowledge - INFO - start ingest for /app/data/rdk7542/90219/b413910/webui-90219/source/Styles/xb3/code/cmn/css/ie7.css
2025-08-11 04:55:31,921 - Knowledge - INFO - persist ingested knowledge for /app/data/rdk7542/90219/b413910/webui-90219/source/Styles/xb3/code/port_forwarding_edit.php
2025-08-11 04:55:32,056 - Knowledge - INFO - worker kw23 pull /app/data/rdk7542/90219/b413910/webui-90219/source/Styles/xb3/code/index_pcontrol.php from ingest queue
2025-08-11 04:55:32,057 - Knowledge - INFO - Found code-base-name: https://github.com/kavia-common/webui-90219.git:kavia-master
2025-08-11 04:55:32,146 - Knowledge - INFO - Thread kw25 - File global.css - Remaining files in queue: 82
2025-08-11 04:55:32,421 - Knowledge - INFO - done ingest for /app/data/rdk7542/90219/b413910/webui-90219/source/Styles/xb3/code/managed_sites_add_site.php
2025-08-11 04:55:32,429 - Knowledge - INFO - start ingest for /app/data/rdk7542/90219/b413910/webui-90219/source/Styles/xb3/code/cmn/css/ie6-min.css
2025-08-11 04:55:32,714 - Knowledge - INFO - Thread kw23 - File index_pcontrol.php - Remaining files in queue: 82
2025-08-11 04:55:32,721 - Knowledge - INFO - persist search terms embedding for source/Styles/xb3/code/connected_devices_computers.php
2025-08-11 04:55:32,832 - Knowledge - INFO - Found code_base: <app.utils.kg_build.knowledge.KnowledgeCodeBase object at 0x7fac6214f850>
2025-08-11 04:55:32,933 - Knowledge - INFO - start ingest for /app/data/rdk7542/90219/b413910/webui-90219/source/Styles/xb3/code/cmn/css/global.css
2025-08-11 04:55:33,033 - Knowledge - INFO - process ingested knowledge for /app/data/rdk7542/90219/b413910/webui-90219/source/Styles/xb3/code/managed_sites_add_site.php
2025-08-11 04:55:33,260 - Knowledge - INFO - start ingest for /app/data/rdk7542/90219/b413910/webui-90219/source/Styles/xb3/code/index_pcontrol.php
2025-08-11 04:55:33,352 - Knowledge - INFO - worker kw21 pull /app/data/rdk7542/90219/b413910/webui-90219/source/Styles/xb3/code/cmn/css/highContrast.css from ingest queue
2025-08-11 04:55:33,856 - Knowledge - INFO - Thread kw21 - File highContrast.css - Remaining files in queue: 80
2025-08-11 04:55:33,474 - Knowledge - INFO - persist ingested knowledge for /app/data/rdk7542/90219/b413910/webui-90219/source/Styles/xb3/code/troubleshooting_logs.php
2025-08-11 04:55:33,821 - Knowledge - INFO - persist search terms embedding for source/Styles/xb3/code/port_forwarding_edit.php
2025-08-11 04:55:33,353 - Knowledge - INFO - worker kw16 pull /app/data/rdk7542/90219/b413910/webui-90219/source/Styles/xb3/code/cmn/css/comcastPaginator.css from ingest queue
2025-08-11 04:55:33,983 - Knowledge - INFO - start ingest for /app/data/rdk7542/90219/b413910/webui-90219/source/Styles/xb3/code/cmn/css/highContrast.css
2025-08-11 04:55:34,278 - Knowledge - INFO - Thread kw16 - File comcastPaginator.css - Remaining files in queue: 80
2025-08-11 04:55:34,483 - Knowledge - INFO - start ingest for /app/data/rdk7542/90219/b413910/webui-90219/source/Styles/xb3/code/cmn/css/comcastPaginator.css
2025-08-11 04:55:34,571 - Knowledge - INFO - persist search terms embedding for source/Styles/xb3/code/mta_Line_Diagnostics.php
2025-08-11 04:55:34,707 - Knowledge - INFO - Found code-base-name: https://github.com/kavia-common/webui-90219.git:kavia-master
2025-08-11 04:55:34,710 - Knowledge - INFO - Found code-base-name: https://github.com/kavia-common/webui-90219.git:kavia-master
2025-08-11 04:55:34,806 - Knowledge - INFO - Found code_base: <app.utils.kg_build.knowledge.KnowledgeCodeBase object at 0x7fac6214f850>
2025-08-11 04:55:34,895 - Knowledge - INFO - Found code_base: <app.utils.kg_build.knowledge.KnowledgeCodeBase object at 0x7fac6214f850>
2025-08-11 04:55:35,015 - Knowledge - INFO - persist ingested knowledge for /app/data/rdk7542/90219/b413910/webui-90219/source/Styles/xb3/code/managed_devices_add_computer_allowed.php
2025-08-11 04:55:35,144 - Knowledge - INFO - persist ingested knowledge for /app/data/rdk7542/90219/b413910/webui-90219/source/Styles/xb3/code/managed_sites_add_site.php
2025-08-11 04:55:35,469 - Knowledge - INFO - persist search terms embedding for source/Styles/xb3/code/troubleshooting_logs.php
2025-08-11 04:55:35,632 - Knowledge - INFO - worker kw14 pull /app/data/rdk7542/90219/b413910/webui-90219/source/Styles/xb3/code/cmn/css/lib/vis-network.min.css from ingest queue
2025-08-11 04:55:35,759 - Knowledge - INFO - Thread kw14 - File vis-network.min.css - Remaining files in queue: 79
2025-08-11 04:55:35,881 - Knowledge - INFO - start ingest for /app/data/rdk7542/90219/b413910/webui-90219/source/Styles/xb3/code/cmn/css/lib/vis-network.min.css
2025-08-11 04:55:35,904 - Knowledge - INFO - done ingest for /app/data/rdk7542/90219/b413910/webui-90219/source/Styles/xb3/code/moca.php
2025-08-11 04:55:36,102 - Knowledge - INFO - process ingested knowledge for /app/data/rdk7542/90219/b413910/webui-90219/source/Styles/xb3/code/moca.php
2025-08-11 04:55:36,207 - Knowledge - INFO - persist search terms embedding for source/Styles/xb3/code/managed_sites_add_site.php
2025-08-11 04:55:36,693 - Knowledge - INFO - persist search terms embedding for source/Styles/xb3/code/managed_devices_add_computer_allowed.php
2025-08-11 04:55:36,823 - Knowledge - INFO - worker kw18 pull /app/data/rdk7542/90219/b413910/webui-90219/source/Styles/xb3/code/cmn/css/common-min.css from ingest queue
2025-08-11 04:55:36,823 - Knowledge - INFO - worker kw4 pull /app/data/rdk7542/90219/b413910/webui-90219/source/Styles/xb3/code/password_change.php from ingest queue
2025-08-11 04:55:36,824 - Knowledge - INFO - worker kw2 pull /app/data/rdk7542/90219/b413910/webui-90219/source/Styles/xb3/code/cmn/css/ie7-min.css from ingest queue
2025-08-11 04:55:36,824 - Knowledge - INFO - Found code-base-name: https://github.com/kavia-common/webui-90219.git:kavia-master
2025-08-11 04:55:36,825 - Knowledge - INFO - worker kw24 pull /app/data/rdk7542/90219/b413910/webui-90219/source/Styles/xb3/code/cmn/css/lib/reset-meyer-1.0.min.css from ingest queue
2025-08-11 04:55:36,921 - Knowledge - INFO - Thread kw18 - File common-min.css - Remaining files in queue: 75
2025-08-11 04:55:37,082 - Knowledge - INFO - Thread kw4 - File password_change.php - Remaining files in queue: 75
2025-08-11 04:55:37,220 - Knowledge - INFO - Thread kw2 - File ie7-min.css - Remaining files in queue: 75
2025-08-11 04:55:37,361 - Knowledge - INFO - Found code_base: <app.utils.kg_build.knowledge.KnowledgeCodeBase object at 0x7fac6214f850>
2025-08-11 04:55:38,095 - Knowledge - INFO - persist ingested knowledge for /app/data/rdk7542/90219/b413910/webui-90219/source/Styles/xb3/code/moca.php
2025-08-11 04:55:37,628 - Knowledge - INFO - start ingest for /app/data/rdk7542/90219/b413910/webui-90219/source/Styles/xb3/code/cmn/css/common-min.css
2025-08-11 04:55:37,827 - Knowledge - INFO - start ingest for /app/data/rdk7542/90219/b413910/webui-90219/source/Styles/xb3/code/password_change.php
2025-08-11 04:55:37,963 - Knowledge - INFO - start ingest for /app/data/rdk7542/90219/b413910/webui-90219/source/Styles/xb3/code/cmn/css/ie7-min.css
2025-08-11 04:55:37,494 - Knowledge - INFO - Thread kw24 - File reset-meyer-1.0.min.css - Remaining files in queue: 75
2025-08-11 04:55:38,227 - Knowledge - INFO - done ingest for /app/data/rdk7542/90219/b413910/webui-90219/source/Styles/xb3/code/voice_quality_metrics.php
2025-08-11 04:55:38,635 - Knowledge - INFO - start ingest for /app/data/rdk7542/90219/b413910/webui-90219/source/Styles/xb3/code/cmn/css/lib/reset-meyer-1.0.min.css
2025-08-11 04:55:38,747 - Knowledge - INFO - process ingested knowledge for /app/data/rdk7542/90219/b413910/webui-90219/source/Styles/xb3/code/voice_quality_metrics.php
2025-08-11 04:55:38,853 - Knowledge - INFO - persist search terms embedding for source/Styles/xb3/code/moca.php
2025-08-11 04:55:39,105 - Knowledge - INFO - done ingest for /app/data/rdk7542/90219/b413910/webui-90219/source/Styles/xb3/code/admin_password_change.php
2025-08-11 04:55:39,107 - Knowledge - INFO - Found code-base-name: https://github.com/kavia-common/webui-90219.git:kavia-master
2025-08-11 04:55:39,340 - Knowledge - INFO - Found code_base: <app.utils.kg_build.knowledge.KnowledgeCodeBase object at 0x7fac6214f850>
2025-08-11 04:55:39,432 - Knowledge - INFO - persist ingested knowledge for /app/data/rdk7542/90219/b413910/webui-90219/source/Styles/xb3/code/voice_quality_metrics.php
2025-08-11 04:55:39,109 - Knowledge - INFO - worker kw15 pull /app/data/rdk7542/90219/b413910/webui-90219/source/Styles/xb3/code/cmn/syndication/device_pause_screen/device_pause_screen_comcast.php from ingest queue
2025-08-11 04:55:39,228 - Knowledge - INFO - process ingested knowledge for /app/data/rdk7542/90219/b413910/webui-90219/source/Styles/xb3/code/admin_password_change.php
2025-08-11 04:55:39,658 - Knowledge - INFO - Thread kw15 - File device_pause_screen_comcast.php - Remaining files in queue: 74
2025-08-11 04:55:39,936 - Knowledge - INFO - start ingest for /app/data/rdk7542/90219/b413910/webui-90219/source/Styles/xb3/code/cmn/syndication/device_pause_screen/device_pause_screen_comcast.php
2025-08-11 04:55:40,190 - Knowledge - INFO - persist search terms embedding for source/Styles/xb3/code/voice_quality_metrics.php
2025-08-11 04:55:40,302 - Knowledge - INFO - Found code-base-name: https://github.com/kavia-common/webui-90219.git:kavia-master
2025-08-11 04:55:40,304 - Knowledge - INFO - worker kw10 pull /app/data/rdk7542/90219/b413910/webui-90219/source/Styles/xb3/code/cmn/css/lib/jquery.foldertree.css from ingest queue
2025-08-11 04:55:40,403 - Knowledge - INFO - Found code_base: <app.utils.kg_build.knowledge.KnowledgeCodeBase object at 0x7fac6214f850>
2025-08-11 04:55:40,500 - Knowledge - INFO - done ingest for /app/data/rdk7542/90219/b413910/webui-90219/source/Styles/xb3/code/cordless_handsets_add.php
2025-08-11 04:55:40,520 - Knowledge - INFO - Thread kw10 - File jquery.foldertree.css - Remaining files in queue: 73
2025-08-11 04:55:40,625 - Knowledge - INFO - persist ingested knowledge for /app/data/rdk7542/90219/b413910/webui-90219/source/Styles/xb3/code/admin_password_change.php
2025-08-11 04:55:40,740 - Knowledge - INFO - process ingested knowledge for /app/data/rdk7542/90219/b413910/webui-90219/source/Styles/xb3/code/cordless_handsets_add.php
2025-08-11 04:55:40,875 - Knowledge - INFO - start ingest for /app/data/rdk7542/90219/b413910/webui-90219/source/Styles/xb3/code/cmn/css/lib/jquery.foldertree.css
2025-08-11 04:55:42,108 - Knowledge - INFO - persist search terms embedding for source/Styles/xb3/code/admin_password_change.php
2025-08-11 04:55:42,257 - Knowledge - INFO - Found code-base-name: https://github.com/kavia-common/webui-90219.git:kavia-master
2025-08-11 04:55:42,265 - Knowledge - INFO - worker kw7 pull /app/data/rdk7542/90219/b413910/webui-90219/source/Styles/xb3/code/cmn/css/lib/jquery.radioswitch.css from ingest queue
2025-08-11 04:55:42,355 - Knowledge - INFO - Found code_base: <app.utils.kg_build.knowledge.KnowledgeCodeBase object at 0x7fac6214f850>
2025-08-11 04:55:42,444 - Knowledge - INFO - Thread kw7 - File jquery.radioswitch.css - Remaining files in queue: 72
2025-08-11 04:55:42,577 - Knowledge - INFO - persist ingested knowledge for /app/data/rdk7542/90219/b413910/webui-90219/source/Styles/xb3/code/cordless_handsets_add.php
2025-08-11 04:55:42,641 - Knowledge - INFO - done ingest for /app/data/rdk7542/90219/b413910/webui-90219/source/Styles/xb3/code/CSRF-Protector-PHP/libs/config.php
2025-08-11 04:55:42,669 - Knowledge - INFO - start ingest for /app/data/rdk7542/90219/b413910/webui-90219/source/Styles/xb3/code/cmn/css/lib/jquery.radioswitch.css
2025-08-11 04:55:42,965 - Knowledge - INFO - process ingested knowledge for /app/data/rdk7542/90219/b413910/webui-90219/source/Styles/xb3/code/CSRF-Protector-PHP/libs/config.php
2025-08-11 04:55:43,417 - Knowledge - INFO - done ingest for /app/data/rdk7542/90219/b413910/webui-90219/source/Styles/xb3/code/firewall_settings_ipv4.php
2025-08-11 04:55:43,549 - Knowledge - INFO - process ingested knowledge for /app/data/rdk7542/90219/b413910/webui-90219/source/Styles/xb3/code/firewall_settings_ipv4.php
2025-08-11 04:55:44,249 - Knowledge - INFO - done ingest for /app/data/rdk7542/90219/b413910/webui-90219/source/Styles/xb3/code/managed_services.php
2025-08-11 04:55:44,283 - Knowledge - INFO - persist search terms embedding for source/Styles/xb3/code/cordless_handsets_add.php
2025-08-11 04:55:44,353 - Knowledge - INFO - process ingested knowledge for /app/data/rdk7542/90219/b413910/webui-90219/source/Styles/xb3/code/managed_services.php
2025-08-11 04:55:44,560 - Knowledge - INFO - Found code-base-name: https://github.com/kavia-common/webui-90219.git:kavia-master
2025-08-11 04:55:44,624 - Knowledge - INFO - Found code-base-name: https://github.com/kavia-common/webui-90219.git:kavia-master
2025-08-11 04:55:44,626 - Knowledge - INFO - worker kw20 pull /app/data/rdk7542/90219/b413910/webui-90219/source/Styles/xb3/code/cmn/css/lib/reset-2.7.0.min.css from ingest queue
2025-08-11 04:55:44,755 - Knowledge - INFO - Found code-base-name: https://github.com/kavia-common/webui-90219.git:kavia-master
2025-08-11 04:55:44,920 - Knowledge - INFO - Found code_base: <app.utils.kg_build.knowledge.KnowledgeCodeBase object at 0x7fac6214f850>
2025-08-11 04:55:45,038 - Knowledge - INFO - Found code_base: <app.utils.kg_build.knowledge.KnowledgeCodeBase object at 0x7fac6214f850>
2025-08-11 04:55:45,125 - Knowledge - INFO - Thread kw20 - File reset-2.7.0.min.css - Remaining files in queue: 71
2025-08-11 04:55:45,249 - Knowledge - INFO - Found code_base: <app.utils.kg_build.knowledge.KnowledgeCodeBase object at 0x7fac6214f850>
2025-08-11 04:55:45,427 - Knowledge - INFO - persist ingested knowledge for /app/data/rdk7542/90219/b413910/webui-90219/source/Styles/xb3/code/CSRF-Protector-PHP/libs/config.php
2025-08-11 04:55:45,521 - Knowledge - INFO - persist ingested knowledge for /app/data/rdk7542/90219/b413910/webui-90219/source/Styles/xb3/code/firewall_settings_ipv4.php
2025-08-11 04:55:45,660 - Knowledge - INFO - start ingest for /app/data/rdk7542/90219/b413910/webui-90219/source/Styles/xb3/code/cmn/css/lib/reset-2.7.0.min.css
2025-08-11 04:55:45,800 - Knowledge - INFO - persist ingested knowledge for /app/data/rdk7542/90219/b413910/webui-90219/source/Styles/xb3/code/managed_services.php
2025-08-11 04:55:46,464 - Knowledge - INFO - done ingest for /app/data/rdk7542/90219/b413910/webui-90219/source/Styles/xb3/code/managed_sites_add_keyword.php
2025-08-11 04:55:46,583 - Knowledge - INFO - process ingested knowledge for /app/data/rdk7542/90219/b413910/webui-90219/source/Styles/xb3/code/managed_sites_add_keyword.php
2025-08-11 04:55:46,762 - Knowledge - INFO - persist search terms embedding for source/Styles/xb3/code/CSRF-Protector-PHP/libs/config.php
2025-08-11 04:55:47,720 - Knowledge - INFO - done ingest for /app/data/rdk7542/90219/b413910/webui-90219/source/Styles/xb3/code/DPoE.php
2025-08-11 04:55:47,736 - Knowledge - INFO - done ingest for /app/data/rdk7542/90219/b413910/webui-90219/source/Styles/xb3/code/cmn/css/print.css
2025-08-11 04:55:47,876 - Knowledge - INFO - process ingested knowledge for /app/data/rdk7542/90219/b413910/webui-90219/source/Styles/xb3/code/DPoE.php
2025-08-11 04:55:47,962 - Knowledge - INFO - process ingested knowledge for /app/data/rdk7542/90219/b413910/webui-90219/source/Styles/xb3/code/cmn/css/print.css
2025-08-11 04:55:48,026 - Knowledge - INFO - persist search terms embedding for source/Styles/xb3/code/firewall_settings_ipv4.php
2025-08-11 04:55:49,146 - Knowledge - INFO - done ingest for /app/data/rdk7542/90219/b413910/webui-90219/source/Styles/xb3/code/cmn/css/common.css
2025-08-11 04:55:49,313 - Knowledge - INFO - process ingested knowledge for /app/data/rdk7542/90219/b413910/webui-90219/source/Styles/xb3/code/cmn/css/common.css
2025-08-11 04:55:49,333 - Knowledge - INFO - persist search terms embedding for source/Styles/xb3/code/managed_services.php
2025-08-11 04:55:49,694 - Knowledge - INFO - Found code-base-name: https://github.com/kavia-common/webui-90219.git:kavia-master
2025-08-11 04:55:49,749 - Knowledge - INFO - worker kw9 pull /app/data/rdk7542/90219/b413910/webui-90219/source/Styles/xb3/code/cmn/css/styles.css from ingest queue
2025-08-11 04:55:49,765 - Knowledge - INFO - Found code-base-name: https://github.com/kavia-common/webui-90219.git:kavia-master
2025-08-11 04:55:49,785 - Knowledge - INFO - worker kw1 pull /app/data/rdk7542/90219/b413910/webui-90219/source/Styles/xb3/code/cmn/syndication/img/captiveportal_xfinity_logo_svg.php from ingest queue
2025-08-11 04:55:49,802 - Knowledge - INFO - Found code-base-name: https://github.com/kavia-common/webui-90219.git:kavia-master
2025-08-11 04:55:49,805 - Knowledge - INFO - Found code-base-name: https://github.com/kavia-common/webui-90219.git:kavia-master
2025-08-11 04:55:49,806 - Knowledge - INFO - worker kw13 pull /app/data/rdk7542/90219/b413910/webui-90219/source/Styles/xb3/code/cmn/syndication/device_pause_screen/device_pause_screen_default.php from ingest queue
2025-08-11 04:55:49,898 - Knowledge - INFO - Found code_base: <app.utils.kg_build.knowledge.KnowledgeCodeBase object at 0x7fac6214f850>
2025-08-11 04:55:50,063 - Knowledge - INFO - Thread kw9 - File styles.css - Remaining files in queue: 68
2025-08-11 04:55:50,247 - Knowledge - INFO - Found code_base: <app.utils.kg_build.knowledge.KnowledgeCodeBase object at 0x7fac6214f850>
2025-08-11 04:55:50,407 - Knowledge - INFO - Thread kw1 - File captiveportal_xfinity_logo_svg.php - Remaining files in queue: 68
2025-08-11 04:55:50,617 - Knowledge - INFO - Found code_base: <app.utils.kg_build.knowledge.KnowledgeCodeBase object at 0x7fac6214f850>
2025-08-11 04:55:50,824 - Knowledge - INFO - Found code_base: <app.utils.kg_build.knowledge.KnowledgeCodeBase object at 0x7fac6214f850>
2025-08-11 04:55:51,022 - Knowledge - INFO - Thread kw13 - File device_pause_screen_default.php - Remaining files in queue: 68
2025-08-11 04:55:51,188 - Knowledge - INFO - persist ingested knowledge for /app/data/rdk7542/90219/b413910/webui-90219/source/Styles/xb3/code/managed_sites_add_keyword.php
2025-08-11 04:55:51,303 - Knowledge - INFO - start ingest for /app/data/rdk7542/90219/b413910/webui-90219/source/Styles/xb3/code/cmn/css/styles.css
2025-08-11 04:55:51,465 - Knowledge - INFO - persist ingested knowledge for /app/data/rdk7542/90219/b413910/webui-90219/source/Styles/xb3/code/DPoE.php
2025-08-11 04:55:51,516 - Knowledge - INFO - done ingest for /app/data/rdk7542/90219/b413910/webui-90219/source/Styles/xb3/code/routing.php
2025-08-11 04:55:51,601 - Knowledge - INFO - start ingest for /app/data/rdk7542/90219/b413910/webui-90219/source/Styles/xb3/code/cmn/syndication/img/captiveportal_xfinity_logo_svg.php
2025-08-11 04:55:51,698 - Knowledge - INFO - persist ingested knowledge for /app/data/rdk7542/90219/b413910/webui-90219/source/Styles/xb3/code/cmn/css/common.css
2025-08-11 04:55:51,848 - Knowledge - INFO - persist ingested knowledge for /app/data/rdk7542/90219/b413910/webui-90219/source/Styles/xb3/code/cmn/css/print.css
2025-08-11 04:55:51,942 - Knowledge - INFO - start ingest for /app/data/rdk7542/90219/b413910/webui-90219/source/Styles/xb3/code/cmn/syndication/device_pause_screen/device_pause_screen_default.php
2025-08-11 04:55:52,026 - Knowledge - INFO - done ingest for /app/data/rdk7542/90219/b413910/webui-90219/source/Styles/xb3/code/managed_services_add.php
2025-08-11 04:55:52,863 - Knowledge - INFO - process ingested knowledge for /app/data/rdk7542/90219/b413910/webui-90219/source/Styles/xb3/code/managed_services_add.php
2025-08-11 04:55:52,702 - Knowledge - INFO - persist search terms embedding for source/Styles/xb3/code/managed_sites_add_keyword.php
2025-08-11 04:55:52,315 - Knowledge - INFO - process ingested knowledge for /app/data/rdk7542/90219/b413910/webui-90219/source/Styles/xb3/code/routing.php
2025-08-11 04:55:53,434 - Knowledge - INFO - persist search terms embedding for source/Styles/xb3/code/DPoE.php
2025-08-11 04:55:53,737 - Knowledge - INFO - worker kw22 pull /app/data/rdk7542/90219/b413910/webui-90219/source/Styles/xb3/code/cmn/js/lib/jquery.virtualDialog.js from ingest queue
2025-08-11 04:55:53,738 - Knowledge - INFO - worker kw6 pull /app/data/rdk7542/90219/b413910/webui-90219/source/Styles/xb3/code/cmn/js/gateway.js from ingest queue
2025-08-11 04:55:53,738 - Knowledge - INFO - worker kw11 pull /app/data/rdk7542/90219/b413910/webui-90219/source/Styles/xb3/code/cmn/js/lib/jquery.radioswitch.js from ingest queue
2025-08-11 04:55:53,739 - Knowledge - INFO - Found code-base-name: https://github.com/kavia-common/webui-90219.git:kavia-master
2025-08-11 04:55:54,167 - Knowledge - INFO - Found code_base: <app.utils.kg_build.knowledge.KnowledgeCodeBase object at 0x7fac6214f850>
2025-08-11 04:55:53,739 - Knowledge - INFO - Found code-base-name: https://github.com/kavia-common/webui-90219.git:kavia-master
2025-08-11 04:55:53,833 - Knowledge - INFO - Thread kw22 - File jquery.virtualDialog.js - Remaining files in queue: 64
2025-08-11 04:55:53,963 - Knowledge - INFO - Thread kw6 - File gateway.js - Remaining files in queue: 64
2025-08-11 04:55:54,062 - Knowledge - INFO - Thread kw11 - File jquery.radioswitch.js - Remaining files in queue: 64
2025-08-11 04:55:53,739 - Knowledge - INFO - worker kw19 pull /app/data/rdk7542/90219/b413910/webui-90219/source/Styles/xb3/code/cmn/js/lib/jquery.highContrastDetect.js from ingest queue
2025-08-11 04:55:54,282 - Knowledge - INFO - persist ingested knowledge for /app/data/rdk7542/90219/b413910/webui-90219/source/Styles/xb3/code/routing.php
2025-08-11 04:55:54,372 - Knowledge - INFO - Found code_base: <app.utils.kg_build.knowledge.KnowledgeCodeBase object at 0x7fac6214f850>
2025-08-11 04:55:54,489 - Knowledge - INFO - start ingest for /app/data/rdk7542/90219/b413910/webui-90219/source/Styles/xb3/code/cmn/js/lib/jquery.virtualDialog.js
2025-08-11 04:55:54,583 - Knowledge - INFO - start ingest for /app/data/rdk7542/90219/b413910/webui-90219/source/Styles/xb3/code/cmn/js/gateway.js
2025-08-11 04:55:54,690 - Knowledge - INFO - start ingest for /app/data/rdk7542/90219/b413910/webui-90219/source/Styles/xb3/code/cmn/js/lib/jquery.radioswitch.js
2025-08-11 04:55:54,861 - Knowledge - INFO - Thread kw19 - File jquery.highContrastDetect.js - Remaining files in queue: 64
2025-08-11 04:55:54,868 - Knowledge - INFO - done ingest for /app/data/rdk7542/90219/b413910/webui-90219/source/Styles/xb3/code/cmn/css/ie6-min.css
2025-08-11 04:55:55,137 - Knowledge - INFO - persist ingested knowledge for /app/data/rdk7542/90219/b413910/webui-90219/source/Styles/xb3/code/managed_services_add.php
2025-08-11 04:55:55,641 - Knowledge - INFO - done ingest for /app/data/rdk7542/90219/b413910/webui-90219/source/Styles/xb3/code/index_pcontrol.php
2025-08-11 04:55:55,689 - Knowledge - INFO - persist search terms embedding for source/Styles/xb3/code/routing.php
2025-08-11 04:55:55,707 - Knowledge - INFO - start ingest for /app/data/rdk7542/90219/b413910/webui-90219/source/Styles/xb3/code/cmn/js/lib/jquery.highContrastDetect.js
2025-08-11 04:55:55,811 - Knowledge - INFO - process ingested knowledge for /app/data/rdk7542/90219/b413910/webui-90219/source/Styles/xb3/code/cmn/css/ie6-min.css
2025-08-11 04:55:56,026 - Knowledge - INFO - process ingested knowledge for /app/data/rdk7542/90219/b413910/webui-90219/source/Styles/xb3/code/index_pcontrol.php
2025-08-11 04:55:56,117 - Knowledge - INFO - done ingest for /app/data/rdk7542/90219/b413910/webui-90219/source/Styles/xb3/code/cmn/css/ie7.css
2025-08-11 04:55:56,553 - Knowledge - INFO - process ingested knowledge for /app/data/rdk7542/90219/b413910/webui-90219/source/Styles/xb3/code/cmn/css/ie7.css
2025-08-11 04:55:56,642 - Knowledge - INFO - done ingest for /app/data/rdk7542/90219/b413910/webui-90219/source/Styles/xb3/code/cmn/css/comcastPaginator.css
2025-08-11 04:55:56,659 - Knowledge - INFO - persist search terms embedding for source/Styles/xb3/code/managed_services_add.php
2025-08-11 04:55:56,732 - Knowledge - INFO - process ingested knowledge for /app/data/rdk7542/90219/b413910/webui-90219/source/Styles/xb3/code/cmn/css/comcastPaginator.css
2025-08-11 04:55:56,861 - Knowledge - INFO - worker kw5 pull /app/data/rdk7542/90219/b413910/webui-90219/source/Styles/xb3/code/cmn/js/lib/jquery-migrate-1.2.1.js from ingest queue
2025-08-11 04:55:56,862 - Knowledge - INFO - Found code-base-name: https://github.com/kavia-common/webui-90219.git:kavia-master
2025-08-11 04:55:57,286 - Knowledge - INFO - Found code_base: <app.utils.kg_build.knowledge.KnowledgeCodeBase object at 0x7fac6214f850>
2025-08-11 04:55:56,878 - Knowledge - INFO - worker kw3 pull /app/data/rdk7542/90219/b413910/webui-90219/source/Styles/xb3/code/cmn/js/lib/vis-network.min.js from ingest queue
2025-08-11 04:55:57,486 - Knowledge - INFO - Thread kw3 - File vis-network.min.js - Remaining files in queue: 62
2025-08-11 04:55:57,022 - Knowledge - INFO - Found code-base-name: https://github.com/kavia-common/webui-90219.git:kavia-master
2025-08-11 04:55:57,152 - Knowledge - INFO - Thread kw5 - File jquery-migrate-1.2.1.js - Remaining files in queue: 62
2025-08-11 04:55:57,177 - Knowledge - INFO - done ingest for /app/data/rdk7542/90219/b413910/webui-90219/source/Styles/xb3/code/cmn/css/global.css
2025-08-11 04:55:57,928 - Knowledge - INFO - process ingested knowledge for /app/data/rdk7542/90219/b413910/webui-90219/source/Styles/xb3/code/cmn/css/global.css
2025-08-11 04:55:57,406 - Knowledge - INFO - persist ingested knowledge for /app/data/rdk7542/90219/b413910/webui-90219/source/Styles/xb3/code/index_pcontrol.php
2025-08-11 04:55:56,884 - Knowledge - INFO - Found code-base-name: https://github.com/kavia-common/webui-90219.git:kavia-master
2025-08-11 04:55:57,610 - Knowledge - INFO - start ingest for /app/data/rdk7542/90219/b413910/webui-90219/source/Styles/xb3/code/cmn/js/lib/vis-network.min.js
2025-08-11 04:55:57,706 - Knowledge - INFO - Found code_base: <app.utils.kg_build.knowledge.KnowledgeCodeBase object at 0x7fac6214f850>
2025-08-11 04:55:57,825 - Knowledge - INFO - start ingest for /app/data/rdk7542/90219/b413910/webui-90219/source/Styles/xb3/code/cmn/js/lib/jquery-migrate-1.2.1.js
2025-08-11 04:55:56,876 - Knowledge - INFO - Found code-base-name: https://github.com/kavia-common/webui-90219.git:kavia-master
2025-08-11 04:55:58,602 - Knowledge - INFO - Found code_base: <app.utils.kg_build.knowledge.KnowledgeCodeBase object at 0x7fac6214f850>
2025-08-11 04:55:58,216 - Knowledge - INFO - Found code_base: <app.utils.kg_build.knowledge.KnowledgeCodeBase object at 0x7fac6214f850>
2025-08-11 04:55:58,346 - Knowledge - INFO - done ingest for /app/data/rdk7542/90219/b413910/webui-90219/source/Styles/xb3/code/cmn/css/highContrast.css
2025-08-11 04:55:58,434 - Knowledge - INFO - persist ingested knowledge for /app/data/rdk7542/90219/b413910/webui-90219/source/Styles/xb3/code/cmn/css/comcastPaginator.css
2025-08-11 04:55:58,042 - Knowledge - INFO - Found code-base-name: https://github.com/kavia-common/webui-90219.git:kavia-master
2025-08-11 04:55:59,122 - Knowledge - INFO - Found code_base: <app.utils.kg_build.knowledge.KnowledgeCodeBase object at 0x7fac6214f850>
2025-08-11 04:55:58,798 - Knowledge - INFO - persist ingested knowledge for /app/data/rdk7542/90219/b413910/webui-90219/source/Styles/xb3/code/cmn/css/ie6-min.css
2025-08-11 04:55:58,919 - Knowledge - INFO - process ingested knowledge for /app/data/rdk7542/90219/b413910/webui-90219/source/Styles/xb3/code/cmn/css/highContrast.css
2025-08-11 04:55:59,058 - Knowledge - INFO - persist search terms embedding for source/Styles/xb3/code/index_pcontrol.php
2025-08-11 04:55:58,717 - Knowledge - INFO - persist ingested knowledge for /app/data/rdk7542/90219/b413910/webui-90219/source/Styles/xb3/code/cmn/css/ie7.css
2025-08-11 04:55:59,254 - Knowledge - INFO - persist ingested knowledge for /app/data/rdk7542/90219/b413910/webui-90219/source/Styles/xb3/code/cmn/css/global.css
2025-08-11 04:55:59,445 - Knowledge - INFO - done ingest for /app/data/rdk7542/90219/b413910/webui-90219/source/Styles/xb3/code/cmn/css/lib/vis-network.min.css
2025-08-11 04:55:59,825 - Knowledge - INFO - Found code-base-name: https://github.com/kavia-common/webui-90219.git:kavia-master
2025-08-11 04:55:59,825 - Knowledge - INFO - worker kw23 pull /app/data/rdk7542/90219/b413910/webui-90219/source/Styles/xb3/code/cmn/css/ie6.css from ingest queue
2025-08-11 04:55:59,828 - Knowledge - INFO - process ingested knowledge for /app/data/rdk7542/90219/b413910/webui-90219/source/Styles/xb3/code/cmn/css/lib/vis-network.min.css
2025-08-11 04:55:59,907 - Knowledge - INFO - Found code_base: <app.utils.kg_build.knowledge.KnowledgeCodeBase object at 0x7fac6214f850>
2025-08-11 04:56:00,009 - Knowledge - INFO - Thread kw23 - File ie6.css - Remaining files in queue: 61
2025-08-11 04:56:00,361 - Knowledge - INFO - start ingest for /app/data/rdk7542/90219/b413910/webui-90219/source/Styles/xb3/code/cmn/css/ie6.css
2025-08-11 04:56:00,243 - Knowledge - INFO - persist ingested knowledge for /app/data/rdk7542/90219/b413910/webui-90219/source/Styles/xb3/code/cmn/css/highContrast.css
2025-08-11 04:56:00,441 - Knowledge - INFO - persist search terms embedding for source/Styles/xb3/code/cmn/css/global.css
2025-08-11 04:56:00,639 - Knowledge - INFO - worker kw16 pull /app/data/rdk7542/90219/b413910/webui-90219/source/Styles/xb3/code/cmn/js/lib/jquery.alerts.js from ingest queue
2025-08-11 04:56:00,639 - Knowledge - INFO - worker kw17 pull /app/data/rdk7542/90219/b413910/webui-90219/source/Styles/xb3/code/cmn/js/lib/jquery-simple-pagination-plugin.js from ingest queue
2025-08-11 04:56:00,641 - Knowledge - INFO - Found code-base-name: https://github.com/kavia-common/webui-90219.git:kavia-master
2025-08-11 04:56:00,641 - Knowledge - INFO - worker kw12 pull /app/data/rdk7542/90219/b413910/webui-90219/source/Styles/xb3/code/cmn/js/lib/jquery.validate.js from ingest queue
2025-08-11 04:56:00,753 - Knowledge - INFO - Thread kw16 - File jquery.alerts.js - Remaining files in queue: 58
2025-08-11 04:56:00,807 - Knowledge - INFO - worker kw25 pull /app/data/rdk7542/90219/b413910/webui-90219/source/Styles/xb3/code/cmn/js/lib/jquery.foldertree.js from ingest queue
2025-08-11 04:56:00,807 - Knowledge - INFO - worker kw21 pull /app/data/rdk7542/90219/b413910/webui-90219/source/Styles/xb3/code/cmn/js/lib/jquery-1.9.1.js from ingest queue
2025-08-11 04:56:00,854 - Knowledge - INFO - Thread kw17 - File jquery-simple-pagination-plugin.js - Remaining files in queue: 56
2025-08-11 04:56:00,969 - Knowledge - INFO - Found code_base: <app.utils.kg_build.knowledge.KnowledgeCodeBase object at 0x7fac6214f850>
2025-08-11 04:56:01,106 - Knowledge - INFO - Thread kw12 - File jquery.validate.js - Remaining files in queue: 56
2025-08-11 04:56:01,192 - Knowledge - INFO - start ingest for /app/data/rdk7542/90219/b413910/webui-90219/source/Styles/xb3/code/cmn/js/lib/jquery.alerts.js
2025-08-11 04:56:01,290 - Knowledge - INFO - Thread kw25 - File jquery.foldertree.js - Remaining files in queue: 56
2025-08-11 04:56:01,377 - Knowledge - INFO - Thread kw21 - File jquery-1.9.1.js - Remaining files in queue: 56
2025-08-11 04:56:01,451 - Knowledge - INFO - start ingest for /app/data/rdk7542/90219/b413910/webui-90219/source/Styles/xb3/code/cmn/js/lib/jquery-simple-pagination-plugin.js
2025-08-11 04:56:01,558 - Knowledge - INFO - persist ingested knowledge for /app/data/rdk7542/90219/b413910/webui-90219/source/Styles/xb3/code/cmn/css/lib/vis-network.min.css
2025-08-11 04:56:01,668 - Knowledge - INFO - start ingest for /app/data/rdk7542/90219/b413910/webui-90219/source/Styles/xb3/code/cmn/js/lib/jquery.validate.js
2025-08-11 04:56:01,746 - Knowledge - INFO - done ingest for /app/data/rdk7542/90219/b413910/webui-90219/source/Styles/xb3/code/cmn/css/common-min.css
2025-08-11 04:56:01,938 - Knowledge - INFO - start ingest for /app/data/rdk7542/90219/b413910/webui-90219/source/Styles/xb3/code/cmn/js/lib/jquery.foldertree.js
2025-08-11 04:56:02,059 - Knowledge - INFO - start ingest for /app/data/rdk7542/90219/b413910/webui-90219/source/Styles/xb3/code/cmn/js/lib/jquery-1.9.1.js
2025-08-11 04:56:02,378 - Knowledge - INFO - done ingest for /app/data/rdk7542/90219/b413910/webui-90219/source/Styles/xb3/code/cmn/css/ie7-min.css
2025-08-11 04:56:02,921 - Knowledge - INFO - process ingested knowledge for /app/data/rdk7542/90219/b413910/webui-90219/source/Styles/xb3/code/cmn/css/ie7-min.css
2025-08-11 04:56:02,617 - Knowledge - INFO - process ingested knowledge for /app/data/rdk7542/90219/b413910/webui-90219/source/Styles/xb3/code/cmn/css/common-min.css
2025-08-11 04:56:03,029 - Knowledge - INFO - persist search terms embedding for source/Styles/xb3/code/cmn/css/lib/vis-network.min.css
2025-08-11 04:56:03,221 - Knowledge - INFO - done ingest for /app/data/rdk7542/90219/b413910/webui-90219/source/Styles/xb3/code/password_change.php
2025-08-11 04:56:03,312 - Knowledge - INFO - Found code-base-name: https://github.com/kavia-common/webui-90219.git:kavia-master
2025-08-11 04:56:03,312 - Knowledge - INFO - Found code-base-name: https://github.com/kavia-common/webui-90219.git:kavia-master
2025-08-11 04:56:03,312 - Knowledge - INFO - worker kw14 pull /app/data/rdk7542/90219/b413910/webui-90219/source/Styles/xb3/code/cmn/js/utilityFunctions.js from ingest queue
2025-08-11 04:56:03,403 - Knowledge - INFO - process ingested knowledge for /app/data/rdk7542/90219/b413910/webui-90219/source/Styles/xb3/code/password_change.php
2025-08-11 04:56:03,526 - Knowledge - INFO - Found code_base: <app.utils.kg_build.knowledge.KnowledgeCodeBase object at 0x7fac6214f850>
2025-08-11 04:56:03,626 - Knowledge - INFO - Found code_base: <app.utils.kg_build.knowledge.KnowledgeCodeBase object at 0x7fac6214f850>
2025-08-11 04:56:03,722 - Knowledge - INFO - Thread kw14 - File utilityFunctions.js - Remaining files in queue: 55
2025-08-11 04:56:03,802 - Knowledge - INFO - Found code-base-name: https://github.com/kavia-common/webui-90219.git:kavia-master
2025-08-11 04:56:04,191 - Knowledge - INFO - Found code_base: <app.utils.kg_build.knowledge.KnowledgeCodeBase object at 0x7fac6214f850>
2025-08-11 04:56:04,274 - Knowledge - INFO - persist ingested knowledge for /app/data/rdk7542/90219/b413910/webui-90219/source/Styles/xb3/code/password_change.php
2025-08-11 04:56:04,096 - Knowledge - INFO - start ingest for /app/data/rdk7542/90219/b413910/webui-90219/source/Styles/xb3/code/cmn/js/utilityFunctions.js
2025-08-11 04:56:03,908 - Knowledge - INFO - persist ingested knowledge for /app/data/rdk7542/90219/b413910/webui-90219/source/Styles/xb3/code/cmn/css/ie7-min.css
2025-08-11 04:56:03,998 - Knowledge - INFO - persist ingested knowledge for /app/data/rdk7542/90219/b413910/webui-90219/source/Styles/xb3/code/cmn/css/common-min.css
2025-08-11 04:56:04,289 - Knowledge - INFO - done ingest for /app/data/rdk7542/90219/b413910/webui-90219/source/Styles/xb3/code/cmn/css/lib/reset-meyer-1.0.min.css
2025-08-11 04:56:04,752 - Knowledge - INFO - process ingested knowledge for /app/data/rdk7542/90219/b413910/webui-90219/source/Styles/xb3/code/cmn/css/lib/reset-meyer-1.0.min.css
2025-08-11 04:56:04,788 - Knowledge - INFO - persist search terms embedding for source/Styles/xb3/code/password_change.php
2025-08-11 04:56:05,275 - Knowledge - INFO - Found code-base-name: https://github.com/kavia-common/webui-90219.git:kavia-master
2025-08-11 04:56:05,276 - Knowledge - INFO - worker kw4 pull /app/data/rdk7542/90219/b413910/webui-90219/source/Styles/xb3/code/cmn/js/lib/jquery.alerts.progress.js from ingest queue
2025-08-11 04:56:05,291 - Knowledge - INFO - worker kw2 pull /app/data/rdk7542/90219/b413910/webui-90219/source/Styles/xb3/code/cmn/js/lib/jquery.ciscoExt.js from ingest queue
2025-08-11 04:56:05,294 - Knowledge - INFO - worker kw18 pull /app/data/rdk7542/90219/b413910/webui-90219/source/Styles/xb3/code/cordless_handsets.php from ingest queue
2025-08-11 04:56:05,385 - Knowledge - INFO - Found code_base: <app.utils.kg_build.knowledge.KnowledgeCodeBase object at 0x7fac6214f850>
2025-08-11 04:56:05,874 - Knowledge - INFO - persist ingested knowledge for /app/data/rdk7542/90219/b413910/webui-90219/source/Styles/xb3/code/cmn/css/lib/reset-meyer-1.0.min.css
2025-08-11 04:56:05,618 - Knowledge - INFO - Thread kw2 - File jquery.ciscoExt.js - Remaining files in queue: 52
2025-08-11 04:56:05,742 - Knowledge - INFO - Thread kw18 - File cordless_handsets.php - Remaining files in queue: 52
2025-08-11 04:56:05,496 - Knowledge - INFO - Thread kw4 - File jquery.alerts.progress.js - Remaining files in queue: 52
2025-08-11 04:56:05,905 - Knowledge - INFO - done ingest for /app/data/rdk7542/90219/b413910/webui-90219/source/Styles/xb3/code/cmn/syndication/device_pause_screen/device_pause_screen_comcast.php
2025-08-11 04:56:05,970 - Knowledge - INFO - done ingest for /app/data/rdk7542/90219/b413910/webui-90219/source/Styles/xb3/code/cmn/css/lib/jquery.foldertree.css
2025-08-11 04:56:06,458 - Knowledge - INFO - process ingested knowledge for /app/data/rdk7542/90219/b413910/webui-90219/source/Styles/xb3/code/cmn/css/lib/jquery.foldertree.css
2025-08-11 04:56:06,120 - Knowledge - INFO - worker kw24 pull /app/data/rdk7542/90219/b413910/webui-90219/source/Styles/xb3/code/lan.php from ingest queue
2025-08-11 04:56:06,178 - Knowledge - INFO - start ingest for /app/data/rdk7542/90219/b413910/webui-90219/source/Styles/xb3/code/cordless_handsets.php
2025-08-11 04:56:06,268 - Knowledge - INFO - start ingest for /app/data/rdk7542/90219/b413910/webui-90219/source/Styles/xb3/code/cmn/js/lib/jquery.alerts.progress.js
2025-08-11 04:56:06,384 - Knowledge - INFO - process ingested knowledge for /app/data/rdk7542/90219/b413910/webui-90219/source/Styles/xb3/code/cmn/syndication/device_pause_screen/device_pause_screen_comcast.php
2025-08-11 04:56:06,096 - Knowledge - INFO - start ingest for /app/data/rdk7542/90219/b413910/webui-90219/source/Styles/xb3/code/cmn/js/lib/jquery.ciscoExt.js
2025-08-11 04:56:06,546 - Knowledge - INFO - Found code-base-name: https://github.com/kavia-common/webui-90219.git:kavia-master
2025-08-11 04:56:06,647 - Knowledge - INFO - Thread kw24 - File lan.php - Remaining files in queue: 51
2025-08-11 04:56:06,927 - Knowledge - INFO - Found code-base-name: https://github.com/kavia-common/webui-90219.git:kavia-master
2025-08-11 04:56:07,094 - Knowledge - INFO - Found code_base: <app.utils.kg_build.knowledge.KnowledgeCodeBase object at 0x7fac6214f850>
2025-08-11 04:56:07,176 - Knowledge - INFO - start ingest for /app/data/rdk7542/90219/b413910/webui-90219/source/Styles/xb3/code/lan.php
2025-08-11 04:56:07,286 - Knowledge - INFO - Found code_base: <app.utils.kg_build.knowledge.KnowledgeCodeBase object at 0x7fac6214f850>
2025-08-11 04:56:07,404 - Knowledge - INFO - persist ingested knowledge for /app/data/rdk7542/90219/b413910/webui-90219/source/Styles/xb3/code/cmn/css/lib/jquery.foldertree.css
2025-08-11 04:56:07,648 - Knowledge - INFO - persist ingested knowledge for /app/data/rdk7542/90219/b413910/webui-90219/source/Styles/xb3/code/cmn/syndication/device_pause_screen/device_pause_screen_comcast.php
2025-08-11 04:56:07,840 - Knowledge - INFO - done ingest for /app/data/rdk7542/90219/b413910/webui-90219/source/Styles/xb3/code/cmn/css/lib/jquery.radioswitch.css
2025-08-11 04:56:07,983 - Knowledge - INFO - process ingested knowledge for /app/data/rdk7542/90219/b413910/webui-90219/source/Styles/xb3/code/cmn/css/lib/jquery.radioswitch.css
2025-08-11 04:56:08,542 - Knowledge - INFO - persist search terms embedding for source/Styles/xb3/code/cmn/syndication/device_pause_screen/device_pause_screen_comcast.php
2025-08-11 04:56:08,638 - Knowledge - INFO - worker kw10 pull /app/data/rdk7542/90219/b413910/webui-90219/source/Styles/xb3/code/trigger_download.php from ingest queue
2025-08-11 04:56:08,638 - Knowledge - INFO - Found code-base-name: https://github.com/kavia-common/webui-90219.git:kavia-master
2025-08-11 04:56:08,638 - Knowledge - INFO - worker kw15 pull /app/data/rdk7542/90219/b413910/webui-90219/source/Styles/xb3/code/port_triggering_edit.php from ingest queue
2025-08-11 04:56:08,743 - Knowledge - INFO - Thread kw10 - File trigger_download.php - Remaining files in queue: 49
2025-08-11 04:56:08,870 - Knowledge - INFO - Found code_base: <app.utils.kg_build.knowledge.KnowledgeCodeBase object at 0x7fac6214f850>
2025-08-11 04:56:08,946 - Knowledge - INFO - Thread kw15 - File port_triggering_edit.php - Remaining files in queue: 49
2025-08-11 04:56:09,036 - Knowledge - INFO - start ingest for /app/data/rdk7542/90219/b413910/webui-90219/source/Styles/xb3/code/trigger_download.php
2025-08-11 04:56:09,114 - Knowledge - INFO - persist ingested knowledge for /app/data/rdk7542/90219/b413910/webui-90219/source/Styles/xb3/code/cmn/css/lib/jquery.radioswitch.css
2025-08-11 04:56:09,226 - Knowledge - INFO - start ingest for /app/data/rdk7542/90219/b413910/webui-90219/source/Styles/xb3/code/port_triggering_edit.php
2025-08-11 04:56:09,680 - Knowledge - INFO - done ingest for /app/data/rdk7542/90219/b413910/webui-90219/source/Styles/xb3/code/cmn/syndication/device_pause_screen/device_pause_screen_default.php
2025-08-11 04:56:09,783 - Knowledge - INFO - process ingested knowledge for /app/data/rdk7542/90219/b413910/webui-90219/source/Styles/xb3/code/cmn/syndication/device_pause_screen/device_pause_screen_default.php
2025-08-11 04:56:09,998 - Knowledge - INFO - done ingest for /app/data/rdk7542/90219/b413910/webui-90219/source/Styles/xb3/code/cmn/css/lib/reset-2.7.0.min.css
2025-08-11 04:56:10,062 - Knowledge - INFO - persist search terms embedding for source/Styles/xb3/code/cmn/css/lib/jquery.radioswitch.css
2025-08-11 04:56:10,096 - Knowledge - INFO - process ingested knowledge for /app/data/rdk7542/90219/b413910/webui-90219/source/Styles/xb3/code/cmn/css/lib/reset-2.7.0.min.css
2025-08-11 04:56:10,210 - Knowledge - INFO - Found code-base-name: https://github.com/kavia-common/webui-90219.git:kavia-master
2025-08-11 04:56:10,211 - Knowledge - INFO - worker kw7 pull /app/data/rdk7542/90219/b413910/webui-90219/source/Styles/xb3/code/managed_devices_add_computer_blocked.php from ingest queue
2025-08-11 04:56:10,301 - Knowledge - INFO - Found code-base-name: https://github.com/kavia-common/webui-90219.git:kavia-master
2025-08-11 04:56:10,406 - Knowledge - INFO - Found code_base: <app.utils.kg_build.knowledge.KnowledgeCodeBase object at 0x7fac6214f850>
2025-08-11 04:56:10,563 - Knowledge - INFO - Thread kw7 - File managed_devices_add_computer_blocked.php - Remaining files in queue: 48
2025-08-11 04:56:10,652 - Knowledge - INFO - Found code_base: <app.utils.kg_build.knowledge.KnowledgeCodeBase object at 0x7fac6214f850>
2025-08-11 04:56:10,793 - Knowledge - INFO - persist ingested knowledge for /app/data/rdk7542/90219/b413910/webui-90219/source/Styles/xb3/code/cmn/syndication/device_pause_screen/device_pause_screen_default.php
2025-08-11 04:56:10,859 - Knowledge - INFO - done ingest for /app/data/rdk7542/90219/b413910/webui-90219/source/Styles/xb3/code/cmn/css/styles.css
2025-08-11 04:56:10,965 - Knowledge - INFO - start ingest for /app/data/rdk7542/90219/b413910/webui-90219/source/Styles/xb3/code/managed_devices_add_computer_blocked.php
2025-08-11 04:56:11,094 - Knowledge - INFO - persist ingested knowledge for /app/data/rdk7542/90219/b413910/webui-90219/source/Styles/xb3/code/cmn/css/lib/reset-2.7.0.min.css
2025-08-11 04:56:11,327 - Knowledge - INFO - process ingested knowledge for /app/data/rdk7542/90219/b413910/webui-90219/source/Styles/xb3/code/cmn/css/styles.css
2025-08-11 04:56:11,929 - Knowledge - INFO - worker kw13 pull /app/data/rdk7542/90219/b413910/webui-90219/source/Styles/xb3/code/remote_management.php from ingest queue
2025-08-11 04:56:11,932 - Knowledge - INFO - Found code-base-name: https://github.com/kavia-common/webui-90219.git:kavia-master
2025-08-11 04:56:11,943 - Knowledge - INFO - worker kw20 pull /app/data/rdk7542/90219/b413910/webui-90219/source/Styles/xb3/code/network_storage_edit.php from ingest queue
2025-08-11 04:56:12,039 - Knowledge - INFO - Thread kw13 - File remote_management.php - Remaining files in queue: 46
2025-08-11 04:56:12,160 - Knowledge - INFO - Found code_base: <app.utils.kg_build.knowledge.KnowledgeCodeBase object at 0x7fac6214f850>
2025-08-11 04:56:12,267 - Knowledge - INFO - Thread kw20 - File network_storage_edit.php - Remaining files in queue: 46
2025-08-11 04:56:12,347 - Knowledge - INFO - done ingest for /app/data/rdk7542/90219/b413910/webui-90219/source/Styles/xb3/code/cmn/js/lib/jquery.virtualDialog.js
2025-08-11 04:56:12,402 - Knowledge - INFO - start ingest for /app/data/rdk7542/90219/b413910/webui-90219/source/Styles/xb3/code/remote_management.php
2025-08-11 04:56:12,473 - Knowledge - INFO - persist ingested knowledge for /app/data/rdk7542/90219/b413910/webui-90219/source/Styles/xb3/code/cmn/css/styles.css
2025-08-11 04:56:12,572 - Knowledge - INFO - start ingest for /app/data/rdk7542/90219/b413910/webui-90219/source/Styles/xb3/code/network_storage_edit.php
2025-08-11 04:56:12,681 - Knowledge - INFO - process ingested knowledge for /app/data/rdk7542/90219/b413910/webui-90219/source/Styles/xb3/code/cmn/js/lib/jquery.virtualDialog.js
2025-08-11 04:56:12,954 - Knowledge - INFO - worker kw9 pull /app/data/rdk7542/90219/b413910/webui-90219/source/Styles/xb3/code/managed_devices_edit_allowed.php from ingest queue
2025-08-11 04:56:13,049 - Knowledge - INFO - Found code-base-name: https://github.com/kavia-common/webui-90219.git:kavia-master
2025-08-11 04:56:13,157 - Knowledge - INFO - Thread kw9 - File managed_devices_edit_allowed.php - Remaining files in queue: 45
2025-08-11 04:56:13,238 - Knowledge - INFO - Found code_base: <app.utils.kg_build.knowledge.KnowledgeCodeBase object at 0x7fac6214f850>
2025-08-11 04:56:13,342 - Knowledge - INFO - start ingest for /app/data/rdk7542/90219/b413910/webui-90219/source/Styles/xb3/code/managed_devices_edit_allowed.php
2025-08-11 04:56:13,439 - Knowledge - INFO - persist ingested knowledge for /app/data/rdk7542/90219/b413910/webui-90219/source/Styles/xb3/code/cmn/js/lib/jquery.virtualDialog.js
2025-08-11 04:56:14,142 - Knowledge - INFO - persist search terms embedding for source/Styles/xb3/code/cmn/js/lib/jquery.virtualDialog.js
2025-08-11 04:56:14,230 - Knowledge - INFO - worker kw22 pull /app/data/rdk7542/90219/b413910/webui-90219/source/Styles/xb3/code/battery.php from ingest queue
2025-08-11 04:56:14,341 - Knowledge - INFO - Thread kw22 - File battery.php - Remaining files in queue: 44
2025-08-11 04:56:14,441 - Knowledge - INFO - start ingest for /app/data/rdk7542/90219/b413910/webui-90219/source/Styles/xb3/code/battery.php
2025-08-11 04:56:16,054 - Knowledge - INFO - done ingest for /app/data/rdk7542/90219/b413910/webui-90219/source/Styles/xb3/code/managed_sites.php
2025-08-11 04:56:16,153 - Knowledge - INFO - process ingested knowledge for /app/data/rdk7542/90219/b413910/webui-90219/source/Styles/xb3/code/managed_sites.php
2025-08-11 04:56:16,257 - Knowledge - INFO - Found code-base-name: https://github.com/kavia-common/webui-90219.git:kavia-master
2025-08-11 04:56:16,640 - Knowledge - INFO - Found code_base: <app.utils.kg_build.knowledge.KnowledgeCodeBase object at 0x7fac6214f850>
2025-08-11 04:56:16,751 - Knowledge - INFO - persist ingested knowledge for /app/data/rdk7542/90219/b413910/webui-90219/source/Styles/xb3/code/managed_sites.php
2025-08-11 04:56:16,979 - Knowledge - INFO - done ingest for /app/data/rdk7542/90219/b413910/webui-90219/source/Styles/xb3/code/cmn/syndication/img/captiveportal_xfinity_logo_svg.php
2025-08-11 04:56:17,091 - Knowledge - INFO - process ingested knowledge for /app/data/rdk7542/90219/b413910/webui-90219/source/Styles/xb3/code/cmn/syndication/img/captiveportal_xfinity_logo_svg.php
2025-08-11 04:56:17,349 - Knowledge - INFO - persist search terms embedding for source/Styles/xb3/code/managed_sites.php
2025-08-11 04:56:17,430 - Knowledge - INFO - Found code-base-name: https://github.com/kavia-common/webui-90219.git:kavia-master
2025-08-11 04:56:17,430 - Knowledge - INFO - worker kw8 pull /app/data/rdk7542/90219/b413910/webui-90219/source/Styles/xb3/code/qos.php from ingest queue
2025-08-11 04:56:17,504 - Knowledge - INFO - Found code_base: <app.utils.kg_build.knowledge.KnowledgeCodeBase object at 0x7fac6214f850>
2025-08-11 04:56:17,627 - Knowledge - INFO - Thread kw8 - File qos.php - Remaining files in queue: 43
2025-08-11 04:56:17,848 - Knowledge - INFO - start ingest for /app/data/rdk7542/90219/b413910/webui-90219/source/Styles/xb3/code/qos.php
2025-08-11 04:56:17,758 - Knowledge - INFO - persist ingested knowledge for /app/data/rdk7542/90219/b413910/webui-90219/source/Styles/xb3/code/cmn/syndication/img/captiveportal_xfinity_logo_svg.php
2025-08-11 04:56:18,432 - Knowledge - INFO - persist search terms embedding for source/Styles/xb3/code/cmn/syndication/img/captiveportal_xfinity_logo_svg.php
2025-08-11 04:56:18,538 - Knowledge - INFO - worker kw1 pull /app/data/rdk7542/90219/b413910/webui-90219/source/Styles/xb3/code/index.php from ingest queue
2025-08-11 04:56:18,648 - Knowledge - INFO - Thread kw1 - File index.php - Remaining files in queue: 42
2025-08-11 04:56:18,743 - Knowledge - INFO - start ingest for /app/data/rdk7542/90219/b413910/webui-90219/source/Styles/xb3/code/index.php
2025-08-11 04:56:25,907 - Knowledge - INFO - done ingest for /app/data/rdk7542/90219/b413910/webui-90219/source/Styles/xb3/code/cmn/js/gateway.js
2025-08-11 04:56:26,085 - Knowledge - INFO - process ingested knowledge for /app/data/rdk7542/90219/b413910/webui-90219/source/Styles/xb3/code/cmn/js/gateway.js
2025-08-11 04:56:26,224 - Knowledge - INFO - Found code-base-name: https://github.com/kavia-common/webui-90219.git:kavia-master
2025-08-11 04:56:26,360 - Knowledge - INFO - Found code_base: <app.utils.kg_build.knowledge.KnowledgeCodeBase object at 0x7fac6214f850>
2025-08-11 04:56:26,511 - Knowledge - INFO - persist ingested knowledge for /app/data/rdk7542/90219/b413910/webui-90219/source/Styles/xb3/code/cmn/js/gateway.js
2025-08-11 04:56:26,600 - Knowledge - INFO - done ingest for /app/data/rdk7542/90219/b413910/webui-90219/source/Styles/xb3/code/cmn/js/lib/jquery.highContrastDetect.js
2025-08-11 04:56:26,793 - Knowledge - INFO - process ingested knowledge for /app/data/rdk7542/90219/b413910/webui-90219/source/Styles/xb3/code/cmn/js/lib/jquery.highContrastDetect.js
2025-08-11 04:56:27,227 - Knowledge - INFO - persist search terms embedding for source/Styles/xb3/code/cmn/js/gateway.js
2025-08-11 04:56:27,320 - Knowledge - INFO - Found code-base-name: https://github.com/kavia-common/webui-90219.git:kavia-master
2025-08-11 04:56:27,322 - Knowledge - INFO - worker kw6 pull /app/data/rdk7542/90219/b413910/webui-90219/source/Styles/xb3/code/software.php from ingest queue
2025-08-11 04:56:27,523 - Knowledge - INFO - Thread kw6 - File software.php - Remaining files in queue: 41
2025-08-11 04:56:27,443 - Knowledge - INFO - Found code_base: <app.utils.kg_build.knowledge.KnowledgeCodeBase object at 0x7fac6214f850>
2025-08-11 04:56:27,608 - Knowledge - INFO - start ingest for /app/data/rdk7542/90219/b413910/webui-90219/source/Styles/xb3/code/software.php
2025-08-11 04:56:27,734 - Knowledge - INFO - persist ingested knowledge for /app/data/rdk7542/90219/b413910/webui-90219/source/Styles/xb3/code/cmn/js/lib/jquery.highContrastDetect.js
2025-08-11 04:56:28,727 - Knowledge - INFO - done ingest for /app/data/rdk7542/90219/b413910/webui-90219/source/Styles/xb3/code/cmn/css/ie6.css
2025-08-11 04:56:28,782 - Knowledge - INFO - persist search terms embedding for source/Styles/xb3/code/cmn/js/lib/jquery.highContrastDetect.js
2025-08-11 04:56:28,811 - Knowledge - INFO - done ingest for /app/data/rdk7542/90219/b413910/webui-90219/source/Styles/xb3/code/cmn/js/lib/jquery.radioswitch.js
2025-08-11 04:56:28,869 - Knowledge - INFO - process ingested knowledge for /app/data/rdk7542/90219/b413910/webui-90219/source/Styles/xb3/code/cmn/css/ie6.css
2025-08-11 04:56:28,986 - Knowledge - INFO - worker kw19 pull /app/data/rdk7542/90219/b413910/webui-90219/source/Styles/xb3/code/dmz.php from ingest queue
2025-08-11 04:56:29,181 - Knowledge - INFO - process ingested knowledge for /app/data/rdk7542/90219/b413910/webui-90219/source/Styles/xb3/code/cmn/js/lib/jquery.radioswitch.js
2025-08-11 04:56:29,242 - Knowledge - INFO - Found code-base-name: https://github.com/kavia-common/webui-90219.git:kavia-master
2025-08-11 04:56:29,363 - Knowledge - INFO - Thread kw19 - File dmz.php - Remaining files in queue: 40
2025-08-11 04:56:29,478 - Knowledge - INFO - Found code-base-name: https://github.com/kavia-common/webui-90219.git:kavia-master
2025-08-11 04:56:29,608 - Knowledge - INFO - Found code_base: <app.utils.kg_build.knowledge.KnowledgeCodeBase object at 0x7fac6214f850>
2025-08-11 04:56:29,713 - Knowledge - INFO - start ingest for /app/data/rdk7542/90219/b413910/webui-90219/source/Styles/xb3/code/dmz.php
2025-08-11 04:56:29,838 - Knowledge - INFO - Found code_base: <app.utils.kg_build.knowledge.KnowledgeCodeBase object at 0x7fac6214f850>
2025-08-11 04:56:29,968 - Knowledge - INFO - persist ingested knowledge for /app/data/rdk7542/90219/b413910/webui-90219/source/Styles/xb3/code/cmn/css/ie6.css
2025-08-11 04:56:30,184 - Knowledge - INFO - persist ingested knowledge for /app/data/rdk7542/90219/b413910/webui-90219/source/Styles/xb3/code/cmn/js/lib/jquery.radioswitch.js
2025-08-11 04:56:30,872 - Knowledge - INFO - persist search terms embedding for source/Styles/xb3/code/cmn/css/ie6.css
2025-08-11 04:56:31,605 - Knowledge - INFO - persist search terms embedding for source/Styles/xb3/code/cmn/js/lib/jquery.radioswitch.js
2025-08-11 04:56:31,691 - Knowledge - INFO - worker kw23 pull /app/data/rdk7542/90219/b413910/webui-90219/source/Styles/xb3/code/wireless_network_configuration_edit.php from ingest queue
2025-08-11 04:56:31,691 - Knowledge - INFO - worker kw11 pull /app/data/rdk7542/90219/b413910/webui-90219/source/Styles/xb3/code/HnapPcSiteBlocked.php from ingest queue
2025-08-11 04:56:31,796 - Knowledge - INFO - Thread kw23 - File wireless_network_configuration_edit.php - Remaining files in queue: 38
2025-08-11 04:56:31,964 - Knowledge - INFO - Thread kw11 - File HnapPcSiteBlocked.php - Remaining files in queue: 38
2025-08-11 04:56:32,096 - Knowledge - INFO - start ingest for /app/data/rdk7542/90219/b413910/webui-90219/source/Styles/xb3/code/wireless_network_configuration_edit.php
2025-08-11 04:56:32,228 - Knowledge - INFO - start ingest for /app/data/rdk7542/90219/b413910/webui-90219/source/Styles/xb3/code/HnapPcSiteBlocked.php
2025-08-11 04:56:38,598 - Knowledge - INFO - done ingest for /app/data/rdk7542/90219/b413910/webui-90219/source/Styles/xb3/code/cmn/js/lib/jquery.foldertree.js
2025-08-11 04:56:38,770 - Knowledge - INFO - process ingested knowledge for /app/data/rdk7542/90219/b413910/webui-90219/source/Styles/xb3/code/cmn/js/lib/jquery.foldertree.js
2025-08-11 04:56:38,904 - Knowledge - INFO - Found code-base-name: https://github.com/kavia-common/webui-90219.git:kavia-master
2025-08-11 04:56:38,947 - Knowledge - INFO - done ingest for /app/data/rdk7542/90219/b413910/webui-90219/source/Styles/xb3/code/cmn/js/lib/jquery-simple-pagination-plugin.js
2025-08-11 04:56:39,047 - Knowledge - INFO - Found code_base: <app.utils.kg_build.knowledge.KnowledgeCodeBase object at 0x7fac6214f850>
2025-08-11 04:56:39,219 - Knowledge - INFO - process ingested knowledge for /app/data/rdk7542/90219/b413910/webui-90219/source/Styles/xb3/code/cmn/js/lib/jquery-simple-pagination-plugin.js
2025-08-11 04:56:39,279 - Knowledge - INFO - persist ingested knowledge for /app/data/rdk7542/90219/b413910/webui-90219/source/Styles/xb3/code/cmn/js/lib/jquery.foldertree.js
2025-08-11 04:56:39,401 - Knowledge - INFO - Found code-base-name: https://github.com/kavia-common/webui-90219.git:kavia-master
2025-08-11 04:56:39,625 - Knowledge - INFO - Found code_base: <app.utils.kg_build.knowledge.KnowledgeCodeBase object at 0x7fac6214f850>
2025-08-11 04:56:39,734 - Knowledge - INFO - persist ingested knowledge for /app/data/rdk7542/90219/b413910/webui-90219/source/Styles/xb3/code/cmn/js/lib/jquery-simple-pagination-plugin.js
2025-08-11 04:56:40,163 - Knowledge - INFO - persist search terms embedding for source/Styles/xb3/code/cmn/js/lib/jquery.foldertree.js
2025-08-11 04:56:41,005 - Knowledge - INFO - persist search terms embedding for source/Styles/xb3/code/cmn/js/lib/jquery-simple-pagination-plugin.js
2025-08-11 04:56:41,133 - Knowledge - INFO - worker kw25 pull /app/data/rdk7542/90219/b413910/webui-90219/source/Styles/xb3/code/troubleshooting_logs_download.php from ingest queue
2025-08-11 04:56:41,133 - Knowledge - INFO - worker kw17 pull /app/data/rdk7542/90219/b413910/webui-90219/source/Styles/xb3/code/port_forwarding_add.php from ingest queue
2025-08-11 04:56:41,264 - Knowledge - INFO - Thread kw25 - File troubleshooting_logs_download.php - Remaining files in queue: 36
2025-08-11 04:56:41,376 - Knowledge - INFO - Thread kw17 - File port_forwarding_add.php - Remaining files in queue: 36
2025-08-11 04:56:41,446 - Knowledge - INFO - start ingest for /app/data/rdk7542/90219/b413910/webui-90219/source/Styles/xb3/code/troubleshooting_logs_download.php
2025-08-11 04:56:41,574 - Knowledge - INFO - start ingest for /app/data/rdk7542/90219/b413910/webui-90219/source/Styles/xb3/code/port_forwarding_add.php
2025-08-11 04:56:45,888 - Knowledge - INFO - done ingest for /app/data/rdk7542/90219/b413910/webui-90219/source/Styles/xb3/code/managed_devices_add_computer_blocked.php
2025-08-11 04:56:46,024 - Knowledge - INFO - process ingested knowledge for /app/data/rdk7542/90219/b413910/webui-90219/source/Styles/xb3/code/managed_devices_add_computer_blocked.php
2025-08-11 04:56:46,154 - Knowledge - INFO - Found code-base-name: https://github.com/kavia-common/webui-90219.git:kavia-master
2025-08-11 04:56:46,256 - Knowledge - INFO - Found code_base: <app.utils.kg_build.knowledge.KnowledgeCodeBase object at 0x7fac6214f850>
2025-08-11 04:56:46,624 - Knowledge - INFO - persist ingested knowledge for /app/data/rdk7542/90219/b413910/webui-90219/source/Styles/xb3/code/managed_devices_add_computer_blocked.php
2025-08-11 04:56:47,003 - Knowledge - INFO - done ingest for /app/data/rdk7542/90219/b413910/webui-90219/source/Styles/xb3/code/trigger_download.php
2025-08-11 04:56:47,132 - Knowledge - INFO - process ingested knowledge for /app/data/rdk7542/90219/b413910/webui-90219/source/Styles/xb3/code/trigger_download.php
2025-08-11 04:56:47,304 - Knowledge - INFO - persist search terms embedding for source/Styles/xb3/code/managed_devices_add_computer_blocked.php
2025-08-11 04:56:47,430 - Knowledge - INFO - Found code-base-name: https://github.com/kavia-common/webui-90219.git:kavia-master
2025-08-11 04:56:47,436 - Knowledge - INFO - worker kw7 pull /app/data/rdk7542/90219/b413910/webui-90219/source/Styles/xb3/code/managed_devices.php from ingest queue
2025-08-11 04:56:47,508 - Knowledge - INFO - Found code_base: <app.utils.kg_build.knowledge.KnowledgeCodeBase object at 0x7fac6214f850>
2025-08-11 04:56:47,620 - Knowledge - INFO - Thread kw7 - File managed_devices.php - Remaining files in queue: 35
2025-08-11 04:56:47,729 - Knowledge - INFO - persist ingested knowledge for /app/data/rdk7542/90219/b413910/webui-90219/source/Styles/xb3/code/trigger_download.php
2025-08-11 04:56:47,837 - Knowledge - INFO - start ingest for /app/data/rdk7542/90219/b413910/webui-90219/source/Styles/xb3/code/managed_devices.php
2025-08-11 04:56:48,505 - Knowledge - INFO - persist search terms embedding for source/Styles/xb3/code/trigger_download.php
2025-08-11 04:56:48,622 - Knowledge - INFO - worker kw10 pull /app/data/rdk7542/90219/b413910/webui-90219/source/Styles/xb3/code/wan_network.php from ingest queue
2025-08-11 04:56:48,732 - Knowledge - INFO - Thread kw10 - File wan_network.php - Remaining files in queue: 34
2025-08-11 04:56:48,853 - Knowledge - INFO - start ingest for /app/data/rdk7542/90219/b413910/webui-90219/source/Styles/xb3/code/wan_network.php
2025-08-11 04:56:48,957 - Knowledge - INFO - done ingest for /app/data/rdk7542/90219/b413910/webui-90219/source/Styles/xb3/code/cmn/js/utilityFunctions.js
2025-08-11 04:56:49,159 - Knowledge - INFO - process ingested knowledge for /app/data/rdk7542/90219/b413910/webui-90219/source/Styles/xb3/code/cmn/js/utilityFunctions.js
2025-08-11 04:56:49,276 - Knowledge - INFO - Found code-base-name: https://github.com/kavia-common/webui-90219.git:kavia-master
2025-08-11 04:56:49,362 - Knowledge - INFO - Found code_base: <app.utils.kg_build.knowledge.KnowledgeCodeBase object at 0x7fac6214f850>
2025-08-11 04:56:49,463 - Knowledge - INFO - persist ingested knowledge for /app/data/rdk7542/90219/b413910/webui-90219/source/Styles/xb3/code/cmn/js/utilityFunctions.js
2025-08-11 04:56:49,957 - Knowledge - INFO - done ingest for /app/data/rdk7542/90219/b413910/webui-90219/source/Styles/xb3/code/cmn/js/lib/jquery.alerts.js
2025-08-11 04:56:50,089 - Knowledge - INFO - process ingested knowledge for /app/data/rdk7542/90219/b413910/webui-90219/source/Styles/xb3/code/cmn/js/lib/jquery.alerts.js
2025-08-11 04:56:50,400 - Knowledge - INFO - done ingest for /app/data/rdk7542/90219/b413910/webui-90219/source/Styles/xb3/code/cordless_handsets.php
2025-08-11 04:56:50,473 - Knowledge - INFO - persist search terms embedding for source/Styles/xb3/code/cmn/js/utilityFunctions.js
2025-08-11 04:56:50,501 - Knowledge - INFO - process ingested knowledge for /app/data/rdk7542/90219/b413910/webui-90219/source/Styles/xb3/code/cordless_handsets.php
2025-08-11 04:56:50,612 - Knowledge - INFO - Found code-base-name: https://github.com/kavia-common/webui-90219.git:kavia-master
2025-08-11 04:56:50,614 - Knowledge - INFO - worker kw14 pull /app/data/rdk7542/90219/b413910/webui-90219/source/Styles/xb3/code/dlna_settings.php from ingest queue
2025-08-11 04:56:50,707 - Knowledge - INFO - Found code-base-name: https://github.com/kavia-common/webui-90219.git:kavia-master
2025-08-11 04:56:50,745 - Knowledge - INFO - done ingest for /app/data/rdk7542/90219/b413910/webui-90219/source/Styles/xb3/code/network_storage_edit.php
2025-08-11 04:56:50,824 - Knowledge - INFO - Found code_base: <app.utils.kg_build.knowledge.KnowledgeCodeBase object at 0x7fac6214f850>
2025-08-11 04:56:50,910 - Knowledge - INFO - Thread kw14 - File dlna_settings.php - Remaining files in queue: 33
2025-08-11 04:56:51,015 - Knowledge - INFO - Found code_base: <app.utils.kg_build.knowledge.KnowledgeCodeBase object at 0x7fac6214f850>
2025-08-11 04:56:51,124 - Knowledge - INFO - process ingested knowledge for /app/data/rdk7542/90219/b413910/webui-90219/source/Styles/xb3/code/network_storage_edit.php
2025-08-11 04:56:51,252 - Knowledge - INFO - persist ingested knowledge for /app/data/rdk7542/90219/b413910/webui-90219/source/Styles/xb3/code/cmn/js/lib/jquery.alerts.js
2025-08-11 04:56:51,344 - Knowledge - INFO - start ingest for /app/data/rdk7542/90219/b413910/webui-90219/source/Styles/xb3/code/dlna_settings.php
2025-08-11 04:56:51,440 - Knowledge - INFO - persist ingested knowledge for /app/data/rdk7542/90219/b413910/webui-90219/source/Styles/xb3/code/cordless_handsets.php
2025-08-11 04:56:51,611 - Knowledge - INFO - Found code-base-name: https://github.com/kavia-common/webui-90219.git:kavia-master
2025-08-11 04:56:52,062 - Knowledge - INFO - Found code_base: <app.utils.kg_build.knowledge.KnowledgeCodeBase object at 0x7fac6214f850>
2025-08-11 04:56:52,166 - Knowledge - INFO - persist ingested knowledge for /app/data/rdk7542/90219/b413910/webui-90219/source/Styles/xb3/code/network_storage_edit.php
2025-08-11 04:56:52,316 - Knowledge - INFO - persist search terms embedding for source/Styles/xb3/code/cmn/js/lib/jquery.alerts.js
2025-08-11 04:56:52,818 - Knowledge - INFO - done ingest for /app/data/rdk7542/90219/b413910/webui-90219/source/Styles/xb3/code/cmn/js/lib/jquery-migrate-1.2.1.js
2025-08-11 04:56:52,979 - Knowledge - INFO - process ingested knowledge for /app/data/rdk7542/90219/b413910/webui-90219/source/Styles/xb3/code/cmn/js/lib/jquery-migrate-1.2.1.js
2025-08-11 04:56:52,983 - Knowledge - INFO - persist search terms embedding for source/Styles/xb3/code/cordless_handsets.php
2025-08-11 04:56:53,716 - Knowledge - INFO - persist search terms embedding for source/Styles/xb3/code/network_storage_edit.php
2025-08-11 04:56:53,788 - Knowledge - INFO - done ingest for /app/data/rdk7542/90219/b413910/webui-90219/source/Styles/xb3/code/cmn/js/lib/jquery.ciscoExt.js
2025-08-11 04:56:53,818 - Knowledge - INFO - worker kw16 pull /app/data/rdk7542/90219/b413910/webui-90219/source/Styles/xb3/code/port_forwarding.php from ingest queue
2025-08-11 04:56:53,836 - Knowledge - INFO - Found code-base-name: https://github.com/kavia-common/webui-90219.git:kavia-master
2025-08-11 04:56:53,840 - Knowledge - INFO - worker kw18 pull /app/data/rdk7542/90219/b413910/webui-90219/source/Styles/xb3/code/wireless_network_configuration_wps.php from ingest queue
2025-08-11 04:56:53,854 - Knowledge - INFO - worker kw20 pull /app/data/rdk7542/90219/b413910/webui-90219/source/Styles/xb3/code/moca_diagnostics.php from ingest queue
2025-08-11 04:56:54,002 - Knowledge - INFO - done ingest for /app/data/rdk7542/90219/b413910/webui-90219/source/Styles/xb3/code/battery.php
2025-08-11 04:56:54,005 - Knowledge - INFO - process ingested knowledge for /app/data/rdk7542/90219/b413910/webui-90219/source/Styles/xb3/code/cmn/js/lib/jquery.ciscoExt.js
2025-08-11 04:56:54,098 - Knowledge - INFO - Thread kw16 - File port_forwarding.php - Remaining files in queue: 30
2025-08-11 04:56:54,221 - Knowledge - INFO - Found code_base: <app.utils.kg_build.knowledge.KnowledgeCodeBase object at 0x7fac6214f850>
2025-08-11 04:56:54,311 - Knowledge - INFO - done ingest for /app/data/rdk7542/90219/b413910/webui-90219/source/Styles/xb3/code/HnapPcSiteBlocked.php
2025-08-11 04:56:54,347 - Knowledge - INFO - Thread kw18 - File wireless_network_configuration_wps.php - Remaining files in queue: 30
2025-08-11 04:56:54,447 - Knowledge - INFO - Thread kw20 - File moca_diagnostics.php - Remaining files in queue: 30
2025-08-11 04:56:55,311 - Knowledge - INFO - start ingest for /app/data/rdk7542/90219/b413910/webui-90219/source/Styles/xb3/code/moca_diagnostics.php
2025-08-11 04:56:54,649 - Knowledge - INFO - Found code-base-name: https://github.com/kavia-common/webui-90219.git:kavia-master
2025-08-11 04:56:54,762 - Knowledge - INFO - start ingest for /app/data/rdk7542/90219/b413910/webui-90219/source/Styles/xb3/code/port_forwarding.php
2025-08-11 04:56:54,886 - Knowledge - INFO - persist ingested knowledge for /app/data/rdk7542/90219/b413910/webui-90219/source/Styles/xb3/code/cmn/js/lib/jquery-migrate-1.2.1.js
2025-08-11 04:56:55,032 - Knowledge - INFO - process ingested knowledge for /app/data/rdk7542/90219/b413910/webui-90219/source/Styles/xb3/code/HnapPcSiteBlocked.php
2025-08-11 04:56:55,130 - Knowledge - INFO - start ingest for /app/data/rdk7542/90219/b413910/webui-90219/source/Styles/xb3/code/wireless_network_configuration_wps.php
2025-08-11 04:56:54,551 - Knowledge - INFO - process ingested knowledge for /app/data/rdk7542/90219/b413910/webui-90219/source/Styles/xb3/code/battery.php
2025-08-11 04:56:55,509 - Knowledge - INFO - Found code_base: <app.utils.kg_build.knowledge.KnowledgeCodeBase object at 0x7fac6214f850>
2025-08-11 04:56:56,029 - Knowledge - INFO - done ingest for /app/data/rdk7542/90219/b413910/webui-90219/source/Styles/xb3/code/lan.php
2025-08-11 04:56:56,331 - Knowledge - INFO - persist ingested knowledge for /app/data/rdk7542/90219/b413910/webui-90219/source/Styles/xb3/code/cmn/js/lib/jquery.ciscoExt.js
2025-08-11 04:56:56,335 - Knowledge - INFO - persist search terms embedding for source/Styles/xb3/code/cmn/js/lib/jquery-migrate-1.2.1.js
2025-08-11 04:56:56,423 - Knowledge - INFO - process ingested knowledge for /app/data/rdk7542/90219/b413910/webui-90219/source/Styles/xb3/code/lan.php
2025-08-11 04:56:56,626 - Knowledge - INFO - Found code-base-name: https://github.com/kavia-common/webui-90219.git:kavia-master
2025-08-11 04:56:56,630 - Knowledge - INFO - Found code-base-name: https://github.com/kavia-common/webui-90219.git:kavia-master
2025-08-11 04:56:56,871 - Knowledge - INFO - Found code_base: <app.utils.kg_build.knowledge.KnowledgeCodeBase object at 0x7fac6214f850>
2025-08-11 04:56:56,955 - Knowledge - INFO - Found code_base: <app.utils.kg_build.knowledge.KnowledgeCodeBase object at 0x7fac6214f850>
2025-08-11 04:56:57,080 - Knowledge - INFO - persist ingested knowledge for /app/data/rdk7542/90219/b413910/webui-90219/source/Styles/xb3/code/HnapPcSiteBlocked.php
2025-08-11 04:56:57,167 - Knowledge - INFO - persist search terms embedding for source/Styles/xb3/code/cmn/js/lib/jquery.ciscoExt.js
2025-08-11 04:56:57,221 - Knowledge - INFO - persist ingested knowledge for /app/data/rdk7542/90219/b413910/webui-90219/source/Styles/xb3/code/battery.php
2025-08-11 04:56:57,504 - Knowledge - INFO - worker kw5 pull /app/data/rdk7542/90219/b413910/webui-90219/source/Styles/xb3/code/device_discovery.php from ingest queue
2025-08-11 04:56:57,506 - Knowledge - INFO - Found code-base-name: https://github.com/kavia-common/webui-90219.git:kavia-master
2025-08-11 04:56:57,511 - Knowledge - INFO - worker kw2 pull /app/data/rdk7542/90219/b413910/webui-90219/source/Styles/xb3/code/trigger_spectrum_download.php from ingest queue
2025-08-11 04:56:57,732 - Knowledge - INFO - Thread kw5 - File device_discovery.php - Remaining files in queue: 28
2025-08-11 04:56:57,863 - Knowledge - INFO - Found code_base: <app.utils.kg_build.knowledge.KnowledgeCodeBase object at 0x7fac6214f850>
2025-08-11 04:56:57,962 - Knowledge - INFO - Thread kw2 - File trigger_spectrum_download.php - Remaining files in queue: 28
2025-08-11 04:56:58,061 - Knowledge - INFO - persist search terms embedding for source/Styles/xb3/code/HnapPcSiteBlocked.php
2025-08-11 04:56:58,095 - Knowledge - INFO - start ingest for /app/data/rdk7542/90219/b413910/webui-90219/source/Styles/xb3/code/device_discovery.php
2025-08-11 04:56:58,218 - Knowledge - INFO - persist ingested knowledge for /app/data/rdk7542/90219/b413910/webui-90219/source/Styles/xb3/code/lan.php
2025-08-11 04:56:58,319 - Knowledge - INFO - start ingest for /app/data/rdk7542/90219/b413910/webui-90219/source/Styles/xb3/code/trigger_spectrum_download.php
2025-08-11 04:56:58,529 - Knowledge - INFO - done ingest for /app/data/rdk7542/90219/b413910/webui-90219/source/Styles/xb3/code/qos.php
2025-08-11 04:56:58,940 - Knowledge - INFO - process ingested knowledge for /app/data/rdk7542/90219/b413910/webui-90219/source/Styles/xb3/code/qos.php
2025-08-11 04:56:58,945 - Knowledge - INFO - persist search terms embedding for source/Styles/xb3/code/battery.php
2025-08-11 04:56:59,234 - Knowledge - INFO - worker kw11 pull /app/data/rdk7542/90219/b413910/webui-90219/source/Styles/xb3/code/status-500.html from ingest queue
2025-08-11 04:56:59,329 - Knowledge - INFO - Thread kw11 - File status-500.html - Remaining files in queue: 27
2025-08-11 04:56:59,449 - Knowledge - INFO - start ingest for /app/data/rdk7542/90219/b413910/webui-90219/source/Styles/xb3/code/status-500.html
2025-08-11 04:56:59,600 - Knowledge - INFO - Fast-track processing for simple file: /app/data/rdk7542/90219/b413910/webui-90219/source/Styles/xb3/code/status-500.html
2025-08-11 04:56:59,692 - Knowledge - INFO - done fast ingest for /app/data/rdk7542/90219/b413910/webui-90219/source/Styles/xb3/code/status-500.html
2025-08-11 04:56:59,804 - Knowledge - INFO - process ingested knowledge for /app/data/rdk7542/90219/b413910/webui-90219/source/Styles/xb3/code/status-500.html
2025-08-11 04:57:00,021 - Knowledge - INFO - persist search terms embedding for source/Styles/xb3/code/lan.php
2025-08-11 04:57:00,115 - Knowledge - INFO - Found code-base-name: https://github.com/kavia-common/webui-90219.git:kavia-master
2025-08-11 04:57:00,121 - Knowledge - INFO - worker kw22 pull /app/data/rdk7542/90219/b413910/webui-90219/source/Styles/xb3/code/managed_devices_edit_blocked.php from ingest queue
2025-08-11 04:57:00,123 - Knowledge - INFO - Found code-base-name: https://github.com/kavia-common/webui-90219.git:kavia-master
2025-08-11 04:57:00,124 - Knowledge - INFO - worker kw24 pull /app/data/rdk7542/90219/b413910/webui-90219/source/Styles/xb3/code/connection_status.php from ingest queue
2025-08-11 04:57:00,239 - Knowledge - INFO - Found code_base: <app.utils.kg_build.knowledge.KnowledgeCodeBase object at 0x7fac6214f850>
2025-08-11 04:57:00,368 - Knowledge - INFO - Thread kw22 - File managed_devices_edit_blocked.php - Remaining files in queue: 25
2025-08-11 04:57:00,505 - Knowledge - INFO - Found code_base: <app.utils.kg_build.knowledge.KnowledgeCodeBase object at 0x7fac6214f850>
2025-08-11 04:57:00,639 - Knowledge - INFO - Thread kw24 - File connection_status.php - Remaining files in queue: 25
2025-08-11 04:57:00,708 - Knowledge - INFO - done ingest for /app/data/rdk7542/90219/b413910/webui-90219/source/Styles/xb3/code/cmn/js/lib/jquery.alerts.progress.js
2025-08-11 04:57:00,758 - Knowledge - INFO - persist ingested knowledge for /app/data/rdk7542/90219/b413910/webui-90219/source/Styles/xb3/code/qos.php
2025-08-11 04:57:00,851 - Knowledge - INFO - start ingest for /app/data/rdk7542/90219/b413910/webui-90219/source/Styles/xb3/code/managed_devices_edit_blocked.php
2025-08-11 04:57:00,949 - Knowledge - INFO - persist ingested knowledge for /app/data/rdk7542/90219/b413910/webui-90219/source/Styles/xb3/code/status-500.html
2025-08-11 04:57:01,092 - Knowledge - INFO - start ingest for /app/data/rdk7542/90219/b413910/webui-90219/source/Styles/xb3/code/connection_status.php
2025-08-11 04:57:01,257 - Knowledge - INFO - process ingested knowledge for /app/data/rdk7542/90219/b413910/webui-90219/source/Styles/xb3/code/cmn/js/lib/jquery.alerts.progress.js
2025-08-11 04:57:01,860 - Knowledge - INFO - persist search terms embedding for source/Styles/xb3/code/qos.php
2025-08-11 04:57:02,093 - Knowledge - INFO - done ingest for /app/data/rdk7542/90219/b413910/webui-90219/source/Styles/xb3/code/port_triggering_edit.php
2025-08-11 04:57:02,199 - Knowledge - INFO - process ingested knowledge for /app/data/rdk7542/90219/b413910/webui-90219/source/Styles/xb3/code/port_triggering_edit.php
2025-08-11 04:57:02,256 - Knowledge - INFO - Found code-base-name: https://github.com/kavia-common/webui-90219.git:kavia-master
2025-08-11 04:57:02,258 - Knowledge - INFO - worker kw8 pull /app/data/rdk7542/90219/b413910/webui-90219/source/Styles/xb3/code/includes/userbar.php from ingest queue
2025-08-11 04:57:02,261 - Knowledge - INFO - worker kw11 pull /app/data/rdk7542/90219/b413910/webui-90219/source/Styles/xb3/code/wifi.php from ingest queue
2025-08-11 04:57:02,261 - Knowledge - INFO - done ingest for /app/data/rdk7542/90219/b413910/webui-90219/source/Styles/xb3/code/software.php
2025-08-11 04:57:02,344 - Knowledge - INFO - Found code-base-name: https://github.com/kavia-common/webui-90219.git:kavia-master
2025-08-11 04:57:02,431 - Knowledge - INFO - Found code_base: <app.utils.kg_build.knowledge.KnowledgeCodeBase object at 0x7fac6214f850>
2025-08-11 04:57:02,559 - Knowledge - INFO - Thread kw8 - File userbar.php - Remaining files in queue: 23
2025-08-11 04:57:02,663 - Knowledge - INFO - Thread kw11 - File wifi.php - Remaining files in queue: 23
2025-08-11 04:57:02,798 - Knowledge - INFO - process ingested knowledge for /app/data/rdk7542/90219/b413910/webui-90219/source/Styles/xb3/code/software.php
2025-08-11 04:57:02,907 - Knowledge - INFO - Found code_base: <app.utils.kg_build.knowledge.KnowledgeCodeBase object at 0x7fac6214f850>
2025-08-11 04:57:03,003 - Knowledge - INFO - persist ingested knowledge for /app/data/rdk7542/90219/b413910/webui-90219/source/Styles/xb3/code/cmn/js/lib/jquery.alerts.progress.js
2025-08-11 04:57:03,132 - Knowledge - INFO - start ingest for /app/data/rdk7542/90219/b413910/webui-90219/source/Styles/xb3/code/includes/userbar.php
2025-08-11 04:57:03,251 - Knowledge - INFO - start ingest for /app/data/rdk7542/90219/b413910/webui-90219/source/Styles/xb3/code/wifi.php
2025-08-11 04:57:03,350 - Knowledge - INFO - Found code-base-name: https://github.com/kavia-common/webui-90219.git:kavia-master
2025-08-11 04:57:03,484 - Knowledge - INFO - persist ingested knowledge for /app/data/rdk7542/90219/b413910/webui-90219/source/Styles/xb3/code/port_triggering_edit.php
2025-08-11 04:57:03,911 - Knowledge - INFO - Found code_base: <app.utils.kg_build.knowledge.KnowledgeCodeBase object at 0x7fac6214f850>
2025-08-11 04:57:03,992 - Knowledge - INFO - done ingest for /app/data/rdk7542/90219/b413910/webui-90219/source/Styles/xb3/code/managed_devices_edit_allowed.php
2025-08-11 04:57:04,113 - Knowledge - INFO - persist ingested knowledge for /app/data/rdk7542/90219/b413910/webui-90219/source/Styles/xb3/code/software.php
2025-08-11 04:57:04,142 - Knowledge - INFO - persist search terms embedding for source/Styles/xb3/code/cmn/js/lib/jquery.alerts.progress.js
2025-08-11 04:57:04,258 - Knowledge - INFO - process ingested knowledge for /app/data/rdk7542/90219/b413910/webui-90219/source/Styles/xb3/code/managed_devices_edit_allowed.php
2025-08-11 04:57:05,027 - Knowledge - INFO - persist search terms embedding for source/Styles/xb3/code/port_triggering_edit.php
2025-08-11 04:57:05,644 - Knowledge - INFO - persist search terms embedding for source/Styles/xb3/code/software.php
2025-08-11 04:57:05,736 - Knowledge - INFO - worker kw4 pull /app/data/rdk7542/90219/b413910/webui-90219/source/Styles/xb3/code/wizard_step1.php from ingest queue
2025-08-11 04:57:05,740 - Knowledge - INFO - Found code-base-name: https://github.com/kavia-common/webui-90219.git:kavia-master
2025-08-11 04:57:05,743 - Knowledge - INFO - worker kw15 pull /app/data/rdk7542/90219/b413910/webui-90219/source/Styles/xb3/code/parental_reports.php from ingest queue
2025-08-11 04:57:05,743 - Knowledge - INFO - worker kw6 pull /app/data/rdk7542/90219/b413910/webui-90219/source/Styles/xb3/code/status-403.html from ingest queue
2025-08-11 04:57:05,865 - Knowledge - INFO - Thread kw4 - File wizard_step1.php - Remaining files in queue: 20
2025-08-11 04:57:05,963 - Knowledge - INFO - Found code_base: <app.utils.kg_build.knowledge.KnowledgeCodeBase object at 0x7fac6214f850>
2025-08-11 04:57:06,090 - Knowledge - INFO - Thread kw15 - File parental_reports.php - Remaining files in queue: 20
2025-08-11 04:57:06,190 - Knowledge - INFO - Thread kw6 - File status-403.html - Remaining files in queue: 20
2025-08-11 04:57:06,308 - Knowledge - INFO - start ingest for /app/data/rdk7542/90219/b413910/webui-90219/source/Styles/xb3/code/wizard_step1.php
2025-08-11 04:57:06,437 - Knowledge - INFO - persist ingested knowledge for /app/data/rdk7542/90219/b413910/webui-90219/source/Styles/xb3/code/managed_devices_edit_allowed.php
2025-08-11 04:57:06,514 - Knowledge - INFO - start ingest for /app/data/rdk7542/90219/b413910/webui-90219/source/Styles/xb3/code/parental_reports.php
2025-08-11 04:57:06,612 - Knowledge - INFO - start ingest for /app/data/rdk7542/90219/b413910/webui-90219/source/Styles/xb3/code/status-403.html
2025-08-11 04:57:07,002 - Knowledge - INFO - done ingest for /app/data/rdk7542/90219/b413910/webui-90219/source/Styles/xb3/code/wan_network.php
2025-08-11 04:57:07,095 - Knowledge - INFO - Fast-track processing for simple file: /app/data/rdk7542/90219/b413910/webui-90219/source/Styles/xb3/code/status-403.html
2025-08-11 04:57:07,150 - Knowledge - INFO - process ingested knowledge for /app/data/rdk7542/90219/b413910/webui-90219/source/Styles/xb3/code/wan_network.php
2025-08-11 04:57:07,254 - Knowledge - INFO - done fast ingest for /app/data/rdk7542/90219/b413910/webui-90219/source/Styles/xb3/code/status-403.html
2025-08-11 04:57:07,462 - Knowledge - INFO - persist search terms embedding for source/Styles/xb3/code/managed_devices_edit_allowed.php
2025-08-11 04:57:07,481 - Knowledge - INFO - process ingested knowledge for /app/data/rdk7542/90219/b413910/webui-90219/source/Styles/xb3/code/status-403.html
2025-08-11 04:57:07,528 - Knowledge - INFO - done ingest for /app/data/rdk7542/90219/b413910/webui-90219/source/Styles/xb3/code/troubleshooting_logs_download.php
2025-08-11 04:57:07,570 - Knowledge - INFO - Found code-base-name: https://github.com/kavia-common/webui-90219.git:kavia-master
2025-08-11 04:57:07,573 - Knowledge - INFO - worker kw9 pull /app/data/rdk7542/90219/b413910/webui-90219/source/Styles/xb3/code/includes/footer.php from ingest queue
2025-08-11 04:57:07,654 - Knowledge - INFO - Found code-base-name: https://github.com/kavia-common/webui-90219.git:kavia-master
2025-08-11 04:57:07,765 - Knowledge - INFO - process ingested knowledge for /app/data/rdk7542/90219/b413910/webui-90219/source/Styles/xb3/code/troubleshooting_logs_download.php
2025-08-11 04:57:07,857 - Knowledge - INFO - Found code_base: <app.utils.kg_build.knowledge.KnowledgeCodeBase object at 0x7fac6214f850>
2025-08-11 04:57:07,984 - Knowledge - INFO - Thread kw9 - File footer.php - Remaining files in queue: 19
2025-08-11 04:57:08,121 - Knowledge - INFO - Found code_base: <app.utils.kg_build.knowledge.KnowledgeCodeBase object at 0x7fac6214f850>
2025-08-11 04:57:08,227 - Knowledge - INFO - Found code-base-name: https://github.com/kavia-common/webui-90219.git:kavia-master
2025-08-11 04:57:08,325 - Knowledge - INFO - persist ingested knowledge for /app/data/rdk7542/90219/b413910/webui-90219/source/Styles/xb3/code/wan_network.php
2025-08-11 04:57:08,437 - Knowledge - INFO - start ingest for /app/data/rdk7542/90219/b413910/webui-90219/source/Styles/xb3/code/includes/footer.php
2025-08-11 04:57:08,550 - Knowledge - INFO - persist ingested knowledge for /app/data/rdk7542/90219/b413910/webui-90219/source/Styles/xb3/code/status-403.html
2025-08-11 04:57:08,679 - Knowledge - INFO - Found code_base: <app.utils.kg_build.knowledge.KnowledgeCodeBase object at 0x7fac6214f850>
2025-08-11 04:57:09,175 - Knowledge - INFO - persist ingested knowledge for /app/data/rdk7542/90219/b413910/webui-90219/source/Styles/xb3/code/troubleshooting_logs_download.php
2025-08-11 04:57:09,438 - Knowledge - INFO - persist search terms embedding for source/Styles/xb3/code/wan_network.php
2025-08-11 04:57:09,483 - Knowledge - INFO - done ingest for /app/data/rdk7542/90219/b413910/webui-90219/source/Styles/xb3/code/dlna_settings.php
2025-08-11 04:57:09,650 - Knowledge - INFO - process ingested knowledge for /app/data/rdk7542/90219/b413910/webui-90219/source/Styles/xb3/code/dlna_settings.php
2025-08-11 04:57:10,395 - Knowledge - ERROR - _service_ingest_queue had exception  for file /app/data/rdk7542/90219/b413910/webui-90219/source/Styles/xb3/code/cmn/js/lib/jquery-1.9.1.js
Traceback (most recent call last):
  File "/usr/local/lib/python3.11/asyncio/tasks.py", line 500, in wait_for
    return fut.result()
           ^^^^^^^^^^^^
  File "/app/app/utils/kg_build/knowledge.py", line 1723, in _ingest_file
    response = await llm.llm_interaction_wrapper(
               ^^^^^^^^^^^^^^^^^^^^^^^^^^^^^^^^^^
  File "/usr/local/lib/python3.11/site-packages/llm_wrapper/core/llm_interface.py", line 338, in llm_interaction_wrapper
    completion = await invoke_llm()
                 ^^^^^^^^^^^^^^^^^^
  File "/usr/local/lib/python3.11/site-packages/llm_wrapper/core/llm_interface.py", line 284, in invoke_llm
    return await loop.run_in_executor(None, blocking_call_wrapper)
           ^^^^^^^^^^^^^^^^^^^^^^^^^^^^^^^^^^^^^^^^^^^^^^^^^^^^^^^
asyncio.exceptions.CancelledError

The above exception was the direct cause of the following exception:

Traceback (most recent call last):
  File "/app/app/utils/kg_build/knowledge.py", line 324, in _service_ingest_queue
    file_info = self.loop_worker.run_until_complete(asyncio.wait_for( knowledge._ingest_file(filename, self.mongo_handler), knowledge.timeout))
                ^^^^^^^^^^^^^^^^^^^^^^^^^^^^^^^^^^^^^^^^^^^^^^^^^^^^^^^^^^^^^^^^^^^^^^^^^^^^^^^^^^^^^^^^^^^^^^^^^^^^^^^^^^^^^^^^^^^^^^^^^^^^^^^
  File "/usr/local/lib/python3.11/asyncio/base_events.py", line 654, in run_until_complete
    return future.result()
           ^^^^^^^^^^^^^^^
  File "/usr/local/lib/python3.11/asyncio/tasks.py", line 502, in wait_for
    raise exceptions.TimeoutError() from exc
TimeoutError
2025-08-11 04:57:10,474 - Knowledge - INFO - persist search terms embedding for source/Styles/xb3/code/troubleshooting_logs_download.php
2025-08-11 04:57:10,613 - Knowledge - INFO - process ingested knowledge for /app/data/rdk7542/90219/b413910/webui-90219/source/Styles/xb3/code/cmn/js/lib/jquery-1.9.1.js
2025-08-11 04:57:10,615 - Knowledge - INFO - worker kw10 pull /app/data/rdk7542/90219/b413910/webui-90219/source/Styles/xb3/code/hs_port_forwarding.php from ingest queue
2025-08-11 04:57:10,618 - Knowledge - INFO - worker kw6 pull /app/data/rdk7542/90219/b413910/webui-90219/source/Styles/xb3/code/mta_sip_packet_log.php from ingest queue
2025-08-11 04:57:10,619 - Knowledge - INFO - worker kw25 pull /app/data/rdk7542/90219/b413910/webui-90219/source/Styles/xb3/code/managed_services_edit.php from ingest queue
2025-08-11 04:57:10,629 - Knowledge - INFO - Found code-base-name: https://github.com/kavia-common/webui-90219.git:kavia-master
2025-08-11 04:57:10,748 - Knowledge - INFO - Found code-base-name: https://github.com/kavia-common/webui-90219.git:kavia-master
2025-08-11 04:57:10,821 - Knowledge - INFO - Thread kw10 - File hs_port_forwarding.php - Remaining files in queue: 16
2025-08-11 04:57:10,946 - Knowledge - INFO - Thread kw6 - File mta_sip_packet_log.php - Remaining files in queue: 16
2025-08-11 04:57:11,060 - Knowledge - INFO - Thread kw25 - File managed_services_edit.php - Remaining files in queue: 16
2025-08-11 04:57:11,186 - Knowledge - INFO - Found code_base: <app.utils.kg_build.knowledge.KnowledgeCodeBase object at 0x7fac6214f850>
2025-08-11 04:57:11,290 - Knowledge - INFO - Found code_base: <app.utils.kg_build.knowledge.KnowledgeCodeBase object at 0x7fac6214f850>
2025-08-11 04:57:11,408 - Knowledge - INFO - start ingest for /app/data/rdk7542/90219/b413910/webui-90219/source/Styles/xb3/code/hs_port_forwarding.php
2025-08-11 04:57:11,511 - Knowledge - INFO - start ingest for /app/data/rdk7542/90219/b413910/webui-90219/source/Styles/xb3/code/mta_sip_packet_log.php
2025-08-11 04:57:11,647 - Knowledge - INFO - start ingest for /app/data/rdk7542/90219/b413910/webui-90219/source/Styles/xb3/code/managed_services_edit.php
2025-08-11 04:57:11,755 - Knowledge - INFO - persist ingested knowledge for /app/data/rdk7542/90219/b413910/webui-90219/source/Styles/xb3/code/dlna_settings.php
2025-08-11 04:57:11,868 - Knowledge - INFO - persist ingested knowledge for /app/data/rdk7542/90219/b413910/webui-90219/source/Styles/xb3/code/cmn/js/lib/jquery-1.9.1.js
2025-08-11 04:57:12,900 - Knowledge - INFO - persist search terms embedding for source/Styles/xb3/code/dlna_settings.php
2025-08-11 04:57:13,215 - Knowledge - INFO - worker kw14 pull /app/data/rdk7542/90219/b413910/webui-90219/source/Styles/xb3/code/dynamic_dns_add.php from ingest queue
2025-08-11 04:57:13,228 - Knowledge - INFO - worker kw21 pull /app/data/rdk7542/90219/b413910/webui-90219/source/Styles/xb3/code/includes/actionHandlerUtility.php from ingest queue
2025-08-11 04:57:13,332 - Knowledge - INFO - Thread kw14 - File dynamic_dns_add.php - Remaining files in queue: 14
2025-08-11 04:57:13,362 - Knowledge - INFO - done ingest for /app/data/rdk7542/90219/b413910/webui-90219/source/Styles/xb3/code/index.php
2025-08-11 04:57:13,466 - Knowledge - INFO - Thread kw21 - File actionHandlerUtility.php - Remaining files in queue: 14
2025-08-11 04:57:13,559 - Knowledge - INFO - start ingest for /app/data/rdk7542/90219/b413910/webui-90219/source/Styles/xb3/code/dynamic_dns_add.php
2025-08-11 04:57:13,659 - Knowledge - INFO - process ingested knowledge for /app/data/rdk7542/90219/b413910/webui-90219/source/Styles/xb3/code/index.php
2025-08-11 04:57:13,778 - Knowledge - INFO - start ingest for /app/data/rdk7542/90219/b413910/webui-90219/source/Styles/xb3/code/includes/actionHandlerUtility.php
2025-08-11 04:57:13,960 - Knowledge - INFO - done ingest for /app/data/rdk7542/90219/b413910/webui-90219/source/Styles/xb3/code/dmz.php
2025-08-11 04:57:14,023 - Knowledge - INFO - Found code-base-name: https://github.com/kavia-common/webui-90219.git:kavia-master
2025-08-11 04:57:14,224 - Knowledge - ERROR - _service_ingest_queue had exception  for file /app/data/rdk7542/90219/b413910/webui-90219/source/Styles/xb3/code/cmn/js/lib/jquery.validate.js
Traceback (most recent call last):
  File "/usr/local/lib/python3.11/asyncio/tasks.py", line 500, in wait_for
    return fut.result()
           ^^^^^^^^^^^^
  File "/app/app/utils/kg_build/knowledge.py", line 1723, in _ingest_file
    response = await llm.llm_interaction_wrapper(
               ^^^^^^^^^^^^^^^^^^^^^^^^^^^^^^^^^^
  File "/usr/local/lib/python3.11/site-packages/llm_wrapper/core/llm_interface.py", line 338, in llm_interaction_wrapper
    completion = await invoke_llm()
                 ^^^^^^^^^^^^^^^^^^
  File "/usr/local/lib/python3.11/site-packages/llm_wrapper/core/llm_interface.py", line 284, in invoke_llm
    return await loop.run_in_executor(None, blocking_call_wrapper)
           ^^^^^^^^^^^^^^^^^^^^^^^^^^^^^^^^^^^^^^^^^^^^^^^^^^^^^^^
asyncio.exceptions.CancelledError

The above exception was the direct cause of the following exception:

Traceback (most recent call last):
  File "/app/app/utils/kg_build/knowledge.py", line 324, in _service_ingest_queue
    file_info = self.loop_worker.run_until_complete(asyncio.wait_for( knowledge._ingest_file(filename, self.mongo_handler), knowledge.timeout))
                ^^^^^^^^^^^^^^^^^^^^^^^^^^^^^^^^^^^^^^^^^^^^^^^^^^^^^^^^^^^^^^^^^^^^^^^^^^^^^^^^^^^^^^^^^^^^^^^^^^^^^^^^^^^^^^^^^^^^^^^^^^^^^^^
  File "/usr/local/lib/python3.11/asyncio/base_events.py", line 654, in run_until_complete
    return future.result()
           ^^^^^^^^^^^^^^^
  File "/usr/local/lib/python3.11/asyncio/tasks.py", line 502, in wait_for
    raise exceptions.TimeoutError() from exc
TimeoutError
2025-08-11 04:57:14,237 - Knowledge - INFO - process ingested knowledge for /app/data/rdk7542/90219/b413910/webui-90219/source/Styles/xb3/code/dmz.php
2025-08-11 04:57:14,345 - Knowledge - INFO - Found code_base: <app.utils.kg_build.knowledge.KnowledgeCodeBase object at 0x7fac6214f850>
2025-08-11 04:57:14,538 - Knowledge - INFO - process ingested knowledge for /app/data/rdk7542/90219/b413910/webui-90219/source/Styles/xb3/code/cmn/js/lib/jquery.validate.js
2025-08-11 04:57:14,573 - Knowledge - INFO - Found code-base-name: https://github.com/kavia-common/webui-90219.git:kavia-master
2025-08-11 04:57:14,672 - Knowledge - INFO - persist ingested knowledge for /app/data/rdk7542/90219/b413910/webui-90219/source/Styles/xb3/code/index.php
2025-08-11 04:57:14,789 - Knowledge - INFO - Found code-base-name: https://github.com/kavia-common/webui-90219.git:kavia-master
2025-08-11 04:57:14,883 - Knowledge - INFO - Found code_base: <app.utils.kg_build.knowledge.KnowledgeCodeBase object at 0x7fac6214f850>
2025-08-11 04:57:15,137 - Knowledge - INFO - Found code_base: <app.utils.kg_build.knowledge.KnowledgeCodeBase object at 0x7fac6214f850>
2025-08-11 04:57:15,257 - Knowledge - INFO - persist ingested knowledge for /app/data/rdk7542/90219/b413910/webui-90219/source/Styles/xb3/code/dmz.php
2025-08-11 04:57:15,368 - Knowledge - INFO - persist ingested knowledge for /app/data/rdk7542/90219/b413910/webui-90219/source/Styles/xb3/code/cmn/js/lib/jquery.validate.js
2025-08-11 04:57:15,871 - Knowledge - INFO - persist search terms embedding for source/Styles/xb3/code/index.php
2025-08-11 04:57:16,506 - Knowledge - INFO - persist search terms embedding for source/Styles/xb3/code/dmz.php
2025-08-11 04:57:16,532 - Knowledge - INFO - done ingest for /app/data/rdk7542/90219/b413910/webui-90219/source/Styles/xb3/code/trigger_spectrum_download.php
2025-08-11 04:57:16,748 - Knowledge - INFO - process ingested knowledge for /app/data/rdk7542/90219/b413910/webui-90219/source/Styles/xb3/code/trigger_spectrum_download.php
2025-08-11 04:57:16,836 - Knowledge - INFO - worker kw1 pull /app/data/rdk7542/90219/b413910/webui-90219/source/Styles/xb3/code/includes/header.php from ingest queue
2025-08-11 04:57:16,842 - Knowledge - INFO - worker kw19 pull /app/data/rdk7542/90219/b413910/webui-90219/source/Styles/xb3/code/DSXlog.php from ingest queue
2025-08-11 04:57:16,843 - Knowledge - INFO - Found code-base-name: https://github.com/kavia-common/webui-90219.git:kavia-master
2025-08-11 04:57:16,855 - Knowledge - INFO - worker kw12 pull /app/data/rdk7542/90219/b413910/webui-90219/source/Styles/xb3/code/includes/utility.php from ingest queue
2025-08-11 04:57:16,977 - Knowledge - INFO - Thread kw1 - File header.php - Remaining files in queue: 11
2025-08-11 04:57:17,090 - Knowledge - INFO - Thread kw19 - File DSXlog.php - Remaining files in queue: 11
2025-08-11 04:57:17,183 - Knowledge - INFO - done ingest for /app/data/rdk7542/90219/b413910/webui-90219/source/Styles/xb3/code/port_forwarding.php
2025-08-11 04:57:17,207 - Knowledge - INFO - Found code_base: <app.utils.kg_build.knowledge.KnowledgeCodeBase object at 0x7fac6214f850>
2025-08-11 04:57:17,334 - Knowledge - INFO - Thread kw12 - File utility.php - Remaining files in queue: 11
2025-08-11 04:57:17,450 - Knowledge - INFO - start ingest for /app/data/rdk7542/90219/b413910/webui-90219/source/Styles/xb3/code/includes/header.php
2025-08-11 04:57:17,581 - Knowledge - INFO - start ingest for /app/data/rdk7542/90219/b413910/webui-90219/source/Styles/xb3/code/DSXlog.php
2025-08-11 04:57:17,695 - Knowledge - INFO - process ingested knowledge for /app/data/rdk7542/90219/b413910/webui-90219/source/Styles/xb3/code/port_forwarding.php
2025-08-11 04:57:17,822 - Knowledge - INFO - persist ingested knowledge for /app/data/rdk7542/90219/b413910/webui-90219/source/Styles/xb3/code/trigger_spectrum_download.php
2025-08-11 04:57:17,916 - Knowledge - INFO - start ingest for /app/data/rdk7542/90219/b413910/webui-90219/source/Styles/xb3/code/includes/utility.php
2025-08-11 04:57:18,226 - Knowledge - INFO - Found code-base-name: https://github.com/kavia-common/webui-90219.git:kavia-master
2025-08-11 04:57:18,562 - Knowledge - INFO - Found code_base: <app.utils.kg_build.knowledge.KnowledgeCodeBase object at 0x7fac6214f850>
2025-08-11 04:57:18,658 - Knowledge - INFO - persist ingested knowledge for /app/data/rdk7542/90219/b413910/webui-90219/source/Styles/xb3/code/port_forwarding.php
2025-08-11 04:57:18,844 - Knowledge - INFO - persist search terms embedding for source/Styles/xb3/code/trigger_spectrum_download.php
2025-08-11 04:57:19,549 - Knowledge - INFO - persist search terms embedding for source/Styles/xb3/code/port_forwarding.php
2025-08-11 04:57:19,949 - Knowledge - INFO - worker kw2 pull /app/data/rdk7542/90219/b413910/webui-90219/source/Styles/xb3/code/backup_restore.php from ingest queue
2025-08-11 04:57:20,112 - Knowledge - INFO - worker kw16 pull /app/data/rdk7542/90219/b413910/webui-90219/source/Styles/xb3/code/includes/nav.php from ingest queue
2025-08-11 04:57:20,290 - Knowledge - INFO - Thread kw16 - File nav.php - Remaining files in queue: 9
2025-08-11 04:57:20,202 - Knowledge - INFO - done ingest for /app/data/rdk7542/90219/b413910/webui-90219/source/Styles/xb3/code/device_discovery.php
2025-08-11 04:57:20,166 - Knowledge - INFO - Thread kw2 - File backup_restore.php - Remaining files in queue: 9
2025-08-11 04:57:20,393 - Knowledge - INFO - start ingest for /app/data/rdk7542/90219/b413910/webui-90219/source/Styles/xb3/code/includes/nav.php
2025-08-11 04:57:20,514 - Knowledge - INFO - process ingested knowledge for /app/data/rdk7542/90219/b413910/webui-90219/source/Styles/xb3/code/device_discovery.php
2025-08-11 04:57:20,635 - Knowledge - INFO - start ingest for /app/data/rdk7542/90219/b413910/webui-90219/source/Styles/xb3/code/backup_restore.php
2025-08-11 04:57:20,853 - Knowledge - INFO - Found code-base-name: https://github.com/kavia-common/webui-90219.git:kavia-master
2025-08-11 04:57:21,069 - Knowledge - INFO - Found code_base: <app.utils.kg_build.knowledge.KnowledgeCodeBase object at 0x7fac6214f850>
2025-08-11 04:57:21,168 - Knowledge - INFO - persist ingested knowledge for /app/data/rdk7542/90219/b413910/webui-90219/source/Styles/xb3/code/device_discovery.php
2025-08-11 04:57:21,615 - Knowledge - INFO - done ingest for /app/data/rdk7542/90219/b413910/webui-90219/source/Styles/xb3/code/managed_devices.php
2025-08-11 04:57:21,737 - Knowledge - INFO - process ingested knowledge for /app/data/rdk7542/90219/b413910/webui-90219/source/Styles/xb3/code/managed_devices.php
2025-08-11 04:57:21,880 - Knowledge - ERROR - _service_ingest_queue had exception  for file /app/data/rdk7542/90219/b413910/webui-90219/source/Styles/xb3/code/cmn/js/lib/vis-network.min.js
Traceback (most recent call last):
  File "/usr/local/lib/python3.11/asyncio/tasks.py", line 500, in wait_for
    return fut.result()
           ^^^^^^^^^^^^
  File "/app/app/utils/kg_build/knowledge.py", line 1723, in _ingest_file
    response = await llm.llm_interaction_wrapper(
               ^^^^^^^^^^^^^^^^^^^^^^^^^^^^^^^^^^
  File "/usr/local/lib/python3.11/site-packages/llm_wrapper/core/llm_interface.py", line 338, in llm_interaction_wrapper
    completion = await invoke_llm()
                 ^^^^^^^^^^^^^^^^^^
  File "/usr/local/lib/python3.11/site-packages/llm_wrapper/core/llm_interface.py", line 284, in invoke_llm
    return await loop.run_in_executor(None, blocking_call_wrapper)
           ^^^^^^^^^^^^^^^^^^^^^^^^^^^^^^^^^^^^^^^^^^^^^^^^^^^^^^^
asyncio.exceptions.CancelledError

The above exception was the direct cause of the following exception:

Traceback (most recent call last):
  File "/app/app/utils/kg_build/knowledge.py", line 324, in _service_ingest_queue
    file_info = self.loop_worker.run_until_complete(asyncio.wait_for( knowledge._ingest_file(filename, self.mongo_handler), knowledge.timeout))
                ^^^^^^^^^^^^^^^^^^^^^^^^^^^^^^^^^^^^^^^^^^^^^^^^^^^^^^^^^^^^^^^^^^^^^^^^^^^^^^^^^^^^^^^^^^^^^^^^^^^^^^^^^^^^^^^^^^^^^^^^^^^^^^^
  File "/usr/local/lib/python3.11/asyncio/base_events.py", line 654, in run_until_complete
    return future.result()
           ^^^^^^^^^^^^^^^
  File "/usr/local/lib/python3.11/asyncio/tasks.py", line 502, in wait_for
    raise exceptions.TimeoutError() from exc
TimeoutError
2025-08-11 04:57:21,884 - Knowledge - INFO - persist search terms embedding for source/Styles/xb3/code/device_discovery.php
2025-08-11 04:57:22,070 - Knowledge - INFO - process ingested knowledge for /app/data/rdk7542/90219/b413910/webui-90219/source/Styles/xb3/code/cmn/js/lib/vis-network.min.js
2025-08-11 04:57:22,108 - Knowledge - INFO - Found code-base-name: https://github.com/kavia-common/webui-90219.git:kavia-master
2025-08-11 04:57:22,111 - Knowledge - INFO - worker kw5 pull /app/data/rdk7542/90219/b413910/webui-90219/source/CcspPhpExtension/php_cosa.h from ingest queue
2025-08-11 04:57:22,213 - Knowledge - INFO - Found code-base-name: https://github.com/kavia-common/webui-90219.git:kavia-master
2025-08-11 04:57:22,327 - Knowledge - INFO - Found code_base: <app.utils.kg_build.knowledge.KnowledgeCodeBase object at 0x7fac6214f850>
2025-08-11 04:57:22,404 - Knowledge - INFO - Thread kw5 - File php_cosa.h - Remaining files in queue: 8
2025-08-11 04:57:22,538 - Knowledge - INFO - Found code_base: <app.utils.kg_build.knowledge.KnowledgeCodeBase object at 0x7fac6214f850>
2025-08-11 04:57:22,704 - Knowledge - INFO - persist ingested knowledge for /app/data/rdk7542/90219/b413910/webui-90219/source/Styles/xb3/code/managed_devices.php
2025-08-11 04:57:22,780 - Knowledge - INFO - done ingest for /app/data/rdk7542/90219/b413910/webui-90219/source/Styles/xb3/code/wireless_network_configuration_wps.php
2025-08-11 04:57:22,809 - Knowledge - INFO - done ingest for /app/data/rdk7542/90219/b413910/webui-90219/source/Styles/xb3/code/port_forwarding_add.php
2025-08-11 04:57:22,826 - Knowledge - INFO - start ingest for /app/data/rdk7542/90219/b413910/webui-90219/source/CcspPhpExtension/php_cosa.h
2025-08-11 04:57:22,936 - Knowledge - INFO - persist ingested knowledge for /app/data/rdk7542/90219/b413910/webui-90219/source/Styles/xb3/code/cmn/js/lib/vis-network.min.js
2025-08-11 04:57:23,171 - Knowledge - INFO - process ingested knowledge for /app/data/rdk7542/90219/b413910/webui-90219/source/Styles/xb3/code/wireless_network_configuration_wps.php
2025-08-11 04:57:23,226 - Knowledge - INFO - done ingest for /app/data/rdk7542/90219/b413910/webui-90219/source/Styles/xb3/code/wifi.php
2025-08-11 04:57:23,680 - Knowledge - INFO - process ingested knowledge for /app/data/rdk7542/90219/b413910/webui-90219/source/Styles/xb3/code/wifi.php
2025-08-11 04:57:23,549 - Knowledge - INFO - persist search terms embedding for source/Styles/xb3/code/managed_devices.php
2025-08-11 04:57:23,621 - Knowledge - INFO - done ingest for /app/data/rdk7542/90219/b413910/webui-90219/source/Styles/xb3/code/includes/footer.php
2025-08-11 04:57:23,292 - Knowledge - INFO - process ingested knowledge for /app/data/rdk7542/90219/b413910/webui-90219/source/Styles/xb3/code/port_forwarding_add.php
2025-08-11 04:57:24,025 - Knowledge - INFO - process ingested knowledge for /app/data/rdk7542/90219/b413910/webui-90219/source/Styles/xb3/code/includes/footer.php
2025-08-11 04:57:24,070 - Knowledge - INFO - Found code-base-name: https://github.com/kavia-common/webui-90219.git:kavia-master
2025-08-11 04:57:24,075 - Knowledge - INFO - Found code-base-name: https://github.com/kavia-common/webui-90219.git:kavia-master
2025-08-11 04:57:24,075 - Knowledge - INFO - worker kw7 pull /app/data/rdk7542/90219/b413910/webui-90219/source/CcspPhpExtension/cosa.c from ingest queue
2025-08-11 04:57:24,076 - Knowledge - INFO - worker kw3 pull /app/data/rdk7542/90219/b413910/webui-90219/source/CcspPhpApi/ccspdm.php from ingest queue
2025-08-11 04:57:24,133 - Knowledge - INFO - Found code-base-name: https://github.com/kavia-common/webui-90219.git:kavia-master
2025-08-11 04:57:24,246 - Knowledge - INFO - Found code-base-name: https://github.com/kavia-common/webui-90219.git:kavia-master
2025-08-11 04:57:24,348 - Knowledge - INFO - Found code_base: <app.utils.kg_build.knowledge.KnowledgeCodeBase object at 0x7fac6214f850>
2025-08-11 04:57:24,449 - Knowledge - INFO - Found code_base: <app.utils.kg_build.knowledge.KnowledgeCodeBase object at 0x7fac6214f850>
2025-08-11 04:57:24,591 - Knowledge - INFO - Thread kw7 - File cosa.c - Remaining files in queue: 6
2025-08-11 04:57:24,680 - Knowledge - INFO - Thread kw3 - File ccspdm.php - Remaining files in queue: 6
2025-08-11 04:57:24,803 - Knowledge - INFO - Found code_base: <app.utils.kg_build.knowledge.KnowledgeCodeBase object at 0x7fac6214f850>
2025-08-11 04:57:24,913 - Knowledge - INFO - Found code_base: <app.utils.kg_build.knowledge.KnowledgeCodeBase object at 0x7fac6214f850>
2025-08-11 04:57:25,051 - Knowledge - INFO - persist ingested knowledge for /app/data/rdk7542/90219/b413910/webui-90219/source/Styles/xb3/code/wireless_network_configuration_wps.php
2025-08-11 04:57:25,164 - Knowledge - INFO - persist ingested knowledge for /app/data/rdk7542/90219/b413910/webui-90219/source/Styles/xb3/code/wifi.php
2025-08-11 04:57:25,288 - Knowledge - INFO - start ingest for /app/data/rdk7542/90219/b413910/webui-90219/source/CcspPhpExtension/cosa.c
2025-08-11 04:57:25,414 - Knowledge - INFO - start ingest for /app/data/rdk7542/90219/b413910/webui-90219/source/CcspPhpApi/ccspdm.php
2025-08-11 04:57:25,515 - Knowledge - INFO - persist ingested knowledge for /app/data/rdk7542/90219/b413910/webui-90219/source/Styles/xb3/code/port_forwarding_add.php
2025-08-11 04:57:25,634 - Knowledge - INFO - persist ingested knowledge for /app/data/rdk7542/90219/b413910/webui-90219/source/Styles/xb3/code/includes/footer.php
2025-08-11 04:57:25,689 - Knowledge - INFO - done ingest for /app/data/rdk7542/90219/b413910/webui-90219/source/Styles/xb3/code/connection_status.php
2025-08-11 04:57:26,318 - Knowledge - INFO - persist search terms embedding for source/Styles/xb3/code/wireless_network_configuration_wps.php
2025-08-11 04:57:26,542 - Knowledge - INFO - process ingested knowledge for /app/data/rdk7542/90219/b413910/webui-90219/source/Styles/xb3/code/connection_status.php
2025-08-11 04:57:26,966 - Knowledge - INFO - done ingest for /app/data/rdk7542/90219/b413910/webui-90219/source/Styles/xb3/code/managed_devices_edit_blocked.php
2025-08-11 04:57:27,051 - Knowledge - INFO - process ingested knowledge for /app/data/rdk7542/90219/b413910/webui-90219/source/Styles/xb3/code/managed_devices_edit_blocked.php
2025-08-11 04:57:27,200 - Knowledge - INFO - persist search terms embedding for source/Styles/xb3/code/wifi.php
2025-08-11 04:57:27,643 - Knowledge - INFO - done ingest for /app/data/rdk7542/90219/b413910/webui-90219/source/Styles/xb3/code/moca_diagnostics.php
2025-08-11 04:57:27,752 - Knowledge - INFO - process ingested knowledge for /app/data/rdk7542/90219/b413910/webui-90219/source/Styles/xb3/code/moca_diagnostics.php
2025-08-11 04:57:27,878 - Knowledge - INFO - persist search terms embedding for source/Styles/xb3/code/port_forwarding_add.php
2025-08-11 04:57:28,533 - Knowledge - INFO - persist search terms embedding for source/Styles/xb3/code/includes/footer.php
2025-08-11 04:57:28,649 - Knowledge - INFO - worker kw18 pull /app/data/rdk7542/90219/b413910/webui-90219/source/CcspPhpApi/ccsptest.php from ingest queue
2025-08-11 04:57:28,653 - Knowledge - INFO - Found code-base-name: https://github.com/kavia-common/webui-90219.git:kavia-master
2025-08-11 04:57:28,654 - Knowledge - INFO - worker kw11 pull /app/data/rdk7542/90219/b413910/webui-90219/cmpnt_build_custom_pre_pc.mk from ingest queue
2025-08-11 04:57:28,660 - Knowledge - INFO - worker kw17 pull /app/data/rdk7542/90219/b413910/webui-90219/source/Styles/xb3/code/hs_port_forwarding_add.php from ingest queue
2025-08-11 04:57:28,664 - Knowledge - INFO - Found code-base-name: https://github.com/kavia-common/webui-90219.git:kavia-master
2025-08-11 04:57:28,671 - Knowledge - INFO - worker kw9 pull /app/data/rdk7542/90219/b413910/webui-90219/source/Styles/xb3/code/dynamic_dns.php from ingest queue
2025-08-11 04:57:28,674 - Knowledge - INFO - Found code-base-name: https://github.com/kavia-common/webui-90219.git:kavia-master
2025-08-11 04:57:28,730 - Knowledge - INFO - Thread kw18 - File ccsptest.php - Remaining files in queue: 2
2025-08-11 04:57:28,859 - Knowledge - INFO - Found code_base: <app.utils.kg_build.knowledge.KnowledgeCodeBase object at 0x7fac6214f850>
2025-08-11 04:57:28,971 - Knowledge - INFO - Thread kw11 - File cmpnt_build_custom_pre_pc.mk - Remaining files in queue: 2
2025-08-11 04:57:29,108 - Knowledge - INFO - Thread kw17 - File hs_port_forwarding_add.php - Remaining files in queue: 2
2025-08-11 04:57:29,217 - Knowledge - INFO - Found code_base: <app.utils.kg_build.knowledge.KnowledgeCodeBase object at 0x7fac6214f850>
2025-08-11 04:57:29,381 - Knowledge - INFO - Thread kw9 - File dynamic_dns.php - Remaining files in queue: 2
2025-08-11 04:57:29,478 - Knowledge - INFO - Found code_base: <app.utils.kg_build.knowledge.KnowledgeCodeBase object at 0x7fac6214f850>
2025-08-11 04:57:29,596 - Knowledge - INFO - start ingest for /app/data/rdk7542/90219/b413910/webui-90219/source/CcspPhpApi/ccsptest.php
2025-08-11 04:57:29,723 - Knowledge - INFO - persist ingested knowledge for /app/data/rdk7542/90219/b413910/webui-90219/source/Styles/xb3/code/connection_status.php
2025-08-11 04:57:29,825 - Knowledge - INFO - start ingest for /app/data/rdk7542/90219/b413910/webui-90219/cmpnt_build_custom_pre_pc.mk
2025-08-11 04:57:29,934 - Knowledge - INFO - start ingest for /app/data/rdk7542/90219/b413910/webui-90219/source/Styles/xb3/code/hs_port_forwarding_add.php
2025-08-11 04:57:30,050 - Knowledge - INFO - persist ingested knowledge for /app/data/rdk7542/90219/b413910/webui-90219/source/Styles/xb3/code/managed_devices_edit_blocked.php
2025-08-11 04:57:30,198 - Knowledge - INFO - start ingest for /app/data/rdk7542/90219/b413910/webui-90219/source/Styles/xb3/code/dynamic_dns.php
2025-08-11 04:57:30,288 - Knowledge - INFO - persist ingested knowledge for /app/data/rdk7542/90219/b413910/webui-90219/source/Styles/xb3/code/moca_diagnostics.php
2025-08-11 04:57:30,437 - Knowledge - INFO - done ingest for /app/data/rdk7542/90219/b413910/webui-90219/source/Styles/xb3/code/hs_port_forwarding.php
2025-08-11 04:57:30,994 - Knowledge - INFO - done ingest for /app/data/rdk7542/90219/b413910/webui-90219/source/Styles/xb3/code/remote_management.php
2025-08-11 04:57:31,265 - Knowledge - INFO - persist search terms embedding for source/Styles/xb3/code/connection_status.php
2025-08-11 04:57:31,303 - Knowledge - INFO - process ingested knowledge for /app/data/rdk7542/90219/b413910/webui-90219/source/Styles/xb3/code/hs_port_forwarding.php
2025-08-11 04:57:31,426 - Knowledge - INFO - process ingested knowledge for /app/data/rdk7542/90219/b413910/webui-90219/source/Styles/xb3/code/remote_management.php
2025-08-11 04:57:32,197 - Knowledge - INFO - persist search terms embedding for source/Styles/xb3/code/managed_devices_edit_blocked.php
2025-08-11 04:57:32,844 - Knowledge - INFO - persist search terms embedding for source/Styles/xb3/code/moca_diagnostics.php
2025-08-11 04:57:32,956 - Knowledge - INFO - worker kw24 pull /app/data/rdk7542/90219/b413910/webui-90219/CONTRIBUTING.md from ingest queue
2025-08-11 04:57:32,958 - Knowledge - INFO - Found code-base-name: https://github.com/kavia-common/webui-90219.git:kavia-master
2025-08-11 04:57:32,959 - Knowledge - INFO - worker kw22 pull /app/data/rdk7542/90219/b413910/webui-90219/README.md from ingest queue
2025-08-11 04:57:32,964 - Knowledge - INFO - Found code-base-name: https://github.com/kavia-common/webui-90219.git:kavia-master
2025-08-11 04:57:33,076 - Knowledge - INFO - Thread kw24 - File CONTRIBUTING.md - Remaining files in queue: 0
2025-08-11 04:57:33,208 - Knowledge - INFO - Found code_base: <app.utils.kg_build.knowledge.KnowledgeCodeBase object at 0x7fac6214f850>
2025-08-11 04:57:33,339 - Knowledge - INFO - Thread kw22 - File README.md - Remaining files in queue: 0
2025-08-11 04:57:33,455 - Knowledge - INFO - Found code_base: <app.utils.kg_build.knowledge.KnowledgeCodeBase object at 0x7fac6214f850>
2025-08-11 04:57:33,560 - Knowledge - INFO - start ingest for /app/data/rdk7542/90219/b413910/webui-90219/CONTRIBUTING.md
2025-08-11 04:57:33,686 - Knowledge - INFO - persist ingested knowledge for /app/data/rdk7542/90219/b413910/webui-90219/source/Styles/xb3/code/remote_management.php
2025-08-11 04:57:33,817 - Knowledge - INFO - start ingest for /app/data/rdk7542/90219/b413910/webui-90219/README.md
2025-08-11 04:57:33,939 - Knowledge - INFO - persist ingested knowledge for /app/data/rdk7542/90219/b413910/webui-90219/source/Styles/xb3/code/hs_port_forwarding.php
2025-08-11 04:57:34,128 - Knowledge - INFO - Fast-track processing for simple file: /app/data/rdk7542/90219/b413910/webui-90219/CONTRIBUTING.md
2025-08-11 04:57:34,392 - Knowledge - INFO - Fast-track processing for simple file: /app/data/rdk7542/90219/b413910/webui-90219/README.md
2025-08-11 04:57:34,534 - Knowledge - INFO - done ingest for /app/data/rdk7542/90219/b413910/webui-90219/source/Styles/xb3/code/wizard_step1.php
2025-08-11 04:57:34,541 - Knowledge - INFO - done fast ingest for /app/data/rdk7542/90219/b413910/webui-90219/CONTRIBUTING.md
2025-08-11 04:57:34,664 - Knowledge - INFO - done fast ingest for /app/data/rdk7542/90219/b413910/webui-90219/README.md
2025-08-11 04:57:34,780 - Knowledge - INFO - process ingested knowledge for /app/data/rdk7542/90219/b413910/webui-90219/source/Styles/xb3/code/wizard_step1.php
2025-08-11 04:57:34,787 - Knowledge - INFO - persist search terms embedding for source/Styles/xb3/code/remote_management.php
2025-08-11 04:57:34,883 - Knowledge - INFO - process ingested knowledge for /app/data/rdk7542/90219/b413910/webui-90219/CONTRIBUTING.md
2025-08-11 04:57:35,037 - Knowledge - INFO - process ingested knowledge for /app/data/rdk7542/90219/b413910/webui-90219/README.md
2025-08-11 04:57:35,898 - Knowledge - INFO - persist search terms embedding for source/Styles/xb3/code/hs_port_forwarding.php
2025-08-11 04:57:35,999 - Knowledge - INFO - Found code-base-name: https://github.com/kavia-common/webui-90219.git:kavia-master
2025-08-11 04:57:36,010 - Knowledge - INFO - Found code-base-name: https://github.com/kavia-common/webui-90219.git:kavia-master
2025-08-11 04:57:36,032 - Knowledge - INFO - Found code-base-name: https://github.com/kavia-common/webui-90219.git:kavia-master
2025-08-11 04:57:36,087 - Knowledge - INFO - Found code_base: <app.utils.kg_build.knowledge.KnowledgeCodeBase object at 0x7fac6214f850>
2025-08-11 04:57:36,203 - Knowledge - INFO - Found code_base: <app.utils.kg_build.knowledge.KnowledgeCodeBase object at 0x7fac6214f850>
2025-08-11 04:57:36,524 - Knowledge - INFO - persist ingested knowledge for /app/data/rdk7542/90219/b413910/webui-90219/README.md
2025-08-11 04:57:36,402 - Knowledge - INFO - persist ingested knowledge for /app/data/rdk7542/90219/b413910/webui-90219/source/Styles/xb3/code/wizard_step1.php
2025-08-11 04:57:36,310 - Knowledge - INFO - Found code_base: <app.utils.kg_build.knowledge.KnowledgeCodeBase object at 0x7fac6214f850>
2025-08-11 04:57:36,822 - Knowledge - INFO - persist ingested knowledge for /app/data/rdk7542/90219/b413910/webui-90219/CONTRIBUTING.md
2025-08-11 04:57:36,953 - Knowledge - INFO - done ingest for /app/data/rdk7542/90219/b413910/webui-90219/source/Styles/xb3/code/mta_sip_packet_log.php
2025-08-11 04:57:37,060 - Knowledge - INFO - process ingested knowledge for /app/data/rdk7542/90219/b413910/webui-90219/source/Styles/xb3/code/mta_sip_packet_log.php
2025-08-11 04:57:37,621 - Knowledge - INFO - persist search terms embedding for source/Styles/xb3/code/wizard_step1.php
2025-08-11 04:57:37,756 - Knowledge - INFO - Found code-base-name: https://github.com/kavia-common/webui-90219.git:kavia-master
2025-08-11 04:57:37,865 - Knowledge - INFO - Found code_base: <app.utils.kg_build.knowledge.KnowledgeCodeBase object at 0x7fac6214f850>
2025-08-11 04:57:37,984 - Knowledge - INFO - persist ingested knowledge for /app/data/rdk7542/90219/b413910/webui-90219/source/Styles/xb3/code/mta_sip_packet_log.php
2025-08-11 04:57:38,664 - Knowledge - INFO - persist search terms embedding for source/Styles/xb3/code/mta_sip_packet_log.php
2025-08-11 04:57:39,114 - Knowledge - INFO - done ingest for /app/data/rdk7542/90219/b413910/webui-90219/source/Styles/xb3/code/includes/userbar.php
2025-08-11 04:57:39,214 - Knowledge - INFO - process ingested knowledge for /app/data/rdk7542/90219/b413910/webui-90219/source/Styles/xb3/code/includes/userbar.php
2025-08-11 04:57:39,374 - Knowledge - INFO - Found code-base-name: https://github.com/kavia-common/webui-90219.git:kavia-master
2025-08-11 04:57:39,494 - Knowledge - INFO - Found code_base: <app.utils.kg_build.knowledge.KnowledgeCodeBase object at 0x7fac6214f850>
2025-08-11 04:57:39,569 - Knowledge - INFO - done ingest for /app/data/rdk7542/90219/b413910/webui-90219/cmpnt_build_custom_pre_pc.mk
2025-08-11 04:57:39,606 - Knowledge - INFO - persist ingested knowledge for /app/data/rdk7542/90219/b413910/webui-90219/source/Styles/xb3/code/includes/userbar.php
2025-08-11 04:57:39,726 - Knowledge - INFO - process ingested knowledge for /app/data/rdk7542/90219/b413910/webui-90219/cmpnt_build_custom_pre_pc.mk
2025-08-11 04:57:39,897 - Knowledge - INFO - done ingest for /app/data/rdk7542/90219/b413910/webui-90219/source/Styles/xb3/code/dynamic_dns_add.php
2025-08-11 04:57:40,126 - Knowledge - INFO - process ingested knowledge for /app/data/rdk7542/90219/b413910/webui-90219/source/Styles/xb3/code/dynamic_dns_add.php
2025-08-11 04:57:40,964 - Knowledge - INFO - persist search terms embedding for source/Styles/xb3/code/includes/userbar.php
2025-08-11 04:57:41,149 - Knowledge - INFO - Found code-base-name: https://github.com/kavia-common/webui-90219.git:kavia-master
2025-08-11 04:57:41,184 - Knowledge - INFO - Found code-base-name: https://github.com/kavia-common/webui-90219.git:kavia-master
2025-08-11 04:57:41,242 - Knowledge - INFO - Found code_base: <app.utils.kg_build.knowledge.KnowledgeCodeBase object at 0x7fac6214f850>
2025-08-11 04:57:41,358 - Knowledge - INFO - Found code_base: <app.utils.kg_build.knowledge.KnowledgeCodeBase object at 0x7fac6214f850>
2025-08-11 04:57:41,536 - Knowledge - INFO - persist ingested knowledge for /app/data/rdk7542/90219/b413910/webui-90219/source/Styles/xb3/code/dynamic_dns_add.php
2025-08-11 04:57:41,448 - Knowledge - INFO - persist ingested knowledge for /app/data/rdk7542/90219/b413910/webui-90219/cmpnt_build_custom_pre_pc.mk
2025-08-11 04:57:42,232 - Knowledge - INFO - persist search terms embedding for source/Styles/xb3/code/dynamic_dns_add.php
2025-08-11 04:57:42,546 - Knowledge - INFO - done ingest for /app/data/rdk7542/90219/b413910/webui-90219/source/Styles/xb3/code/parental_reports.php
2025-08-11 04:57:42,654 - Knowledge - INFO - process ingested knowledge for /app/data/rdk7542/90219/b413910/webui-90219/source/Styles/xb3/code/parental_reports.php
2025-08-11 04:57:42,733 - Knowledge - INFO - done ingest for /app/data/rdk7542/90219/b413910/webui-90219/source/Styles/xb3/code/DSXlog.php
2025-08-11 04:57:42,846 - Knowledge - INFO - Found code-base-name: https://github.com/kavia-common/webui-90219.git:kavia-master
2025-08-11 04:57:42,893 - Knowledge - INFO - process ingested knowledge for /app/data/rdk7542/90219/b413910/webui-90219/source/Styles/xb3/code/DSXlog.php
2025-08-11 04:57:43,008 - Knowledge - INFO - Found code_base: <app.utils.kg_build.knowledge.KnowledgeCodeBase object at 0x7fac6214f850>
2025-08-11 04:57:43,131 - Knowledge - INFO - Found code-base-name: https://github.com/kavia-common/webui-90219.git:kavia-master
2025-08-11 04:57:43,247 - Knowledge - INFO - persist ingested knowledge for /app/data/rdk7542/90219/b413910/webui-90219/source/Styles/xb3/code/parental_reports.php
2025-08-11 04:57:43,359 - Knowledge - INFO - Found code_base: <app.utils.kg_build.knowledge.KnowledgeCodeBase object at 0x7fac6214f850>
2025-08-11 04:57:43,533 - Knowledge - INFO - done ingest for /app/data/rdk7542/90219/b413910/webui-90219/source/Styles/xb3/code/backup_restore.php
2025-08-11 04:57:43,578 - Knowledge - INFO - persist ingested knowledge for /app/data/rdk7542/90219/b413910/webui-90219/source/Styles/xb3/code/DSXlog.php
2025-08-11 04:57:43,733 - Knowledge - INFO - process ingested knowledge for /app/data/rdk7542/90219/b413910/webui-90219/source/Styles/xb3/code/backup_restore.php
2025-08-11 04:57:43,821 - Knowledge - INFO - done ingest for /app/data/rdk7542/90219/b413910/webui-90219/source/Styles/xb3/code/managed_services_edit.php
2025-08-11 04:57:44,024 - Knowledge - INFO - persist search terms embedding for source/Styles/xb3/code/parental_reports.php
2025-08-11 04:57:44,100 - Knowledge - INFO - process ingested knowledge for /app/data/rdk7542/90219/b413910/webui-90219/source/Styles/xb3/code/managed_services_edit.php
2025-08-11 04:57:44,879 - Knowledge - INFO - persist search terms embedding for source/Styles/xb3/code/DSXlog.php
2025-08-11 04:57:44,991 - Knowledge - INFO - Found code-base-name: https://github.com/kavia-common/webui-90219.git:kavia-master
2025-08-11 04:57:44,994 - Knowledge - INFO - Found code-base-name: https://github.com/kavia-common/webui-90219.git:kavia-master
2025-08-11 04:57:45,118 - Knowledge - INFO - Found code_base: <app.utils.kg_build.knowledge.KnowledgeCodeBase object at 0x7fac6214f850>
2025-08-11 04:57:45,231 - Knowledge - INFO - Found code_base: <app.utils.kg_build.knowledge.KnowledgeCodeBase object at 0x7fac6214f850>
2025-08-11 04:57:45,311 - Knowledge - INFO - persist ingested knowledge for /app/data/rdk7542/90219/b413910/webui-90219/source/Styles/xb3/code/backup_restore.php
2025-08-11 04:57:45,442 - Knowledge - INFO - persist ingested knowledge for /app/data/rdk7542/90219/b413910/webui-90219/source/Styles/xb3/code/managed_services_edit.php
2025-08-11 04:57:46,421 - Knowledge - INFO - done ingest for /app/data/rdk7542/90219/b413910/webui-90219/source/Styles/xb3/code/includes/header.php
2025-08-11 04:57:46,526 - Knowledge - INFO - process ingested knowledge for /app/data/rdk7542/90219/b413910/webui-90219/source/Styles/xb3/code/includes/header.php
2025-08-11 04:57:46,954 - Knowledge - INFO - persist search terms embedding for source/Styles/xb3/code/backup_restore.php
2025-08-11 04:57:47,109 - Knowledge - INFO - Found code-base-name: https://github.com/kavia-common/webui-90219.git:kavia-master
2025-08-11 04:57:47,205 - Knowledge - INFO - Found code_base: <app.utils.kg_build.knowledge.KnowledgeCodeBase object at 0x7fac6214f850>
2025-08-11 04:57:47,332 - Knowledge - INFO - persist ingested knowledge for /app/data/rdk7542/90219/b413910/webui-90219/source/Styles/xb3/code/includes/header.php
2025-08-11 04:57:47,670 - Knowledge - INFO - persist search terms embedding for source/Styles/xb3/code/managed_services_edit.php
2025-08-11 04:57:48,405 - Knowledge - INFO - persist search terms embedding for source/Styles/xb3/code/includes/header.php
2025-08-11 04:57:49,821 - Knowledge - INFO - done ingest for /app/data/rdk7542/90219/b413910/webui-90219/source/Styles/xb3/code/hs_port_forwarding_add.php
2025-08-11 04:57:49,908 - Knowledge - INFO - process ingested knowledge for /app/data/rdk7542/90219/b413910/webui-90219/source/Styles/xb3/code/hs_port_forwarding_add.php
2025-08-11 04:57:50,034 - Knowledge - INFO - Found code-base-name: https://github.com/kavia-common/webui-90219.git:kavia-master
2025-08-11 04:57:50,159 - Knowledge - INFO - Found code_base: <app.utils.kg_build.knowledge.KnowledgeCodeBase object at 0x7fac6214f850>
2025-08-11 04:57:50,277 - Knowledge - INFO - persist ingested knowledge for /app/data/rdk7542/90219/b413910/webui-90219/source/Styles/xb3/code/hs_port_forwarding_add.php
2025-08-11 04:57:50,521 - Knowledge - INFO - done ingest for /app/data/rdk7542/90219/b413910/webui-90219/source/CcspPhpApi/ccsptest.php
2025-08-11 04:57:50,623 - Knowledge - INFO - process ingested knowledge for /app/data/rdk7542/90219/b413910/webui-90219/source/CcspPhpApi/ccsptest.php
2025-08-11 04:57:50,926 - Knowledge - INFO - done ingest for /app/data/rdk7542/90219/b413910/webui-90219/source/Styles/xb3/code/wireless_network_configuration_edit.php
2025-08-11 04:57:51,016 - Knowledge - INFO - persist search terms embedding for source/Styles/xb3/code/hs_port_forwarding_add.php
2025-08-11 04:57:51,035 - Knowledge - INFO - process ingested knowledge for /app/data/rdk7542/90219/b413910/webui-90219/source/Styles/xb3/code/wireless_network_configuration_edit.php
2025-08-11 04:57:51,169 - Knowledge - INFO - Found code-base-name: https://github.com/kavia-common/webui-90219.git:kavia-master
2025-08-11 04:57:51,375 - Knowledge - INFO - Found code_base: <app.utils.kg_build.knowledge.KnowledgeCodeBase object at 0x7fac6214f850>
2025-08-11 04:57:51,325 - Knowledge - INFO - done ingest for /app/data/rdk7542/90219/b413910/webui-90219/source/Styles/xb3/code/dynamic_dns.php
2025-08-11 04:57:51,398 - Knowledge - INFO - Found code-base-name: https://github.com/kavia-common/webui-90219.git:kavia-master
2025-08-11 04:57:51,490 - Knowledge - INFO - persist ingested knowledge for /app/data/rdk7542/90219/b413910/webui-90219/source/CcspPhpApi/ccsptest.php
2025-08-11 04:57:51,615 - Knowledge - INFO - process ingested knowledge for /app/data/rdk7542/90219/b413910/webui-90219/source/Styles/xb3/code/dynamic_dns.php
2025-08-11 04:57:51,719 - Knowledge - INFO - Found code_base: <app.utils.kg_build.knowledge.KnowledgeCodeBase object at 0x7fac6214f850>
2025-08-11 04:57:52,064 - Knowledge - INFO - persist ingested knowledge for /app/data/rdk7542/90219/b413910/webui-90219/source/Styles/xb3/code/wireless_network_configuration_edit.php
2025-08-11 04:57:52,339 - Knowledge - INFO - persist search terms embedding for source/CcspPhpApi/ccsptest.php
2025-08-11 04:57:52,493 - Knowledge - INFO - done ingest for /app/data/rdk7542/90219/b413910/webui-90219/source/Styles/xb3/code/includes/nav.php
2025-08-11 04:57:52,586 - Knowledge - INFO - process ingested knowledge for /app/data/rdk7542/90219/b413910/webui-90219/source/Styles/xb3/code/includes/nav.php
2025-08-11 04:57:52,588 - Knowledge - INFO - Found code-base-name: https://github.com/kavia-common/webui-90219.git:kavia-master
2025-08-11 04:57:52,604 - Knowledge - INFO - done ingest for /app/data/rdk7542/90219/b413910/webui-90219/source/CcspPhpApi/ccspdm.php
2025-08-11 04:57:52,813 - Knowledge - INFO - Found code_base: <app.utils.kg_build.knowledge.KnowledgeCodeBase object at 0x7fac6214f850>
2025-08-11 04:57:52,935 - Knowledge - INFO - process ingested knowledge for /app/data/rdk7542/90219/b413910/webui-90219/source/CcspPhpApi/ccspdm.php
2025-08-11 04:57:53,123 - Knowledge - INFO - persist ingested knowledge for /app/data/rdk7542/90219/b413910/webui-90219/source/Styles/xb3/code/dynamic_dns.php
2025-08-11 04:57:53,306 - Knowledge - INFO - persist search terms embedding for source/Styles/xb3/code/wireless_network_configuration_edit.php
2025-08-11 04:57:53,549 - Knowledge - INFO - Found code-base-name: https://github.com/kavia-common/webui-90219.git:kavia-master
2025-08-11 04:57:53,558 - Knowledge - INFO - Found code-base-name: https://github.com/kavia-common/webui-90219.git:kavia-master
2025-08-11 04:57:53,679 - Knowledge - INFO - Found code_base: <app.utils.kg_build.knowledge.KnowledgeCodeBase object at 0x7fac6214f850>
2025-08-11 04:57:53,791 - Knowledge - INFO - Found code_base: <app.utils.kg_build.knowledge.KnowledgeCodeBase object at 0x7fac6214f850>
2025-08-11 04:57:53,889 - Knowledge - INFO - persist ingested knowledge for /app/data/rdk7542/90219/b413910/webui-90219/source/Styles/xb3/code/includes/nav.php
2025-08-11 04:57:54,018 - Knowledge - INFO - persist ingested knowledge for /app/data/rdk7542/90219/b413910/webui-90219/source/CcspPhpApi/ccspdm.php
2025-08-11 04:57:54,122 - Knowledge - INFO - persist search terms embedding for source/Styles/xb3/code/dynamic_dns.php
2025-08-11 04:57:55,028 - Knowledge - INFO - persist search terms embedding for source/CcspPhpApi/ccspdm.php
2025-08-11 04:57:55,605 - Knowledge - INFO - done ingest for /app/data/rdk7542/90219/b413910/webui-90219/source/Styles/xb3/code/includes/actionHandlerUtility.php
2025-08-11 04:57:55,743 - Knowledge - INFO - process ingested knowledge for /app/data/rdk7542/90219/b413910/webui-90219/source/Styles/xb3/code/includes/actionHandlerUtility.php
2025-08-11 04:57:56,533 - Knowledge - INFO - persist search terms embedding for source/Styles/xb3/code/includes/nav.php
2025-08-11 04:57:56,668 - Knowledge - INFO - Found code-base-name: https://github.com/kavia-common/webui-90219.git:kavia-master
2025-08-11 04:57:56,787 - Knowledge - INFO - Found code_base: <app.utils.kg_build.knowledge.KnowledgeCodeBase object at 0x7fac6214f850>
2025-08-11 04:57:56,941 - Knowledge - INFO - persist ingested knowledge for /app/data/rdk7542/90219/b413910/webui-90219/source/Styles/xb3/code/includes/actionHandlerUtility.php
2025-08-11 04:57:56,986 - Knowledge - INFO - done ingest for /app/data/rdk7542/90219/b413910/webui-90219/source/CcspPhpExtension/php_cosa.h
2025-08-11 04:57:57,316 - Knowledge - INFO - process ingested knowledge for /app/data/rdk7542/90219/b413910/webui-90219/source/CcspPhpExtension/php_cosa.h
2025-08-11 04:57:58,350 - Knowledge - INFO - persist search terms embedding for source/Styles/xb3/code/includes/actionHandlerUtility.php
2025-08-11 04:57:58,635 - Knowledge - INFO - done ingest for /app/data/rdk7542/90219/b413910/webui-90219/source/Styles/xb3/code/includes/utility.php
2025-08-11 04:57:58,640 - Knowledge - INFO - Found code-base-name: https://github.com/kavia-common/webui-90219.git:kavia-master
2025-08-11 04:57:58,738 - Knowledge - INFO - process ingested knowledge for /app/data/rdk7542/90219/b413910/webui-90219/source/Styles/xb3/code/includes/utility.php
2025-08-11 04:57:58,859 - Knowledge - INFO - Found code_base: <app.utils.kg_build.knowledge.KnowledgeCodeBase object at 0x7fac6214f850>
2025-08-11 04:57:59,055 - Knowledge - INFO - persist ingested knowledge for /app/data/rdk7542/90219/b413910/webui-90219/source/CcspPhpExtension/php_cosa.h
2025-08-11 04:57:58,947 - Knowledge - INFO - Found code-base-name: https://github.com/kavia-common/webui-90219.git:kavia-master
2025-08-11 04:57:59,275 - Knowledge - INFO - Found code_base: <app.utils.kg_build.knowledge.KnowledgeCodeBase object at 0x7fac6214f850>
2025-08-11 04:57:59,365 - Knowledge - INFO - persist ingested knowledge for /app/data/rdk7542/90219/b413910/webui-90219/source/Styles/xb3/code/includes/utility.php
2025-08-11 04:57:59,741 - Knowledge - INFO - persist search terms embedding for source/CcspPhpExtension/php_cosa.h
2025-08-11 04:58:00,252 - Knowledge - INFO - persist search terms embedding for source/Styles/xb3/code/includes/utility.php
2025-08-11 04:58:10,406 - Knowledge - INFO - done ingest for /app/data/rdk7542/90219/b413910/webui-90219/source/CcspPhpExtension/cosa.c
2025-08-11 04:58:10,510 - Knowledge - INFO - process ingested knowledge for /app/data/rdk7542/90219/b413910/webui-90219/source/CcspPhpExtension/cosa.c
2025-08-11 04:58:10,598 - Knowledge - INFO - Found code-base-name: https://github.com/kavia-common/webui-90219.git:kavia-master
2025-08-11 04:58:10,689 - Knowledge - INFO - Found code_base: <app.utils.kg_build.knowledge.KnowledgeCodeBase object at 0x7fac6214f850>
2025-08-11 04:58:10,804 - Knowledge - INFO - persist ingested knowledge for /app/data/rdk7542/90219/b413910/webui-90219/source/CcspPhpExtension/cosa.c
2025-08-11 04:58:11,834 - Knowledge - INFO - persist search terms embedding for source/CcspPhpExtension/cosa.c
2025-08-11 04:58:11,911 - Knowledge - INFO - Knowledge creation complete
2025-08-11 04:58:12,032 - Knowledge - INFO - Updating org costs, total cost: 0.17061059999999995
2025-08-11 04:58:12,464 - Knowledge - INFO - Saving knowledge to Redis...
2025-08-11 04:58:12,652 - Knowledge - INFO - Knowledge saved to Redis successfully
